Date,Open,High,Low,Close,Volume
2021-02-04,365.7843418366919,378.28978942085234,359.5316180446117,364.2211608886719,296042000
2021-02-05,370.4739199551669,384.5425498268821,367.34755776145244,378.2898254394531,225757600
2021-02-08,387.66883024622183,392.3583725475874,379.85292641061255,381.4161071777344,171974800
2021-02-09,386.1057309237394,386.1057309237394,375.1634632457386,378.2898254394531,124214600
2021-02-10,381.4161142985026,382.9792950948079,373.6002103169759,375.16339111328125,70872800
2021-02-11,375.16339337384255,384.54247820818864,373.60021256811825,379.8529357910156,79109900
2021-02-15,384.54247820818864,387.6688398196373,378.28975498529127,379.8529357910156,75301100
2021-02-16,379.8530065363104,386.1057309237394,376.7266443425959,378.2898254394531,72063600
2021-02-17,378.28979130114544,381.41615321272513,365.78434365482656,368.91070556640625,123787800
2021-02-18,368.9107151761968,375.16343916223406,364.22117218666887,367.3475341796875,68479800
2021-02-19,367.3475246106164,370.47388652219615,362.65798174324686,368.91070556640625,55397800
2021-02-22,373.6002821488814,384.5425498268821,370.4739199551669,378.2898254394531,168255300
2021-02-23,382.9793475772335,384.5425285877529,375.16344252463693,376.72662353515625,96889300
2021-02-24,379.8529937357842,381.41617477996436,370.4739074707031,370.4739074707031,74830000
2021-02-25,375.16339111328125,379.85293350219723,372.03702952067056,375.16339111328125,79549900
2021-02-26,368.91070556640625,373.60024843377585,367.3475246106164,368.91070556640625,89372000
2021-03-01,373.60026955906346,375.16345060324363,368.9107264265229,370.4739074707031,96722600
2021-03-02,375.16345060324363,381.41617477996436,370.4739074707031,370.4739074707031,125690800
2021-03-03,373.60026955906346,375.16345060324363,370.4739074707031,370.4739074707031,53347200
2021-03-04,370.47384180788134,386.10564947909995,368.9106610407595,381.4161071777344,242780100
2021-03-05,378.28979130114544,381.41615321272513,367.3475246106164,368.91070556640625,157251500
2021-03-08,372.0370771692154,375.16343916223406,365.7843531831782,367.3475341796875,73736900
2021-03-09,367.34752278471194,372.0370656287721,362.6579799406518,364.2211608886719,84429300
2021-03-10,367.3475131825504,370.47387499687,362.65797046107105,365.7843322753906,53621900
2021-03-12,372.0371010520241,382.9793687300249,370.4739199551669,378.2898254394531,170821500
2021-03-15,382.97932057245544,393.9215868745256,381.41613967215966,386.1056823730469,173813000
2021-03-16,389.2320110133437,390.7951917804656,376.7265648763688,381.4161071777344,99266400
2021-03-17,379.8529681694217,386.1056919252969,379.8529681694217,384.5425109863281,67741700
2021-03-18,389.2319788895254,397.0478820800781,386.1056176133043,397.0478820800781,174402800
2021-03-19,397.04797691932094,406.42706298828125,387.6688908503606,406.42706298828125,377618800
2021-03-22,407.99024233094445,418.9325093666403,400.17433730544747,401.7375183105469,178934000
2021-03-23,412.6797870342548,415.8061490572416,403.3007009652945,406.42706298828125,108812100
2021-03-24,400.174362244898,400.174362244898,381.4161890146684,382.9793701171875,139175600
2021-03-25,382.9793475772335,389.23207161931083,372.0370805035983,376.72662353515625,119051300
2021-03-26,379.85292641061255,382.97928794485625,375.1633841092469,381.4161071777344,58260700
2021-03-29,384.5425285877529,386.1057095982722,376.72662353515625,376.72662353515625,51416200
2021-03-30,376.72662015874334,376.72662015874334,365.7843531831782,367.3475341796875,93116600
2021-03-31,367.3475341796875,370.47389617270613,362.6579911901596,367.3475341796875,80881500
2021-04-01,367.3475246106164,375.1634293895657,365.78434365482656,368.91070556640625,51622400
2021-04-05,373.60026955906346,376.72663164742386,368.9107264265229,370.4739074707031,45262300
2021-04-06,375.1634632457386,378.2898254394531,368.9107388583097,378.2898254394531,48401800
2021-04-07,378.2897456434907,382.97928794485625,375.1633841092469,381.4161071777344,39520700
2021-04-08,381.41614910839047,384.54251098632807,376.726606291484,384.5425109863281,44812000
2021-04-09,381.4161665667142,384.5425285877529,376.72662353515625,376.72662353515625,38632200
2021-04-12,378.28979130114544,379.8529722569353,367.3475246106164,368.91070556640625,40274800
2021-04-13,368.9107134588833,370.4738944481159,362.6579895019531,362.6579895019531,61790200
2021-04-14,367.34755639750585,375.16346185277195,364.22119421539946,373.60028076171875,38916200
2021-04-15,373.6002598610245,375.1634408646271,365.7843548430114,372.0370788574219,38983700
2021-04-16,372.0370885148833,372.0370885148833,367.34754538234273,370.4739074707031,37678700
2021-04-19,370.4739074707031,376.72663164742386,367.34754538234273,370.4739074707031,81678100
2021-04-20,372.0370885148833,376.72663164742386,368.9107264265229,370.4739074707031,47902500
2021-04-21,367.3475246106164,372.037067477986,367.3475246106164,368.91070556640625,27795700
2021-04-22,370.47387499687,372.0370559040298,365.7843322753906,365.7843322753906,23846500
2021-04-23,367.3474871317545,376.7265719095866,367.3474871317545,375.16339111328125,43584100
2021-04-26,375.1634632457386,382.9793687300249,370.4739199551669,378.2898254394531,66246100
2021-04-27,382.9793687300249,384.5425498268821,375.1634632457386,378.2898254394531,50472900
2021-04-28,379.8529357910156,384.54247820818864,378.28975498529127,379.8529357910156,30395800
2021-04-29,382.97931321588646,393.9215793077689,381.41613234561754,392.3583984375,78611100
2021-04-30,392.35838679424734,393.9215676181288,386.10566349872147,389.2320251464844,54932900
2021-05-03,393.9215151879095,393.9215151879095,384.5424314929593,387.6687927246094,73385300
2021-05-04,387.6688046875,392.35834667968754,386.10562402343754,390.795166015625,90623400
2021-05-05,399.4713193502386,399.4713193502386,391.2177796942419,394.5191955566406,80251300
2021-05-06,394.51928157243043,401.1221147368226,391.2178649902344,391.2178649902344,52912600
2021-05-07,394.51928157243043,399.47140644572454,389.5671566991363,391.2178649902344,63337000
2021-05-10,394.5191955566406,399.4713193502386,392.8684876254413,394.5191955566406,45753000
2021-05-11,394.5191955566406,402.77273521263726,392.8684876254413,394.5191955566406,78403200
2021-05-17,399.47140644572454,401.1221147368226,389.5671566991363,391.2178649902344,69060200
2021-05-18,396.1699523925781,396.1699523925781,386.26570358276365,396.1699523925781,31413900
2021-05-19,394.5192138671875,394.5192138671875,387.9163818359375,387.9163818359375,23994100
2021-05-20,387.9164247431307,391.2178411239233,386.2657165527344,386.2657165527344,29580300
2021-05-21,392.86846845242087,394.5191763030613,382.96422134857835,384.61492919921875,45227600
2021-05-24,392.8684808139143,392.8684808139143,382.9642333984375,382.9642333984375,50015000
2021-05-25,387.9164247431307,394.5192575047159,384.6150083623381,386.2657165527344,78866700
2021-05-27,389.56705275114,392.86846845242087,384.61492919921875,384.61492919921875,84522000
2021-05-28,384.6150083623381,389.567132933527,382.9643001719418,386.2657165527344,43862200
2021-05-31,389.5670535303965,392.86846923828125,386.2656378225118,392.86846923828125,59786600
2021-06-02,394.5191907125806,415.9783935546875,394.5191907125806,415.9783935546875,221123100
2021-06-03,417.62915686035154,417.62915686035154,407.72490808105465,412.6770324707031,58947200
2021-06-04,411.0263124791587,415.9784367258956,399.4713559034394,406.0741882324219,58632800
2021-06-07,406.07412631086294,406.07412631086294,396.16987932767114,397.8205871582031,36090000
2021-06-08,402.7727908299974,407.7249153074154,397.8206663525794,399.47137451171875,46908800
2021-06-09,401.1220703125,404.4234865290638,397.8206540959362,401.1220703125,40082700
2021-06-10,406.07420714827606,409.3756234665547,399.4713745117187,399.47137451171875,39268300
2021-06-11,404.42351308612314,445.6912185030745,404.42351308612314,434.1362609863281,386854000
2021-06-14,435.7869140625,442.38974609375,427.5333740234375,437.4376220703125,107804300
2021-06-15,435.78688946207063,435.78688946207063,422.58122614503816,432.4854736328125,109048500
2021-06-16,429.18417872493836,462.1983463191644,425.8827619655158,460.5476379394531,264328700
2021-06-17,457.24616807325305,463.84900082521335,447.3419189453125,447.3419189453125,81946100
2021-06-18,447.341844864474,453.9446765229902,424.23193405966725,432.4854736328125,149122700
2021-06-21,425.8826721428897,430.83479623757444,412.67700789039696,424.2319641113281,84475900
2021-06-22,427.53342916799147,434.1362620508948,420.93059628508814,425.8827209472656,77750600
2021-06-23,430.83476475306924,434.1361805749318,414.32768564375624,415.9783935546875,73515700
2021-06-24,415.97839943759413,419.2798153061465,404.42344389766095,411.0262756347656,52732300
2021-06-25,414.3277159219586,427.5333801744513,407.72488379571223,424.2319641113281,106349300
2021-06-28,429.18412057976974,430.8348287358458,406.07420639470524,407.72491455078125,71317300
2021-06-29,406.07419463734567,411.0263189621914,397.8206540959362,401.1220703125,46827300
2021-06-30,401.12200281926704,404.42341848033095,392.8684636666072,397.8205871582031,76460900
2021-07-01,402.77271064979897,409.37554197192685,394.51917149713915,397.8205871582031,53853700
2021-07-02,402.77273026723714,419.27980937655013,397.82060653444324,415.9783935546875,115326200
2021-07-05,417.6291634872375,417.6291634872375,406.07420639470524,407.72491455078125,50259700
2021-07-06,415.9784716229106,429.1841373887173,414.3277634021848,425.8827209472656,83567200
2021-07-07,420.9305731201172,420.9305731201172,406.07419995117186,412.6770324707031,72700000
2021-07-08,412.67704572833946,412.67704572833946,399.4713802650326,402.7727966308594,50605000
2021-07-09,406.07419995117186,414.3277406005859,401.12207556152345,412.6770324707031,46284000
2021-07-12,419.2798716433135,419.2798716433135,407.72491455078125,407.72491455078125,43425000
2021-07-13,409.3756043969131,411.0263124791587,402.77277206793065,406.0741882324219,30860600
2021-07-14,406.0742129966861,414.32775391125284,401.122088447946,402.7727966308594,57171600
2021-07-15,401.1220761668925,409.37561682876276,401.1220761668925,404.4234924316406,45141600
2021-07-16,409.3756103515625,415.97844277658766,404.42348603279356,409.3756103515625,44257000
2021-07-19,412.6770324707031,417.62915686035154,409.3756162109375,412.6770324707031,47573900
2021-07-21,415.97844277658766,415.97844277658766,407.72490224530617,409.3756103515625,50329700
2021-07-22,412.6770362425386,442.38978285200136,409.3756199525983,440.73907470703125,178204200
2021-07-23,440.7391192556798,440.7391192556798,427.5334527611276,430.8348693847656,69244900
2021-07-26,429.1840696334839,432.48548555374146,420.93052983283997,422.58123779296875,55386900
2021-07-27,425.8827277688419,430.83485251034006,415.9784782858456,420.93060302734375,31381500
2021-07-28,422.58120078740154,424.23190860297734,414.3276617095226,419.27978515625,46422700
2021-07-29,424.2319580078125,444.0404541015625,420.9305419921875,437.4376220703125,103637900
2021-07-30,437.4376584170909,450.64332357685214,427.53340954726997,440.73907470703125,116435600
2021-08-02,444.0404960465257,458.8968695202013,442.38978788278393,452.2940368652344,86145100
2021-08-03,452.29390123155383,452.29390123155383,444.04036288791235,445.6910705566406,61492100
2021-08-04,445.6911075816435,450.6432309992173,444.04039977578554,448.9925231933594,30115900
2021-08-05,448.9926100510818,452.29402630145734,429.1841125488281,429.1841125488281,99527400
2021-08-06,432.485553830169,437.4376784923465,424.23201272653984,425.8827209472656,41862500
2021-08-09,430.83482067401593,442.38977755033056,425.8826962984526,429.1841125488281,56861800
2021-08-10,435.7869381121735,445.691186705632,429.1841057165345,442.3897705078125,82237200
2021-08-12,445.6912263910821,467.1504335876898,444.04051814518925,465.4997253417969,185580600
2021-08-13,468.80114305406704,472.1025595544478,452.2940605521633,457.2461853027344,71600800
2021-08-16,457.2461739005624,462.1982985276443,447.3419246463985,450.6433410644531,47327100
2021-08-18,448.9926029034515,453.9447272001807,437.43764621108323,442.3897705078125,68965200
2021-08-19,442.3897271469293,447.34185095827553,427.5333557128906,427.5333557128906,61887100
2021-08-20,425.8826909121789,430.8348152251112,415.97844228631425,417.629150390625,88174800
2021-08-23,417.6291788195476,435.7869692030062,417.6291788195476,434.1362609863281,61341500
2021-08-24,442.38972012958834,442.38972012958834,412.6769777328249,415.9783935546875,127792400
2021-08-25,419.27985251377305,422.5812686752988,414.3277282714844,414.3277282714844,65065500
2021-08-26,419.2798218727112,425.8826537132263,412.67699003219604,422.58123779296875,62480500
2021-08-27,422.5812311746988,422.5812311746988,411.0262756347656,411.0262756347656,70195900
2021-08-30,415.97844754732574,429.1841125488281,415.97844754732574,429.1841125488281,79496000
2021-08-31,432.4854726640005,432.4854726640005,415.9783935546875,415.9783935546875,82451800
2021-09-01,422.58126183712125,435.78692626953125,420.93055378306997,435.78692626953125,133083800
2021-09-02,437.43763432358253,444.04046653978753,429.18409405332625,435.78692626953125,82690300
2021-09-03,440.7390861933522,448.9926271333026,437.437669817372,447.3419189453125,107931100
2021-09-06,450.6433410644531,455.5954656915351,445.6912164373712,450.6433410644531,61146600
2021-09-07,450.64339143547426,452.2940998290108,442.3898494677916,444.0405578613281,31543200
2021-09-08,444.04047261861933,448.99259684856673,437.4376403120228,439.0883483886719,68516800
2021-09-09,442.3898000193166,452.2940492734804,439.088383601262,450.6433410644531,83497400
2021-09-10,452.29390123155383,453.94460890028216,444.04036288791235,445.6910705566406,61919000
2021-09-13,445.691186705632,445.691186705632,439.088354309993,442.3897705078125,26391100
2021-09-14,445.69122755140177,460.5476018031152,444.0405193012114,457.2461853027344,98476700
2021-09-15,453.9446357342837,465.4995900984291,450.6432202016707,458.8967590332031,136898100
2021-09-16,460.54746679950966,465.4995900984291,453.9446357342837,458.8967590332031,50599200
2021-09-17,452.2940317218223,452.2940317218223,434.1362421271506,440.73907470703125,101975300
2021-09-20,439.08834237763375,444.04046653978753,434.13621821548,435.78692626953125,50111200
2021-09-21,435.78701589364545,448.9926830419377,430.8348907130358,444.0405578613281,64966900
2021-09-22,447.34184058053154,465.4996274675642,444.04042478288926,462.1982116699219,133762600
2021-09-23,465.49965212117655,477.0546080248937,458.8968201761953,467.1503601074219,146626700
2021-09-24,472.1025193277995,500.16455718994143,470.4518112182617,495.2124328613281,303647800
2021-09-27,500.1645018722838,515.0208732150248,496.8630860183413,498.5137939453125,158865800
2021-09-28,528.2265849497127,589.3027838345232,528.2265849497127,574.4464111328125,503914800
2021-09-29,574.4463990677234,592.604187544002,562.8914427646371,567.8435668945312,246864600
2021-09-30,571.1450066999956,595.9056283777411,571.1450066999956,581.0492553710938,267379500
2021-10-01,586.0013306006957,604.1591183094497,574.4463747860341,587.6520385742188,176722300
2021-10-04,604.1591668898059,627.2690803773942,604.1591668898059,614.0634155273438,235058800
2021-10-05,633.871862192623,653.6803578861425,594.254870805584,604.1591186523438,347837200
2021-10-06,635.5225452085602,642.1253768470908,610.7619265640709,615.7140502929688,274437500
2021-10-07,589.3027964655192,589.3027964655192,572.7957153320312,572.7957153320312,423593500
2021-10-08,571.1449357970687,599.2069702148438,567.8435199832128,599.2069702148438,247024500
2021-10-11,600.857738046671,633.8718994778068,599.2070299751142,632.22119140625,343765900
2021-10-12,635.5225580756797,640.4746819048408,614.0633548159815,622.31689453125,263636400
2021-10-13,622.3169560586252,627.2690803773942,607.4605831023185,614.0634155273438,176095000
2021-10-14,612.4126586914062,622.316906540863,607.4605347666779,612.4126586914062,129722500
2021-10-15,614.0634155273438,622.3169560586252,605.8098749960623,614.0634155273438,153446000
2021-10-18,609.1112548828125,625.6183349609375,604.159130859375,619.0155029296875,124022900
2021-10-19,610.7619507164968,617.3647826161346,605.8098267917685,612.4126586914062,89410600
2021-10-21,590.9535788511619,594.2549954927885,572.7957873222156,579.3986206054688,250080900
2021-10-22,548.0350936317993,577.7478396720777,543.082969291753,572.7957153320312,219166100
2021-10-25,590.9534167095719,594.2548324453796,569.4942144268222,576.0970458984375,140497900
2021-10-26,586.0014287067878,589.3028452065444,574.4464709576399,582.7000122070312,138384200
2021-10-27,582.6999143038182,582.6999143038182,571.1449584960938,571.1449584960938,95389000
2021-10-28,564.5421258657257,564.5421258657257,536.4800903694761,538.1307983398438,289795800
2021-10-29,531.5279083251953,559.5899407523019,529.8772005353655,554.6378173828125,100719500
2021-11-01,546.3843865550236,564.5421758363085,539.781554089102,556.2886352539062,82111500
2021-11-02,548.0351325037994,554.637965425532,543.0830078125,543.0830078125,44420500
2021-11-03,543.0829345703125,554.637890625,543.0829345703125,552.9871826171875,49009600
2021-11-04,561.24072265625,571.144970703125,552.9871826171875,552.9871826171875,90998600
2021-11-05,544.7337160429331,549.6858407342326,539.7815913516338,543.0830078125,57505000
2021-11-08,544.7336544610757,564.542150986933,544.7336544610757,559.5900268554688,58662000
2021-11-09,567.8436655173203,576.0972071672815,561.2408321973516,562.8915405273438,62964100
2021-11-10,554.6378542205991,564.5421016173955,551.3364384216669,557.9392700195312,36025600
2021-11-11,552.9872190209454,559.5900514868672,548.0350946715041,556.2886352539062,49884600
2021-11-12,557.9393433703867,561.2407596033476,549.6858027879846,556.2886352539062,35072500
2021-11-15,554.6378651494565,556.2885730814489,526.5758303055852,531.5279541015625,117468000
2021-11-16,521.6237543537152,538.1308351876935,521.6237543537152,533.1787109375,46592500
2021-11-17,534.8293583567549,546.3843136298947,528.2265267721036,541.4321899414062,95085400
2021-11-18,534.82939453125,543.0829345703125,531.527978515625,536.4801025390625,48501400
2021-11-19,539.7815913516338,549.6858407342326,536.4801748907676,543.0830078125,42127500
2021-11-22,543.082897837569,548.0350215260576,531.5279425644293,541.4321899414062,36598500
2021-11-23,549.685873887406,566.1929571873281,541.432332237445,562.8915405273438,116464400
2021-11-24,567.843567074576,571.1449831622189,559.5900268554688,559.5900268554688,100386500
2021-11-25,564.5420908231106,577.7477537663412,557.9392593514954,576.0970458984375,59282300
2021-11-26,569.4942499719717,571.144957942905,541.4322144661065,546.3843383789062,83519800
2021-11-29,541.4321910248706,561.2406858184634,531.5279436280741,557.9392700195312,76424500
2021-11-30,551.3365345674403,571.1450328153722,549.6858263801126,561.2407836914062,161819600
2021-12-01,571.1450790014022,586.001453888722,561.2408290765225,579.3986206054688,146798700
2021-12-02,581.0491950103591,600.8576902948032,581.0491950103591,597.5562744140625,147912000
2021-12-03,595.9055544009879,605.8098018425555,590.9534306802041,599.2069702148438,93276700
2021-12-06,599.2070996349395,633.8719731675393,597.5563913714823,630.570556640625,251957100
2021-12-07,630.5704467453043,633.8718626968504,617.3647829391199,628.9197387695312,265246000
2021-12-08,633.8719358766234,638.8240603756595,627.2691032112419,635.5226440429688,356201700
2021-12-09,637.1732057872052,647.0774525092861,635.5224980001917,638.8239135742188,282019600
2021-12-10,637.1733032862345,640.4747193654377,620.666222890218,633.8718872070312,254321600
2021-12-13,637.1733032862345,640.4747193654377,628.9197630882263,633.8718872070312,165209600
2021-12-14,630.5704711278279,637.1733032862345,617.3648068110148,633.8718872070312,205410600
2021-12-15,633.8718866027227,676.7902955914487,630.5704705266669,666.8860473632812,539995200
2021-12-16,673.4888916015625,686.6945561427696,658.6325189927045,673.4888916015625,205002000
2021-12-17,676.7903442382812,680.0917605516388,670.1875116115664,676.7903442382812,156302400
2021-12-20,670.1875116115664,676.7903442382812,660.283262671494,676.7903442382812,100364400
2021-12-21,676.7904130467829,713.1059961858786,673.4889963977743,699.9003295898438,176897200
2021-12-22,723.010169592569,723.010169592569,689.9960065974745,709.8045043945312,191706000
2021-12-23,716.4073369935501,719.7087532930595,699.9002554960028,709.8045043945312,105060800
2021-12-24,709.8045142921242,739.5172614020271,703.2016816010347,732.9144287109375,251933600
2021-12-27,736.2158214324112,746.1200701512329,719.708740234375,719.708740234375,124062200
2021-12-28,719.7087492569633,762.6271609099015,719.7087492569633,759.3257446289062,295605000
2021-12-29,759.3257200563108,769.2299685787846,746.1200553596794,762.6271362304688,171340700
2021-12-30,773.3260232204861,805.2523269314236,766.2312890625,798.1575927734375,235360400
2022-01-03,769.7786702989023,844.2733803278284,769.7786702989023,840.7260131835938,175091000
2022-01-04,840.7259152619736,844.2732819930368,794.6101477581523,815.8943481445312,241943400
2022-01-05,826.5364698682512,833.631203515189,791.0628016335623,794.6101684570312,125371600
2022-01-06,791.062781027089,819.4417148755945,783.9680475649627,815.8943481445312,245581000
2022-01-07,822.9890970614713,869.104865431295,812.3469966684349,862.0101318359375,272389200
2022-01-10,862.0101425170899,862.0101425170899,833.631207784017,851.3680419921875,123417100
2022-01-11,865.5574679904514,876.1995680067274,826.5364345974392,830.0838012695312,124218800
2022-01-12,830.083811574168,840.7259117225548,815.8943447096523,819.4417114257812,122477500
2022-01-13,826.5363930150082,844.2732254831415,808.799560546875,808.799560546875,137848400
2022-01-14,815.8943586307475,826.5364589607138,798.1575247474703,805.2522583007812,173258000
2022-01-17,815.8943621880186,822.9890957722622,783.9680610589222,801.7048950195312,119048500
2022-01-18,812.3470098821966,819.4417435929582,773.3259744730082,787.5154418945312,180286700
2022-01-19,787.5153775749719,801.704843837584,780.4206444436659,791.062744140625,152019800
2022-01-20,791.0627776967498,837.1785450064258,791.0627776967498,819.4417114257812,213577600
2022-01-21,819.4417114257812,819.4417114257812,801.7048778451366,819.4417114257812,98844900
2022-01-24,815.8943586307475,833.6311925140246,798.1575247474703,805.2522583007812,94316300
2022-01-25,801.7049129710479,805.2522798426012,766.2312442555148,783.9680786132812,158258600
2022-01-26,787.5154454848346,794.6101792279412,773.3259779986214,783.9680786132812,97679400
2022-01-27,780.4206775483631,819.4417114257812,776.8733108322341,819.4417114257812,142280600
2022-01-28,822.9890265213816,822.9890265213816,794.6100945723684,808.799560546875,104574100
2022-01-31,815.8943693978446,819.4417362213135,783.9680679866245,794.6101684570312,76748000
2022-02-02,801.7049129710479,812.3470135857078,773.3259779986214,783.9680786132812,100091000
2022-02-03,783.9680750391504,794.6101756052927,769.7786076176274,787.5154418945312,111391600
2022-02-04,787.5154564533758,794.6101902952981,769.7786218485701,773.3259887695312,96179700
2022-02-07,780.4205932617188,798.1574249267578,773.3258605957031,780.4205932617188,113939600
2022-02-08,780.4205932617188,787.5153259277344,773.3258605957031,780.4205932617188,111772600
2022-02-09,787.5154454848346,805.2522798426012,773.3259779986214,783.9680786132812,199270200
2022-02-10,780.42073002568,791.0628308896665,762.6838952523691,766.2312622070312,114009500
2022-02-11,766.2312585505473,780.4207263014833,748.4944238618772,769.7786254882812,102593600
2022-02-14,769.7785447467068,805.2522104032371,769.7785447467068,791.062744140625,127682400
2022-02-15,798.1575778478098,815.8944129110945,783.968109797182,812.3470458984375,137023900
2022-02-16,815.8943693978446,815.8943693978446,794.6101684570312,794.6101684570312,70237000
2022-02-17,791.062808749912,798.1575424606735,773.3259744730082,787.5154418945312,140157700
2022-02-18,780.4207011631556,808.7996357509068,776.8733343396867,794.6101684570312,84280000
2022-02-21,801.7049093160543,801.7049093160543,780.4207081837696,787.5154418945312,86719000
2022-02-22,791.062744140625,801.704843837584,773.3259113123598,791.062744140625,91334200
2022-02-23,805.2521814806707,833.6311129865975,794.6100821659483,822.989013671875,140574200
2022-02-24,833.6311807940083,879.7469482421875,822.9890806136592,879.7469482421875,286836000
2022-02-25,893.9364885602679,918.768057686942,869.1049194335939,869.1049194335938,218034600
2022-03-01,908.125968992248,964.8838420542635,886.8417665939922,915.220703125,357287400
2022-03-02,954.2418549636315,971.978692416487,904.5787100956358,925.8629150390625,208447200
2022-03-04,964.8837954872532,1081.9469030279863,950.6943279065583,1078.3995361328125,408953900
2022-03-07,1117.4205017089844,1159.9889017740886,1092.5889350043403,1149.3468017578125,402645000
2022-03-08,1138.7047436053936,1138.7047436053936,1078.3995079627405,1106.7784423828125,257703500
2022-03-09,1106.7785803064123,1117.420682040128,1050.020704393263,1092.589111328125,187471500
2022-03-10,1057.1153564453125,1089.0416591567482,1018.0943197980024,1057.1153564453125,236733800
2022-03-11,1021.6417968750001,1096.1365112304688,1021.6417968750001,1064.210205078125,121344700
2022-03-14,1060.6626676607304,1071.3047680051525,989.71533203125,989.71533203125,168857700
2022-03-15,943.599651266288,989.7154236965954,940.0522841562644,961.3364868164062,223378600
2022-03-16,957.7890793820645,1003.9048498708306,954.2417124213902,1000.3574829101562,126976100
2022-03-17,993.2627790687728,1000.3575132049784,968.4312095920535,971.9785766601562,86651700
2022-03-18,975.5257662604837,1014.546796910903,964.8836669921875,964.8836669921875,368469400
2022-03-21,971.9783998377183,982.6204991060144,957.7889341466566,964.8836669921875,123851100
2022-03-22,971.9784349714007,1014.5468335832868,971.9784349714007,993.2626342773438,124250600
2022-03-23,1003.9047339303153,1021.6415666852679,975.5258015223911,993.2626342773438,122391700
2022-03-24,1007.4521950615778,1028.7363963656956,996.8100944095188,1021.6416625976562,109233400
2022-03-25,1021.6416846742021,1021.6416846742021,996.810115949482,1000.3574829101562,89246500
2022-03-28,1000.3573480352654,1021.6415469296328,1000.3573480352654,1014.5468139648438,81634700
2022-03-29,1021.6417672608304,1021.6417672608304,979.0733602916291,982.6207275390625,105824700
2022-03-30,982.6206382637594,993.2627390391791,943.5996020872201,950.6943359375,98915700
2022-03-31,954.2418212890625,979.0733928467704,950.6944539236756,954.2418212890625,77639300
2022-04-01,954.2416575150135,1003.9047921068728,954.2416575150135,996.81005859375,104011500
2022-04-04,996.8100585937501,1018.0942591331184,986.1679583240659,996.81005859375,59731800
2022-04-05,1010.9996948242189,1071.3049397786458,1003.904960123698,1064.210205078125,193461300
2022-04-06,1067.757305132838,1092.5888703684852,1064.2099386706025,1089.04150390625,172811700
2022-04-07,1085.4942662973874,1089.041633180712,1057.115331230789,1081.9468994140625,93814700
2022-04-08,1078.39961184731,1131.6101190108286,1074.8522447030755,1120.968017578125,177072400
2022-04-11,1120.9677796576434,1138.7046116142517,1099.6835813097134,1113.873046875,131718000
2022-04-12,1113.873046875,1117.4204132663217,1085.4941157444268,1113.873046875,132026200
2022-04-13,1131.6099328795476,1188.3677978515625,1131.6099328795476,1188.3677978515625,226429500
2022-04-14,1188.367811128092,1188.367811128092,1163.5362449254153,1174.1783447265625,112905400
2022-04-18,1174.1783514051815,1188.3678178874193,1149.3467850612653,1167.0836181640625,95118100
2022-04-19,1167.083747700449,1181.2732157575974,1152.894279643301,1159.989013671875,95535700
2022-04-20,1174.1783719372825,1195.4625720328222,1120.9678716984326,1145.7994384765625,134836900
2022-04-21,1159.989013671875,1227.3889869433294,1156.4416466575879,1159.989013671875,187585800
2022-04-22,1152.894178729191,1159.9889121367553,1120.9678783951517,1138.7047119140625,107246100
2022-04-25,1128.062611802716,1142.2520786178445,1099.6836781724592,1138.7047119140625,107045500
2022-04-26,1142.2522204435325,1152.894321876236,1092.5890804242483,1120.968017578125,152153700
2022-04-27,1110.325791801188,1145.7994592708744,1103.2310583072506,1124.5152587890625,94218600
2022-04-28,1138.7046691529051,1195.4625342820218,1135.1573025823352,1184.8204345703125,182939300
2022-05-09,1199.0100947512856,1209.6521961839894,1110.3259161454214,1120.968017578125,247786700
2022-05-10,1089.0416188656707,1113.8731867225426,1057.1153173354066,1096.1363525390625,198152000
2022-05-11,1096.136331612723,1145.7994663783481,1096.136331612723,1117.4205322265625,134040900
2022-05-12,1117.4205322265625,1142.252099609375,1092.5889648437499,1117.4205322265625,233115300
2022-05-13,1138.7047119140625,1152.894178729191,1106.7784115800234,1138.7047119140625,168962700
2022-05-17,1168.9070991847827,1213.436893439441,1161.4854668090063,1194.8828125,148618000
2022-05-18,1206.0153877473551,1213.4370209027234,1150.3531390820926,1183.75048828125,128274700
2022-05-19,1165.1964146653938,1180.0396810942525,1131.7990652004623,1154.06396484375,166293000
2022-05-20,1161.485460356283,1254.2558645380948,1161.485460356283,1228.2801513671875,205840300
2022-05-23,1243.1234285869295,1243.1234285869295,1154.063839673239,1168.9071044921875,177893100
2022-05-24,1176.3288539886476,1198.5937534332274,1161.4855876922607,1187.4613037109375,112162400
2022-05-25,1172.6178002142137,1172.6178002142137,1139.2204578030494,1150.3529052734375,96617800
2022-05-27,1172.6180419921875,1183.750491757936,1161.485592226439,1172.6180419921875,84743400
2022-05-30,1176.3288705863204,1180.0396872127758,1124.3774378159467,1135.5098876953125,146193800
2022-05-31,1161.4855800243693,1220.8586448179474,1150.3531303755735,1213.43701171875,286452200
2022-06-02,1209.7259495823948,1243.12329174878,1187.461054804805,1235.70166015625,185774500
2022-06-03,1235.7016535672276,1324.7612322027035,1217.1475746848366,1306.2071533203125,258029000
2022-06-06,1306.2072796242774,1332.1829925713512,1276.5207505419075,1283.9423828125,128510900
2022-06-07,1317.339714990903,1376.712772567958,1309.9180827937714,1354.4478759765625,225695700
2022-06-08,1354.4477545788136,1365.5802018767217,1332.1828599829976,1347.026123046875,118444400
2022-06-09,1347.0262471516926,1369.291143798828,1335.893798828125,1335.893798828125,106573000
2022-06-10,1321.0506730594022,1332.183122551476,1272.81005859375,1272.81005859375,151998900
2022-06-13,1231.9911037911443,1231.9911037911443,1183.75048828125,1183.75048828125,202113000
2022-06-14,1176.328728611484,1213.4368903973352,1154.0638315399733,1209.72607421875,219656500
2022-06-15,1209.7260918868217,1213.4369081196032,1128.088134765625,1128.088134765625,247557600
2022-06-16,1142.931520948223,1176.3288705863204,1128.0882544424019,1135.5098876953125,243268700
2022-06-17,1120.666638518033,1124.3774552018676,1065.0043882605148,1083.5584716796875,229958000
2022-06-20,1083.5582271224403,1094.6906746613695,1061.2933320445818,1087.26904296875,115058200
2022-06-21,1113.2449914913366,1139.2207079594677,1102.1125415764234,1124.37744140625,189107600
2022-06-22,1124.37744140625,1146.6423412360768,1105.8233582147277,1124.37744140625,201749700
2022-06-23,1124.3772010024713,1124.3772010024713,1072.4257791739744,1090.9798583984375,145531100
2022-06-24,1102.112548828125,1120.6666321417297,1094.690915502683,1102.112548828125,103050300
2022-06-27,1102.1124275826119,1113.2448763460727,1068.7150812922298,1098.401611328125,89273500
2022-06-28,1109.5340609275688,1113.2448771848517,1087.2691633838717,1094.6907958984375,74114300
2022-06-29,1079.8475375823443,1102.1124352644545,1065.0042724609375,1065.0042724609375,69188200
2022-06-30,1042.7392556784037,1083.5582300999781,1042.7392556784037,1061.2933349609375,109157800
2022-07-01,1061.2933412439684,1079.8474206363453,1005.6311030668371,1009.3419189453125,105599200
2022-07-04,1009.3421564756318,1050.1611407448668,987.0772559651399,1027.896240234375,117849700
2022-07-05,1050.161006503635,1090.979985555013,1046.450190226237,1068.715087890625,135385800
2022-07-06,1057.582774248364,1057.582774248364,1009.3421564756318,1027.896240234375,82120100
2022-07-07,1027.896240234375,1042.7395072413697,1009.3421564756318,1027.896240234375,70438600
2022-07-08,1057.5825203939376,1068.7149679770318,1046.4500728108435,1050.160888671875,90522000
2022-07-11,1053.8717045329063,1065.0041521160003,1039.028441088781,1050.160888671875,52681800
2022-07-12,1061.2935715766803,1102.1125550988602,1053.8719382090112,1083.5584716796875,142532100
2022-07-13,1094.6906746613695,1109.5339380466082,1076.1365954298208,1087.26904296875,99629700
2022-07-14,1079.8474112761305,1098.4014905076792,1068.7149637372013,1087.26904296875,97805600
2022-07-15,1072.4259148196898,1076.1367311339447,1024.185302734375,1024.185302734375,98942900
2022-07-18,1024.185300109207,1039.028565328181,1013.0528511949764,1035.3177490234375,68984100
2022-07-19,1039.028552039195,1098.4016121557204,1024.1852870100636,1094.6907958984375,127898100
2022-07-20,1105.8231185003622,1124.3771976698313,1105.8231185003622,1120.6663818359375,99298600
2022-07-21,1128.0880135037253,1131.798829337619,1102.1123026664684,1120.6663818359375,73196600
2022-07-22,1128.0882580445545,1142.9315245977723,1109.5341748530323,1124.37744140625,94295700
2022-07-25,1131.798826156124,1157.7745369203628,1128.0880103326613,1150.3529052734375,134979600
2022-07-26,1165.1964088150219,1176.3288585807704,1157.774775637856,1172.6180419921875,83178500
2022-07-27,1187.4611756859756,1224.5693374261625,1180.0395433379383,1217.147705078125,130334900
2022-07-28,1220.8585212521436,1235.7017859482185,1206.015256556069,1217.147705078125,94451400
2022-07-29,1224.5693396935096,1243.1234205979567,1198.5936264272837,1206.0152587890625,85291200
2022-08-01,1209.7260676597482,1250.5450454028685,1202.3044353428172,1243.1234130859375,146347800
2022-08-02,1243.1232975413964,1246.834113354953,1180.0394287109375,1180.0394287109375,112428800
2022-08-03,1183.7503573599179,1235.7017837017324,1180.0395411926454,1228.2801513671875,114505400
2022-08-04,1228.28028721346,1228.28028721346,1172.6180385481975,1183.75048828125,109420800
2022-08-05,1165.196289842502,1176.3287384715707,1150.353025003744,1161.4854736328125,124725800
2022-08-08,1146.6423351733715,1161.4856016481078,1124.3774354612672,1142.9315185546875,94030900
2022-08-09,1154.0638412134335,1176.3287384715707,1150.353025003744,1161.4854736328125,86949000
2022-08-10,1168.906982810634,1183.7502460844198,1157.7745353552946,1165.1961669921875,81369800
2022-08-11,1198.5936341300842,1206.0152665395585,1168.9071044921875,1168.9071044921875,127285200
2022-08-12,1172.6180385481975,1191.1721214366185,1161.485588815145,1183.75048828125,73526600
2022-08-15,1194.8829415236848,1202.3045747008505,1168.9072254036046,1172.6180419921875,53868300
2022-08-16,1172.6179206969246,1183.7503693111357,1157.774655877976,1168.9071044921875,48691000
2022-08-18,1180.0395455228365,1217.1477073317308,1176.328729341947,1206.0152587890625,84704200
2022-08-19,1213.4368911508413,1228.280155874399,1202.304442608173,1206.0152587890625,73447800
2022-08-22,1220.858531358507,1224.569347563244,1165.1962882874502,1168.9071044921875,90711300
2022-08-23,1176.328722233559,1254.255861561334,1172.6179060750933,1243.1234130859375,175076900
2022-08-24,1235.701895705416,1269.099244237995,1213.4369966836969,1265.388427734375,116927600
2022-08-25,1265.388427734375,1287.6533267560942,1250.5451617198955,1265.388427734375,88737600
2022-08-26,1272.8100607416147,1280.2316937488545,1257.9667947271353,1265.388427734375,55022600
2022-08-29,1254.25585373013,1287.6531989477962,1235.7017730536488,1283.9423828125,79496800
2022-08-30,1358.1588258904926,1373.0020917472193,1309.918211856131,1313.6290283203125,160702700
2022-08-31,1302.4965789277676,1324.7614777128576,1291.3641295352224,1313.6290283203125,101731600
2022-09-01,1321.0505278716216,1387.8452174831082,1313.6288956925675,1373.001953125,162099600
2022-09-02,1391.5560283358136,1421.2425569403108,1380.423580109127,1402.6884765625,133943800
2022-09-05,1402.6886904127248,1502.8807397279195,1395.2670571301178,1495.4591064453125,194748100
2022-09-06,1514.0129418703589,1543.6994701423268,1491.7480456663832,1499.169677734375,107870400
2022-09-07,1491.748046875,1502.8804949860073,1465.7723346159826,1491.748046875,92963400
2022-09-08,1473.1939715855012,1484.3264197335025,1447.2182592401648,1462.0615234375,88447400
2022-09-09,1454.6400118670888,1473.1940936511078,1432.375113726266,1465.7724609375,73341100
2022-09-12,1469.4831536819113,1480.6156018158651,1447.2182574140036,1473.1939697265625,74852000
2022-09-13,1473.1939672912445,1491.7480474838294,1465.7723352142104,1488.0372314453125,71375900
2022-09-14,1484.3264154067954,1499.1696795608634,1462.0615191756935,1488.0372314453125,79037100
2022-09-15,1499.1697980006927,1554.832042975966,1499.1697980006927,1506.5914306640625,120755300
2022-09-16,1502.8806264163884,1502.8806264163884,1458.350830078125,1458.350830078125,121776100
2022-09-19,1465.7723413647898,1469.483157418878,1432.374996877997,1450.9290771484375,134433200
2022-09-20,1458.350710518256,1473.1939747474494,1432.3749981171675,1443.5074462890625,63910800
2022-09-21,1439.7966289861731,1458.3507092566135,1410.1101005534686,1450.9290771484375,67111800
2022-09-22,1450.9291822479993,1528.8563250285822,1443.5075496022293,1521.4346923828125,150225400
2022-09-23,1502.880615234375,1514.0130642361112,1488.037349898727,1502.880615234375,77100300
2022-09-26,1462.0614038971423,1462.0614038971423,1421.242430691892,1432.3748779296875,163896500
2022-09-27,1447.2182610943494,1462.0615253107017,1436.0858129320852,1450.9290771484375,89367200
2022-09-28,1447.218140594719,1469.483035065407,1432.3748776142602,1436.085693359375,72114400
2022-09-29,1447.218379153481,1473.1940936511078,1447.218379153481,1465.7724609375,91134100
2022-09-30,1454.639890112058,1469.483154296875,1436.085809881037,1469.483154296875,104670300
2022-10-03,1458.3507061582625,1484.326418481692,1454.639890112058,1469.483154296875,54514500
2022-10-04,1480.6155928824712,1528.856201171875,1480.6155928824712,1528.856201171875,145080300
2022-10-05,1536.2779594870174,1547.4104084688074,1514.0130615234375,1514.0130615234375,57945800
2022-10-06,1514.0130597370426,1577.096937226086,1499.169794445503,1521.4346923828125,159208200
2022-10-07,1521.4345679536534,1547.4102800894475,1514.012935914855,1536.27783203125,49875500
2022-10-10,1502.8806273791256,1502.8806273791256,1454.6400146484375,1454.6400146484375,107867500
2022-10-11,1458.350830078125,1465.7724628011688,1443.5075646320372,1458.350830078125,59752100
2022-10-12,1469.4830310058594,1502.880372619629,1469.4830310058594,1484.3262939453125,101116400
2022-10-13,1517.7237591340172,1517.7237591340172,1488.0372308379974,1491.748046875,53264100
2022-10-14,1484.326542721519,1502.880624505538,1465.7724609375,1465.7724609375,45091900
2022-10-17,1465.7723382506708,1469.483154296875,1447.2182580196497,1469.483154296875,42063700
2022-10-18,1476.9046668808696,1484.3262983727332,1424.953246437824,1432.3748779296875,95622800
2022-10-19,1428.6641852060955,1439.7966334025066,1410.1101048787434,1424.953369140625,69215500
2022-10-20,1424.9532421875,1484.3262939453125,1421.242426452637,1484.3262939453125,119895500
2022-10-21,1476.9047863892836,1491.7480505741005,1465.7723382506708,1469.483154296875,37327700
2022-10-24,1473.194096467933,1480.615729195731,1450.9291982845384,1454.6400146484375,47873100
2022-10-25,1443.5075693032177,1454.640018423808,1424.953487435567,1439.7967529296875,74608100
2022-10-26,1439.7967482705153,1465.7724628011688,1428.6642991859494,1458.350830078125,73155800
2022-10-27,1465.7723370269316,1491.7480493286746,1454.6398888976132,1476.90478515625,81920000
2022-10-28,1484.3264216352302,1484.3264216352302,1447.2182610943494,1450.9290771484375,54061300
2022-10-31,1462.0615209838254,1476.90478515625,1454.6398888976132,1476.90478515625,76758600
2022-11-01,1462.0615358072916,1462.0615358072916,1380.4235820312501,1391.5560302734375,175308100
2022-11-02,1391.5561533229236,1417.5318681849515,1369.2912548697568,1387.8453369140625,101047500
2022-11-03,1387.8452141927085,1413.8209267578125,1384.1343981119792,1391.5560302734375,57965500
2022-11-04,1384.1343981119792,1406.3992945963541,1376.7127659505209,1391.5560302734375,84299700
2022-11-07,1391.5559056533534,1421.242431640625,1384.1342741565356,1421.242431640625,74309100
2022-11-08,1410.1099866501827,1410.1099866501827,1384.1342763697846,1395.2667236328125,71681200
2022-11-09,1369.2913885430976,1380.423838856456,1347.0264879163806,1350.7373046875,117969800
2022-11-10,1298.785768706223,1321.0506675983297,1280.2316862961343,1291.3641357421875,153812400
2022-11-11,1298.7855228107092,1313.6287859285458,1276.5206281339542,1295.07470703125,96575300
2022-11-14,1295.0748284040178,1321.0505412946427,1295.0748284040178,1298.78564453125,60258000
2022-11-15,1317.3399713847712,1324.7616050263755,1291.364253639156,1302.4967041015625,55915600
2022-11-16,1339.6046169932818,1350.737065333946,1306.2072719712885,1324.7613525390625,86525300
2022-11-17,1309.9180867399677,1339.6046156179273,1298.7856384107329,1332.1829833984375,73229600
2022-11-18,1332.1829833984375,1343.3154317276724,1321.0505350692026,1332.1829833984375,40162000
2022-11-21,1339.6046089647907,1376.712769877943,1339.6046089647907,1369.2911376953125,65550500
2022-11-22,1380.423585304054,1391.5560335726352,1354.4478726773648,1373.001953125,59965000
2022-11-23,1380.4235820312501,1406.3992945963541,1380.4235820312501,1391.5560302734375,45573200
2022-11-24,1395.2668463541668,1402.688478515625,1387.8452141927085,1391.5560302734375,24418800
2022-11-25,1391.5560315825026,1391.5560315825026,1369.2911350771824,1384.1343994140625,33140500
2022-11-28,1387.8453369140625,1402.6886025495069,1380.42370409634,1387.8453369140625,40277700
2022-11-29,1406.3994055679163,1439.7967529296875,1402.6885891943864,1439.7967529296875,94151500
2022-11-30,1447.218140594719,1458.350587830063,1428.6640618691456,1436.085693359375,152171400
2022-12-01,1458.3507098858172,1458.3507098858172,1443.5074456630607,1447.21826171875,56516100
2022-12-02,1443.5076955027394,1443.5076955027394,1417.531978617086,1428.6644287109375,36882200
2022-12-05,1439.7966373181218,1443.5074533936838,1395.2668444113756,1402.6884765625,51037700
2022-12-06,1410.110106781086,1421.2425549925156,1391.5560264287033,1413.8209228515625,56845900
2022-12-07,1417.531615892216,1436.0856946342608,1402.6883528985804,1421.242431640625,59277300
2022-12-08,1421.2426845938126,1424.9535010026736,1376.712887687479,1387.8453369140625,63665900
2022-12-09,1384.1344027311904,1387.8452188243036,1347.0262418000593,1365.580322265625,67555400
2022-12-12,1365.5803145559212,1417.5317395662007,1361.8694984837582,1410.110107421875,76652000
2022-12-13,1406.3994189583682,1406.3994189583682,1387.8453369140625,1387.8453369140625,51354800
2022-12-14,1398.9777728208562,1462.0616511708683,1395.266956447326,1439.7967529296875,131274900
2022-12-15,1443.5074456630607,1473.1939741085737,1428.6641814403044,1447.21826171875,69993700
2022-12-16,1436.0858141744657,1454.6398944609575,1428.664182059869,1443.5074462890625,63989300
2022-12-19,1436.0858092800497,1473.1939697265625,1436.0858092800497,1473.1939697265625,58801000
2022-12-20,1473.194096467933,1480.615729195731,1450.9291982845384,1454.6400146484375,47259900
2022-12-21,1443.5075655567402,1458.3508310123366,1439.7967491928412,1454.6400146484375,36433600
2022-12-22,1450.929197355081,1462.061646439647,1447.218380993559,1458.350830078125,32321000
2022-12-23,1432.3750032039452,1432.3750032039452,1410.110106781086,1413.8209228515625,118489300
2022-12-26,1417.5317395662007,1428.6641877826892,1402.6884752775495,1410.110107421875,45950200
2022-12-27,1410.1101106770834,1413.8209267578125,1384.1343981119792,1391.5560302734375,60813800
2022-12-28,1395.2668463541668,1398.9776624348958,1373.0019498697918,1391.5560302734375,52254700
2022-12-29,1387.845210988898,1417.5317395662007,1376.7127627724096,1410.110107421875,64775200
2022-12-30,1413.8211619191354,1436.0860621068384,1398.9778951273336,1428.6644287109375,98381200
2023-01-02,1433.1423615267017,1449.0220552832304,1425.2025146484375,1425.2025146484375,69696600
2023-01-03,1425.2026752125134,1425.2026752125134,1389.473360235041,1397.4132080078125,95601300
2023-01-04,1405.352998490767,1413.2928459398674,1310.0748291015625,1310.0748291015625,163804600
2023-01-05,1290.2252492597027,1298.1650969474547,1222.7365439138105,1230.6763916015625,225480200
2023-01-06,1226.706291830464,1266.4055245757863,1226.706291830464,1246.555908203125,133608100
2023-01-09,1250.525796720297,1258.4656430486798,1183.037102929043,1202.88671875,165697500
2023-01-10,1206.8566754578026,1246.555908203125,1183.0371358106092,1246.555908203125,149820700
2023-01-11,1246.555974996315,1274.3454394070607,1222.7364340728184,1262.4356689453125,101097700
2023-01-12,1238.6161919751214,1242.5861156673493,1210.8267261295257,1226.7064208984375,78240400
2023-01-13,1238.6160616540606,1250.5258314776572,1234.6461383795283,1246.555908203125,49588400
2023-01-16,1238.6162392893145,1242.5861631331907,1226.7064677576866,1230.6763916015625,25866600
2023-01-17,1214.796522006867,1250.5258314776572,1210.8265987323348,1246.555908203125,51667000
2023-01-18,1254.495774903884,1282.285238272008,1250.5258515655805,1258.4656982421875,61754000
2023-01-19,1246.555848490712,1282.28515625,1246.555848490712,1282.28515625,47144100
2023-01-20,1290.2250501844617,1294.1949734157986,1274.3453572591145,1286.255126953125,50695900
2023-01-24,1286.255305480957,1290.2252292633057,1258.4658390045165,1270.3756103515625,34335900
2023-01-25,1266.4056006483377,1266.4056006483377,1238.6161360573083,1242.5860595703125,42325000
2023-01-26,1210.8265924295317,1218.7664389372665,1187.007052906328,1194.9468994140625,83858800
2023-01-27,1183.037122938368,1222.736355251736,1183.037122938368,1214.7965087890625,63547600
2023-01-30,1214.796515683399,1230.6762086988683,1183.0371296524606,1194.9468994140625,47836700
2023-01-31,1179.0672133162216,1198.9168297020165,1167.1574434847446,1175.0972900390625,79164200
2023-02-01,1167.1573962195444,1190.9769349179026,1163.1874731031514,1171.1273193359375,59728700
2023-02-02,1167.157381383384,1179.0671505811738,1139.367919921875,1139.367919921875,88969700
2023-02-03,1139.3680097054744,1139.3680097054744,1087.759005781533,1095.6988525390625,101999600
2023-02-06,1095.698946506857,1127.4583362606788,1079.819251629946,1103.6387939453125,80778600
2023-02-07,1135.3982119444745,1171.1275263063635,1135.3982119444745,1147.3079833984375,113365400
2023-02-08,1151.2776832058005,1167.1573753879495,1139.3679140691888,1159.217529296875,50651900
2023-02-09,1135.3979758679027,1147.307744845538,1119.5182838977223,1127.4581298828125,58268500
2023-02-10,1091.7288341661438,1103.6386032661383,1075.8491420328182,1087.7589111328125,73205300
2023-02-13,1107.60871766454,1123.4884125414512,1103.6387939453125,1103.6387939453125,58110000
2023-02-14,1107.6085882287985,1131.4281277606008,1099.668741718198,1123.48828125,47207700
2023-02-15,1139.3679344047935,1206.8566273834745,1139.3679344047935,1171.1273193359375,150083400
2023-02-16,1179.0671445245612,1187.0069906156357,1147.3077601602633,1159.217529296875,49484000
2023-02-17,1159.2177073160808,1163.187630971273,1135.3981653849285,1143.3380126953125,45060800
2023-02-20,1139.3681821625808,1155.247878081223,1119.518562264278,1151.2779541015625,67438100
2023-02-21,1135.398126696864,1151.2778207765402,1119.5184326171875,1119.5184326171875,57575900
2023-02-22,1143.3379934210527,1155.2477641858552,1127.4582990679824,1131.42822265625,51853800
2023-02-23,1143.3381061422413,1171.1275739998653,1139.3681821625808,1151.2779541015625,80466800
2023-02-24,1163.187678670388,1175.097450124351,1143.3380595804497,1147.3079833984375,72020500
2023-02-27,1155.2476268703654,1171.1273193359375,1147.3077806375793,1171.1273193359375,42554800
2023-02-28,1167.1575833834133,1206.8568209134614,1155.247812124399,1187.0072021484375,141401100
2023-03-01,1190.9771259014424,1194.947049654447,1167.1575833834133,1187.0072021484375,74127000
2023-03-02,1190.9771259014424,1202.8868971604568,1179.0673546424277,1187.0072021484375,50943400
2023-03-03,1226.706333994076,1242.5860276380122,1198.9168701171875,1198.9168701171875,113137800
2023-03-06,1198.9168369778242,1198.9168369778242,1151.2777573628114,1155.2476806640625,68471200
2023-03-07,1143.3379179414335,1155.24768791999,1131.428147962877,1135.3980712890625,81747200
2023-03-08,1127.458144932577,1159.217529296875,1115.5483757959653,1159.217529296875,73894700
2023-03-09,1171.1275739998653,1171.1275739998653,1151.2779541015625,1151.2779541015625,42649600
2023-03-10,1151.2777645938047,1151.2777645938047,1131.428147962877,1135.3980712890625,29013700
2023-03-13,1139.3681821625808,1163.187726040544,1135.3982581829202,1151.2779541015625,44258200
2023-03-14,1155.2477529367386,1155.2477529367386,1099.6688232421875,1099.6688232421875,60495700
2023-03-15,1107.6086985085228,1119.5184694602272,1083.7891566051137,1091.72900390625,50051200
2023-03-16,1079.8192027698863,1079.8192027698863,1032.1801202947443,1048.059814453125,100194800
2023-03-17,1052.0297855953518,1103.6387939453125,1052.0297855953518,1103.6387939453125,165045800
2023-03-20,1095.6989081887639,1103.638755349552,1075.8492902867936,1079.8192138671875,27177000
2023-03-21,1079.819139194139,1083.7890625,1067.9093692765568,1083.7890625,28977600
2023-03-24,1075.8492231226678,1087.7589931203358,1063.939453125,1063.939453125,51810300
2023-03-27,1075.8492231226678,1087.7589931203358,1059.969529792444,1063.939453125,54183300
2023-03-28,1071.879358394912,1111.5785938910199,1071.879358394912,1099.6688232421875,95908100
2023-03-29,1115.5485471089683,1155.2477836608887,1111.5786234537761,1143.3380126953125,106383200
2023-03-30,1151.2776891196645,1159.2175352515244,1131.428073790015,1139.367919921875,71977200
2023-03-31,1143.3381061422413,1163.187726040544,1131.4283342032597,1151.2779541015625,61694500
2023-04-03,1167.157470703125,1198.9168576610332,1167.157470703125,1167.157470703125,98297900
2023-04-04,1194.9469662525614,1222.7364305840165,1194.9469662525614,1210.82666015625,93744600
2023-04-05,1206.856662326389,1218.7664320203992,1190.9769694010417,1214.7965087890625,54323500
2023-04-06,1214.7965637611237,1238.6161042270282,1198.9168701171875,1198.9168701171875,71186200
2023-04-10,1198.916973407452,1214.7966684194712,1179.0673546424277,1187.0072021484375,29429000
2023-04-11,1175.097348872951,1214.796583632172,1175.097348872951,1210.82666015625,46716100
2023-04-12,1210.8265995334934,1210.8265995334934,1163.1875202075855,1175.0972900390625,84393600
2023-04-13,1175.0972900390625,1194.9469064248574,1171.1273667619034,1175.0972900390625,38736700
2023-04-14,1175.097221479024,1187.0069906156357,1159.217529296875,1159.217529296875,45832600
2023-04-17,1159.2176112461757,1171.1273812247323,1135.3980712890625,1135.3980712890625,47706200
2023-04-18,1139.368045247396,1198.9168977864583,1139.368045247396,1190.97705078125,85627400
2023-04-26,1206.8568485383064,1242.5861631331907,1198.9170008505544,1230.6763916015625,104615000
2023-04-27,1230.6764201374797,1234.6463440734071,1210.826800457843,1222.736572265625,41028100
2023-04-28,1230.6762890312998,1254.495830109325,1214.796594979283,1242.5860595703125,72560800
2023-05-02,1230.6763145907614,1230.6763145907614,1175.0973842544045,1183.0372314453125,81649400
2023-05-03,1183.037164182079,1210.8266277702487,1163.1875473333864,1167.157470703125,71441900
2023-05-04,1163.1874523424121,1190.9769136611728,1151.2776832058005,1159.217529296875,73997700
2023-05-05,1135.3982318618391,1143.3380796370968,1091.7290690979223,1107.6087646484375,158924500
2023-05-08,1115.5483815262958,1163.1874583174542,1115.5483815262958,1139.367919921875,65765900
2023-05-09,1155.2478310344127,1155.2478310344127,1135.3982119444745,1147.3079833984375,45066800
2023-05-10,1151.277777224171,1179.0672408123405,1151.277777224171,1167.157470703125,84244500
2023-05-11,1159.2176967075893,1171.1274675641741,1095.6989188058035,1111.57861328125,209469700
2023-05-12,1111.5785460541215,1111.5785460541215,1091.7289291602979,1095.6988525390625,60919400
2023-05-15,1103.6385874353853,1107.6085104117717,1044.0897427895911,1055.99951171875,116378900
2023-05-16,1071.8794987710673,1087.7591950491574,1055.9998024929776,1059.9697265625,66336200
2023-05-17,1075.8491016297828,1075.8491016297828,1008.3604125976561,1008.3604125976562,142037300
2023-05-19,1000.4206826617609,1008.3605293495526,944.8417558472186,956.7515258789062,168354900
2023-05-22,972.631211939866,988.5109051960271,956.751518683705,976.6011352539062,192718400
2023-05-23,1007.7489624023438,1007.7489624023438,1007.7489624023438,1007.7489624023438,25791700
2023-05-24,976.94453125,1016.550390625,976.94453125,990.146484375,105384800
2023-05-25,968.1430687094635,968.1430687094635,932.9378662109375,932.9378662109375,124673400
2023-05-26,919.7360229492188,954.9412295692845,915.3353721217105,919.7360229492188,81565700
2023-05-29,932.9378208031401,937.3384709012681,884.5306697237319,910.9345703125,80215800
2023-05-30,910.9346299013255,946.1398329892994,906.5339795153287,928.5372314453125,63219000
2023-05-31,910.9346789191751,919.735980164771,884.5307751823874,897.7327270507812,169456800
2023-06-05,919.7359462193081,954.9411499023438,915.3352957589286,924.1365966796875,119850300
2023-06-06,968.1430960990286,981.34504740947,950.5404943517736,976.9443969726562,106615300
2023-06-07,968.1431136592741,968.1431136592741,941.7392105594759,954.941162109375,69604900
2023-06-08,963.7424768621272,972.5437780206854,950.5405251242898,968.1431274414062,46850800
2023-06-09,972.5436707936465,981.3449709818243,954.9410704172909,963.7423706054688,36414600
2023-06-12,976.9444127147553,985.7457137302035,968.143111699307,972.5437622070312,32981000
2023-06-13,963.742461191583,976.9444127147553,946.1398591606865,972.5437622070312,47913300
2023-06-14,972.5438802083333,994.5471354166667,968.1432291666666,990.146484375,43317300
2023-06-15,990.1462256390115,1025.351424772843,976.9442759638247,1012.1494750976562,75697800
2023-06-16,1034.1529412105167,1034.1529412105167,1012.1496871422078,1020.9509887695312,90162500
2023-06-19,1012.1497230192201,1012.1497230192201,990.1464681709763,994.547119140625,26428500
2023-06-20,994.5469814754267,1007.748932556959,990.146331114916,998.9476318359375,24643400
2023-06-21,998.9477701102738,1007.7490720495714,990.1464681709763,994.547119140625,29760300
2023-06-22,990.1464681709763,1016.550373988869,990.1464681709763,994.547119140625,38508700
2023-06-23,1003.3482211673206,1003.3482211673206,981.344970703125,981.344970703125,20704900
2023-06-26,981.3450632224794,985.7457137302035,963.742461191583,972.5437622070312,25265900
2023-06-27,972.5436705174468,994.5469209816424,972.5436705174468,981.344970703125,24633800
2023-07-03,998.9476596030044,1029.7522129828326,994.5470091201717,1025.3515625,58100700
2023-07-04,1020.9508964342948,1034.15284768129,1016.5502460186298,1029.752197265625,20358800
2023-07-05,1034.1527261024664,1073.7585751872416,1034.1527261024664,1064.957275390625,71359500
2023-07-06,1064.9573511240435,1082.5599519690688,1060.556700912787,1078.1593017578125,41830700
2023-07-07,1060.5568103950563,1064.9574610605962,1042.9542077328979,1047.3548583984375,32118800
2023-07-10,1047.3546757973916,1064.957275390625,1042.954025899083,1064.957275390625,20339700
2023-07-11,1056.1562017746912,1073.7588051376028,1051.7555509339634,1069.358154296875,31866300
2023-07-12,1069.35812802858,1069.35812802858,1042.9542236328125,1042.9542236328125,28404900
2023-07-13,1034.1529412105167,1034.1529412105167,1003.3483855148842,1020.9509887695312,42297500
2023-07-14,1020.9509856660487,1038.5535888671875,1020.9509856660487,1038.5535888671875,31423200
2023-07-17,1047.3548583984375,1060.5568103950563,1047.3548583984375,1047.3548583984375,26063600
2023-07-18,1051.7554653969958,1051.7554653969958,1020.9509120171674,1025.3515625,23104600
2023-07-20,1034.1529221675567,1047.3548743654405,1034.1529221675567,1042.9542236328125,33287800
2023-07-21,1047.3546757973916,1069.3579252889333,1047.3546757973916,1064.957275390625,70949300
2023-07-24,1064.9575600566168,1091.3614665043015,1056.1562579073886,1086.9608154296875,97266900
2023-07-25,1091.3614085005145,1108.9640118634259,1069.358154296875,1069.358154296875,82665100
2023-07-26,1082.5601162109374,1104.5633706054687,1078.1594653320312,1100.1627197265625,96761300
2023-07-27,1100.1625528140944,1100.1625528140944,1073.7586515465562,1078.1593017578125,37905300
2023-07-28,1073.7588622058452,1091.3614665043015,1060.5569089820028,1086.9608154296875,40850500
2023-07-31,1086.960665501005,1086.960665501005,1047.3548112924664,1060.5567626953125,64743500
2023-08-01,1060.556794362088,1060.556794362088,1042.954191966037,1051.7554931640625,23569300
2023-08-02,1047.3548743654405,1047.3548743654405,1029.7522714349288,1042.9542236328125,21765400
2023-08-03,1042.9542396674722,1051.7555412680415,1034.1529380669028,1038.5535888671875,18908200
2023-08-04,1051.7554773966472,1073.7587300618488,1051.7554773966472,1056.1561279296875,26476900
2023-08-07,1056.1561597295167,1056.1561597295167,1038.5535570673583,1047.3548583984375,20598900
2023-08-08,1056.1561758306962,1064.957477295952,1042.9542236328125,1042.9542236328125,22669900
2023-08-09,1051.7554773966472,1056.1561279296875,1042.9541763305663,1056.1561279296875,22561900
2023-08-10,1069.3580636305433,1073.7587140981586,1056.1561122276971,1060.5567626953125,42703500
2023-08-11,1060.5568593126663,1064.9575101811836,1034.1529541015625,1034.1529541015625,35509700
2023-08-14,1038.553541367024,1060.556794362088,1025.3515895699857,1051.7554931640625,36895300
2023-08-15,1060.5568463450884,1113.3646561216074,1056.1561955303785,1104.5633544921875,99083700
2023-08-16,1104.563216920883,1117.765167720734,1095.7619163876489,1108.9638671875,41050900
2023-08-18,1108.9638364296259,1126.566437007874,1091.3612358513778,1117.76513671875,47312500
2023-08-21,1126.5665553435115,1152.970458984375,1122.165904736701,1152.970458984375,77668100
2023-08-22,1152.9704544632523,1196.9769603587963,1152.9704544632523,1188.1756591796875,102556100
2023-08-23,1201.3776109483506,1223.3808638961227,1188.1756591796875,1188.1756591796875,86184900
2023-08-24,1179.374405650164,1201.3776594869207,1161.7718025807585,1174.9737548828125,57289800
2023-08-25,1174.9737610098937,1174.9737610098937,1139.7685546875,1139.7685546875,46004100
2023-08-28,1148.5698346949337,1192.5763417713679,1148.5698346949337,1179.3743896484375,49355200
2023-08-29,1192.5763417713679,1201.3776431866547,1174.9737389407942,1179.3743896484375,35735000
2023-08-30,1192.5763257108213,1201.37762700758,1170.5730724689242,1183.7750244140625,37456100
2023-08-31,1179.374405650164,1183.7750564175153,1166.17245334811,1174.9737548828125,37316600
2023-09-01,1179.3743896484375,1196.9769924790112,1174.9737389407942,1179.3743896484375,22633200
2023-09-04,1183.7749464494468,1214.5794989592837,1183.7749464494468,1205.7781982421875,48905500
2023-09-05,1210.1788486007356,1223.3807996763799,1201.3775478836394,1205.7781982421875,37110800
2023-09-06,1227.7814903126362,1271.7879953417628,1227.7814903126362,1262.9866943359375,107690900
2023-09-07,1262.9868002997503,1289.3907055324978,1232.1822441948784,1267.387451171875,105815800
2023-09-08,1267.3873134731834,1293.791215837208,1258.5860126851753,1271.7879638671875,58380400
2023-09-11,1276.1886335100446,1284.9899344308037,1227.7814784458706,1232.18212890625,64749200
2023-09-12,1240.9835365811275,1254.1854890979482,1227.781584064307,1236.5828857421875,52990600
2023-09-13,1245.3839871066434,1262.986587631119,1240.9833369755245,1258.5859375,38990000
2023-09-14,1276.188583111845,1293.7911842582153,1271.7879328252525,1280.5892333984375,58317100
2023-09-15,1280.5892196440361,1280.5892196440361,1249.78466796875,1249.78466796875,55255400
2023-09-18,1254.1853182080765,1262.9866186867298,1236.5827172507702,1249.78466796875,46627900
2023-09-19,1258.586117658944,1284.9900222252156,1240.983514614763,1276.188720703125,62425500
2023-09-20,1289.3905779864335,1315.7944806073162,1280.589277112806,1302.592529296875,93046000
2023-09-21,1302.5924225370763,1306.993072613215,1284.9898222325212,1298.1917724609375,37546100
2023-09-22,1289.39047230866,1302.5924225370763,1284.9898222325212,1298.1917724609375,27130700
2023-09-25,1298.1917724609375,1311.3937226893538,1293.7911223847987,1298.1917724609375,32402200
2023-09-26,1302.5925865861914,1306.9932372165501,1210.1789233486575,1218.980224609375,107378100
2023-09-27,1218.9801893068106,1276.1886458446754,1218.9801893068106,1262.9866943359375,61453100
2023-09-29,1276.1886778714365,1276.1886778714365,1249.7847741913376,1254.1854248046875,24233700
2023-10-02,1245.3841874200677,1245.3841874200677,1223.380933225367,1236.5828857421875,31881300
2023-10-03,1223.3808802494773,1223.3808802494773,1183.7750244140625,1183.7750244140625,89948000
2023-10-04,1174.9736484154723,1174.9736484154723,1152.970396572486,1170.572998046875,57427700
2023-10-05,1161.7717762212644,1174.9737282237786,1144.1691735512452,1148.56982421875,37851600
2023-10-06,1144.1689913767689,1174.973541144605,1144.1689913767689,1166.1722412109375,20289800
2023-10-09,1183.7750195665049,1232.1821765004513,1183.7750195665049,1218.980224609375,58700700
2023-10-10,1240.9834616681655,1249.7847628147483,1218.9802088017086,1223.380859375,45513300
2023-10-11,1232.1821925951087,1240.983493970788,1214.57958984375,1214.57958984375,26295100
2023-10-12,1214.5795789527183,1214.5795789527183,1183.7750244140625,1183.7750244140625,41046500
2023-10-13,1201.377472036439,1205.7781221171585,1183.7748717135607,1192.576171875,18962900
2023-10-16,1210.1789076551258,1227.7815099482914,1201.3776065085433,1223.380859375,36979400
2023-10-17,1218.980224609375,1223.3808752397338,1210.1789233486575,1218.980224609375,22750800
2023-10-18,1210.1788158148108,1267.3872689260563,1201.3775153361576,1249.78466796875,74460900
2023-10-19,1249.7846991356382,1258.5859998337767,1232.1820977393618,1240.9833984375,57235900
2023-10-20,1245.3840802873883,1245.3840802873883,1214.5795270647322,1232.18212890625,47189400
2023-10-23,1223.3808024700422,1227.7814528386396,1166.1723476782777,1170.572998046875,69223700
2023-10-24,1161.7716973096803,1183.7749491526667,1157.371046941083,1170.572998046875,39300700
2023-10-25,1170.573104115461,1188.1757071848667,1161.7718025807585,1174.9737548828125,35182500
2023-10-26,1170.5728911777712,1174.973541144605,1148.5696413436026,1166.1722412109375,26026500
2023-10-27,1170.5730294892282,1179.3743304628315,1152.9704275420218,1161.771728515625,28710000
2023-10-30,1161.77163816437,1161.77163816437,1108.9638364296259,1117.76513671875,43324200
2023-10-31,1108.9639263153076,1144.1691303253174,1069.3580718040466,1126.5665283203125,61726200
2023-11-01,1100.1626169038511,1100.1626169038511,1056.1561122276971,1060.5567626953125,78759900
2023-11-02,1064.957444961101,1086.960697956165,1047.3548425650497,1051.7554931640625,52050600
2023-11-03,1064.957291078376,1104.56314074658,1064.957291078376,1095.7618408203125,52737100
2023-11-06,1100.16255133708,1117.7651521584735,1100.16255133708,1113.364501953125,38074400
2023-11-07,1100.1627686535298,1104.563419728144,1060.5569089820028,1086.9608154296875,54811700
2023-11-08,1082.5600906121927,1086.960741387039,1060.556836737961,1073.7587890625,31984200
2023-11-09,1091.3612523915817,1100.1625528140944,1073.7586515465562,1078.1593017578125,37033100
2023-11-10,1078.1593765751009,1104.5632796748991,1078.1593765751009,1091.361328125,29145200
2023-11-13,1095.761978641633,1104.5632796748991,1078.1593765751009,1091.361328125,20144700
2023-11-14,1091.361328125,1108.9639301915322,1078.1593765751009,1091.361328125,37330100
2023-11-15,1108.9640053068974,1126.5666085657372,1095.7620528627676,1104.5633544921875,33971500
2023-11-16,1104.5632015424285,1113.364501953125,1086.9606007210352,1113.364501953125,18745300
2023-11-17,1100.162536140502,1122.165786863312,1100.162536140502,1117.76513671875,17834500
2023-11-20,1122.166015625,1126.5666666666666,1113.3647135416666,1122.166015625,16184700
2023-11-21,1117.7652695462164,1148.56982421875,1117.7652695462164,1148.56982421875,31763500
2023-11-22,1148.5698562680984,1152.9705070583975,1130.9672531069016,1139.7685546875,22390500
2023-11-23,1144.1692708333333,1148.569921875,1113.3647135416666,1122.166015625,24567400
2023-11-24,1122.165786863312,1135.367737296998,1104.563186285064,1117.76513671875,29571200
2023-11-27,1117.7653645833334,1144.1692708333333,1117.7653645833334,1122.166015625,19835100
2023-11-28,1126.5666182170544,1152.9705233315165,1126.5666182170544,1135.367919921875,19680900
2023-11-29,1139.7685707742853,1148.5698724791062,1126.5666182170544,1135.367919921875,15113600
2023-11-30,1139.7685071639432,1152.970458984375,1130.967205950322,1152.970458984375,45144600
2023-12-01,1161.7717323303223,1166.1723828315735,1122.1658778190613,1126.5665283203125,35005000
2023-12-04,1135.367829322815,1148.5697808265686,1122.1658778190613,1126.5665283203125,24493200
2023-12-05,1130.967259380447,1135.3679101951568,1095.7620528627676,1104.5633544921875,42476700
2023-12-06,1104.5632015424285,1117.7651521584735,1100.16255133708,1113.364501953125,18067600
2023-12-07,1126.56645256917,1144.1690533905632,1100.16255133708,1113.364501953125,40972500
2023-12-08,1130.9671788215637,1144.1691303253174,1122.1658778190613,1126.5665283203125,41613300
2023-12-11,1135.367829322815,1144.1691303253174,1113.3645768165588,1126.5665283203125,30840100
2023-12-12,1126.5666666666666,1130.9673177083334,1108.9640625,1122.166015625,21613800
2023-12-13,1104.5632030253507,1104.5632030253507,1069.3580013352998,1078.1593017578125,51005200
2023-12-14,1082.5598909309113,1104.56314074658,1073.7585910046437,1095.7618408203125,23293600
2023-12-15,1095.7619163876489,1130.9671185205852,1095.7619163876489,1108.9638671875,52881100
2023-12-18,1113.3646561216074,1122.1659577510272,1086.960751233348,1104.5633544921875,25316200
2023-12-19,1135.3677668644832,1152.9703679011418,1130.9671166053186,1144.1690673828125,67987900
2023-12-20,1144.1692216266958,1161.7718250363373,1135.367919921875,1135.367919921875,51466300
2023-12-21,1135.3677668644832,1148.5697176419771,1130.9671166053186,1144.1690673828125,34194600
2023-12-22,1144.169205477799,1148.5698562680984,1135.3679038972007,1139.7685546875,29264900
2023-12-27,1144.169205477799,1157.3711578486968,1135.3679038972007,1139.7685546875,57605200
2023-12-28,1144.1692216266958,1148.5698724791062,1126.5666182170544,1135.367919921875,84319700
2023-12-29,1149.6695151449253,1159.2103409967503,1130.587863441275,1135.3582763671875,124776700
2024-01-02,1135.3581072336221,1187.8326416015625,1135.3581072336221,1187.8326416015625,75818300
2024-01-03,1173.5214965313796,1173.5214965313796,1149.66943359375,1149.66943359375,71643200
2024-01-04,1154.4399543079903,1178.292019479643,1154.4399543079903,1173.5216064453125,61464500
2024-01-05,1187.8329012511208,1187.8329012511208,1163.9808349609375,1163.9808349609375,47595800
2024-01-08,1168.751248218974,1187.8329012511208,1159.210421702901,1163.9808349609375,61501200
2024-01-09,1168.7512759612912,1173.5216893325617,1149.6696224762088,1159.21044921875,37607800
2024-01-10,1173.5216064453125,1173.5216064453125,1163.9807803766514,1173.5216064453125,22865400
2024-01-11,1173.5215112802935,1173.5215112802935,1163.9806859853315,1168.7510986328125,18591600
2024-01-12,1168.7511394869896,1183.0623779296875,1163.980726672757,1183.0623779296875,36980800
2024-01-15,1183.0624182955676,1206.914483180559,1183.0624182955676,1197.3736572265625,41068200
2024-01-16,1197.3736845703124,1202.1440976562499,1183.0624453125,1192.603271484375,24464000
2024-01-17,1192.60305381683,1202.1438782473645,1178.291817171028,1187.8326416015625,23991600
2024-01-18,1187.832845548304,1187.832845548304,1168.7511934109818,1173.5216064453125,26521000
2024-01-19,1173.5216893325617,1183.0625160751028,1159.21044921875,1159.21044921875,33060200
2024-01-22,1159.210285949707,1163.9806986490885,1140.128635152181,1144.8990478515625,42375200
2024-01-23,1144.899185505319,1149.669598778258,1106.7358793218086,1121.047119140625,80570400
2024-01-24,1121.0470241970486,1135.3582628038196,1106.7357855902778,1116.276611328125,36025300
2024-01-25,1116.2766785702463,1135.3583311953787,1116.2766785702463,1125.8175048828125,33787500
2024-01-26,1125.8174505153625,1140.1286892931,1111.5062117376249,1135.3582763671875,35850900
2024-01-29,1135.3582224527995,1149.669460550944,1130.587809753418,1144.8990478515625,25857300
2024-01-30,1140.128662109375,1144.8990749215482,1125.8174236728557,1140.128662109375,29384100
2024-01-31,1149.669460550944,1168.75111134847,1140.128635152181,1144.8990478515625,28213000
2024-02-01,1154.4398193359375,1168.7510567657218,1140.1285819061532,1154.4398193359375,32940300
2024-02-02,1154.4398193359375,1163.980644289127,1140.1285819061532,1154.4398193359375,41242500
2024-02-05,1154.4400358474793,1178.2921027038324,1154.4400358474793,1159.21044921875,31425600
2024-02-06,1168.7511934109818,1178.292019479643,1163.9807803766514,1173.5216064453125,32861600
2024-02-07,1173.5216064453125,1178.292019479643,1163.9807803766514,1173.5216064453125,24460000
2024-02-12,1173.5217008397647,1187.8329410939082,1168.7512874217168,1178.2921142578125,23773700
2024-02-13,1178.2919651154548,1187.83279074392,1173.5215523012223,1183.0623779296875,18443100
2024-02-15,1216.4553091345554,1225.996135088552,1183.0624182955676,1197.3736572265625,55071200
2024-02-16,1202.1439208984375,1206.914333282955,1187.8326837448847,1202.1439208984375,31491500
2024-02-19,1197.3737561889145,1197.3737561889145,1159.21044921875,1159.21044921875,35027700
2024-02-20,1163.9808625900205,1178.2921027038324,1144.8992091049383,1159.21044921875,57998500
2024-02-21,1159.2102318125324,1163.980644289127,1144.898994382748,1154.4398193359375,28164400
2024-02-22,1154.4400084448644,1163.9808349609375,1140.1287686707544,1163.9808349609375,28109200
2024-02-23,1163.980644289127,1168.7510567657218,1149.6694068593426,1154.4398193359375,15467200
2024-02-26,1154.439955828059,1154.439955828059,1125.8174775843881,1130.587890625,48399600
2024-02-27,1144.8991022190125,1149.6695151449253,1125.8174505153625,1135.3582763671875,36577400
2024-02-28,1140.128635152181,1149.669460550944,1135.3582224527995,1144.8990478515625,23551500
2024-02-29,1149.6694068593426,1154.4398193359375,1140.1285819061532,1154.4398193359375,38652900
2024-03-01,1168.7509927404933,1187.8326416015625,1159.2101683099586,1187.8326416015625,60143900
2024-03-04,1202.1439891424704,1216.4552271084522,1192.603163831816,1211.684814453125,72476200
2024-03-05,1216.4552289723442,1254.6185302734375,1216.4552289723442,1254.6185302734375,84971100
2024-03-06,1254.618664687939,1288.0115569039679,1235.5370119930653,1273.7003173828125,91548800
2024-03-07,1273.7002360026042,1302.322713216146,1259.3889973958335,1288.011474609375,77030200
2024-03-08,1288.0115569039679,1297.5523832514045,1268.9299042090943,1273.7003173828125,33227300
2024-03-13,1273.7001385028545,1273.7001385028545,1235.5368384728065,1240.3072509765625,51867100
2024-03-14,1240.3074251667838,1273.7003173828125,1240.3074251667838,1273.7003173828125,42981600
2024-03-15,1273.7002223882462,1273.7002223882462,1245.077745480645,1268.9298095703125,168791600
2024-03-18,1264.1593555987108,1273.7001809239841,1254.6185302734375,1254.6185302734375,25311200
2024-03-19,1254.6185302734375,1268.9297682613474,1249.8481176108007,1254.6185302734375,22185600
2024-03-20,1254.6184768388855,1268.929714217276,1245.0776519199587,1264.1593017578125,22774100
2024-03-21,1264.1593017578125,1288.0113640551297,1254.6184768388855,1264.1593017578125,37138200
2024-03-22,1264.1593017578125,1278.470539136203,1264.1593017578125,1264.1593017578125,17572900
2024-03-25,1273.7003173828125,1273.7003173828125,1264.1594910353758,1273.7003173828125,34644500
2024-03-26,1311.8635525668624,1311.8635525668624,1273.7002492194629,1307.0931396484375,49687500
2024-03-27,1307.0930714326746,1316.6338967715992,1292.7818334242877,1297.55224609375,31905100
2024-03-28,1307.0931260850696,1316.6339518229167,1268.9298231336807,1288.011474609375,56468900
2024-04-01,1288.0115162242544,1288.0115162242544,1245.0777990167792,1259.3890380859375,31687700
2024-04-02,1259.389024018355,1283.2410888671875,1249.8481980788222,1283.2410888671875,27768300
2024-04-03,1283.2411161963619,1297.5523554104477,1268.929876982276,1278.470703125,34356700
2024-04-04,1273.7002629276546,1297.5523277764871,1264.1594369881216,1283.2410888671875,23186300
2024-04-05,1283.2410617404514,1297.5523003472224,1273.7002360026042,1288.011474609375,15325400
2024-04-16,1307.0931922125221,1354.797323315169,1302.3227791022575,1340.486083984375,136392000
2024-04-17,1340.4860023082385,1350.0268279474433,1311.863525390625,1311.863525390625,40039100
2024-04-18,1321.4044059781365,1321.4044059781365,1292.7819278703068,1302.32275390625,34871800
2024-04-19,1307.093206875566,1330.9452726944633,1292.7819673842278,1316.634033203125,48533700
2024-04-22,1321.4043510298295,1335.7155894886364,1311.863525390625,1311.863525390625,30188300
2024-04-23,1311.863525390625,1335.7155894886364,1307.0931125710226,1311.863525390625,19332900
2024-04-24,1311.8635946245336,1321.4044207672575,1268.929876982276,1278.470703125,39036900
2024-04-25,1273.7002083581822,1283.2410338889551,1245.0777317658635,1249.84814453125,32557400
2024-04-26,1249.8480759840745,1273.7001385028545,1240.3072509765625,1240.3072509765625,28055500
2024-04-29,1254.618664687939,1278.470730556531,1216.4553592981918,1273.7003173828125,27687400
2024-04-30,1278.470501326107,1307.0929752363932,1264.1592643709641,1292.78173828125,24498900
2024-05-02,1297.5523408882784,1321.4044059781365,1278.470688816392,1302.32275390625,49490600
2024-05-03,1302.32275390625,1307.0931669242216,1288.0115148523353,1302.32275390625,20510200
2024-05-06,1316.6340306332236,1359.5677490234375,1302.322791169819,1359.5677490234375,56512000
2024-05-07,1359.5677364254336,1364.3381495356984,1330.9452577638456,1340.486083984375,25684100
2024-05-08,1340.4860427271612,1369.1085205078125,1340.4860427271612,1369.1085205078125,43532500
2024-05-13,1369.108427403337,1416.812553793697,1359.5676021252648,1407.271728515625,64339500
2024-05-14,1407.2719213697646,1407.2719213697646,1369.1086150275337,1373.8790283203125,26634100
2024-05-15,1378.6492083114786,1412.0420957100266,1350.0267333984375,1350.0267333984375,44476800
2024-05-16,1354.797375149197,1378.6494416130913,1354.797375149197,1373.8790283203125,33454900
2024-05-17,1378.6494416130913,1383.4198549058701,1354.797375149197,1373.8790283203125,28090300
2024-05-20,1373.8788257087629,1392.960476065829,1364.3380005302297,1388.1900634765625,27290300
2024-05-21,1388.1902681986492,1407.2719213697646,1369.1086150275337,1373.8790283203125,41137800
2024-05-22,1383.4197454583157,1392.9605712890625,1359.567680881448,1392.9605712890625,31385400
2024-05-27,1392.9605853250216,1402.5014112519054,1364.3381075443706,1369.1085205078125,70609900
2024-05-28,1337.8793437064357,1394.481931324785,1337.8793437064357,1384.1905517578125,85173300
2024-05-29,1384.1906118819963,1394.4819918959888,1368.7535418610075,1379.044921875,23084900
2024-05-30,1379.044807823905,1425.3560140567974,1379.044807823905,1409.9189453125,47278200
2024-05-31,1415.06469946906,1445.9388383665669,1404.773319836558,1425.3560791015625,95437800
2024-06-03,1440.7931653956912,1507.6871337890627,1440.7931653956912,1507.6871337890625,84422500
2024-06-04,1492.2500025082943,1512.8327611635812,1466.5215541891857,1502.5413818359375,64394000
2024-06-05,1492.2500578451657,1497.3957476998041,1461.3759187173346,1476.81298828125,40235800
2024-06-06,1481.9586759868423,1481.9586759868423,1451.084536903783,1466.5216064453125,24301800
2024-06-07,1466.5215441206813,1487.1043026346556,1451.0844752352004,1461.3758544921875,25352600
2024-06-10,1461.3759055397727,1466.5215953480113,1394.4819380326703,1415.064697265625,48405800
2024-06-11,1415.0646321913775,1425.3560113345875,1399.6275634765625,1399.6275634765625,27025700
2024-06-12,1409.9191316994288,1445.938963531166,1404.7734414377521,1435.6475830078125,41923800
2024-06-13,1451.0845912137477,1456.2302812535129,1415.0647609353923,1430.5018310546875,23164500
2024-06-14,1445.9389011739827,1445.9389011739827,1409.9190708956273,1430.5018310546875,23154400
2024-06-19,1430.5016924635809,1435.6473820048168,1358.4620388862784,1368.75341796875,45623700
2024-06-20,1384.1905562292527,1404.7733154296877,1368.7534868289265,1404.7733154296875,18168000
2024-06-21,1404.7733154296877,1430.5017644302313,1399.627625629579,1404.7733154296875,43444700
2024-06-24,1404.7732530481674,1409.9189426197725,1389.3361843333523,1399.6275634765625,15497700
2024-06-25,1394.4818115234375,1399.6275008648524,1379.044743499193,1394.4818115234375,17174800
2024-06-26,1394.4819380326703,1420.2103870738636,1389.3362482244318,1415.064697265625,18956900
2024-06-27,1415.064697265625,1430.501766690341,1399.627627840909,1415.064697265625,24919400
2024-06-28,1415.0648219611055,1440.7932732694892,1415.0648219611055,1435.6475830078125,29761900
2024-07-01,1435.6474012102399,1461.3758492606028,1420.2103323800222,1440.7930908203125,20224300
2024-07-02,1440.7930959782132,1471.6672337491748,1440.7930959782132,1461.3758544921875,23640200
2024-07-03,1466.5216106691985,1502.5414397031789,1461.3759208072015,1487.1043701171875,37201100
2024-07-04,1492.2499948781685,1497.3956845156795,1471.667236328125,1471.667236328125,21481400
2024-07-05,1476.812872083736,1497.3956298828125,1471.667182633967,1497.3956298828125,19036800
2024-07-08,1497.3958121464168,1497.3958121464168,1481.9587419181034,1492.2501220703125,19287600
2024-07-09,1497.3958121464168,1502.5415022225213,1481.9587419181034,1492.2501220703125,33908500
2024-07-10,1492.2501220703123,1507.6871922986259,1481.9587419181034,1492.2501220703125,15583800
2024-07-11,1492.2499948781685,1492.2499948781685,1471.667236328125,1471.667236328125,14109100
2024-07-12,1466.5214813555929,1471.6671707638582,1440.7930343142666,1456.2301025390625,31624700
2024-07-15,1456.230228862696,1476.8129882812502,1456.230228862696,1476.81298828125,28322100
2024-07-16,1492.2500578451657,1492.2500578451657,1466.521608571973,1476.81298828125,15556100
2024-07-17,1487.1044319942077,1497.3958121464168,1476.813051841999,1492.2501220703125,30254100
2024-07-18,1487.1042677876185,1564.289610406353,1476.8128887717874,1559.1439208984375,103268300
2024-07-19,1564.2897996471775,1620.8923910817791,1564.2897996471775,1595.1639404296875,112245400
2024-07-22,1595.1637693781836,1662.0577339004944,1595.1637693781836,1641.4749755859375,67919400
2024-07-23,1641.4749673959166,1667.203415160743,1610.600830078125,1610.600830078125,33527400
2024-07-24,1615.7466459545053,1641.4750957308509,1605.455266043967,1631.1837158203125,34903800
2024-07-25,1626.037898737021,1646.6206569488818,1605.4551405251598,1610.600830078125,32062500
2024-07-26,1620.892276404039,1641.475035469487,1610.600896871315,1636.329345703125,26608400
2024-07-29,1636.329345703125,1656.912104768573,1631.183655936763,1636.329345703125,27176600
2024-07-30,1646.6206704721362,1672.3491184482632,1636.3292912816853,1662.0577392578125,46439400
2024-07-31,1672.349178717003,1682.6405582783384,1646.6207298136644,1656.912109375,44870200
2024-08-01,1656.9120522836538,1672.34912109375,1631.1836042668267,1672.34912109375,36345400
2024-08-02,1667.2035000352973,1734.0974676293063,1662.0578102203735,1708.3690185546875,72656600
2024-08-05,1682.6406072227699,1682.6406072227699,1579.7268086158726,1590.0181884765625,136208200
2024-08-06,1626.037966170401,1646.620725235849,1584.8724480395047,1636.329345703125,92352300
2024-08-07,1651.7663600673616,1682.6404976387141,1646.6206704721362,1662.0577392578125,52487400
2024-08-08,1651.766354743216,1662.0577339004944,1626.0379068500195,1641.4749755859375,33577900
2024-08-09,1651.766415002211,1656.912104768573,1620.892276404039,1636.329345703125,38362100
2024-08-12,1641.4749220859858,1667.203369140625,1636.329232675058,1667.203369140625,55556900
2024-08-13,1672.3491184482632,1682.6404976387141,1641.4749808769106,1662.0577392578125,57590400
2024-08-14,1662.0577991556677,1667.2034889363354,1646.6207298136644,1656.912109375,32403100
2024-08-15,1656.9121694594528,1656.9121694594528,1631.1837196231259,1651.7664794921875,35270300
2024-08-16,1662.0578058754527,1698.0776344857566,1662.0578058754527,1687.7862548828125,75452400
2024-08-19,1682.6405650813406,1698.0776344857566,1667.2034956769246,1687.7862548828125,27875100
2024-08-20,1687.7861925410934,1692.9318821524992,1667.2034340954704,1682.6405029296875,28237200
2024-08-21,1687.7862526361196,1698.0776322253641,1667.2034934576302,1677.494873046875,40796800
2024-08-22,1667.2033865792412,1744.3887285505025,1646.6206287202383,1728.95166015625,113355100
2024-08-23,1734.0973058695065,1790.6998885536743,1734.0973058695065,1785.55419921875,118011400
2024-08-26,1795.8458251953123,1800.991515238852,1764.9716849340748,1795.8458251953125,50557000
2024-08-27,1806.1371470364656,1837.0112863020463,1780.4086976484818,1811.2828369140625,66094200
2024-08-28,1826.7198462121546,1831.8655359197944,1800.9913976739554,1816.428466796875,50932800
2024-08-29,1821.574216669256,1847.30266605724,1800.991457158869,1811.2828369140625,63218700
2024-08-30,1821.5742208073648,1847.3026702537966,1806.1371511395057,1831.8656005859375,95767700
2024-09-02,1847.3026146717018,1878.1767530784712,1837.0112352027786,1857.593994140625,96348100
2024-09-03,1857.5940541585287,1867.8854339599611,1831.865604654948,1852.4483642578125,45068100
2024-09-04,1821.5742208073648,1867.8854298109418,1795.845771360933,1831.8656005859375,73571700
2024-09-05,1831.8656607614435,1837.0113508197621,1780.408760178257,1826.719970703125,64913100
2024-09-06,1816.4283352282962,1821.5740245632205,1780.4085098838257,1785.55419921875,45222100
2024-09-09,1785.5544451082333,1800.991515238852,1744.3889247599166,1795.8458251953125,82176000
2024-09-10,1795.8458251953123,1831.8656555000894,1770.1173749776144,1795.8458251953125,74744100
2024-09-11,1795.8457672812722,1816.4285267916594,1785.5543875260787,1811.2828369140625,81318300
2024-09-12,2017.1104048295454,2084.0043723366475,1955.3621271306818,1981.090576171875,531570400
2024-09-13,1975.9448654632151,1975.9448654632151,1883.322449894627,1888.4681396484375,208787000
2024-09-17,1888.4680903008646,1945.070676113697,1837.0111941073806,1934.779296875,136509300
2024-09-18,1934.7792192851027,1945.0705981110875,1873.0309463291953,1878.1766357421875,101840000
2024-09-19,1883.3223876953123,1903.9051460307803,1842.1568710243766,1883.3223876953125,127737900
2024-09-20,1888.467899146765,1924.4877228362127,1873.0308318512873,1898.75927734375,152237900
2024-09-23,1914.1965305637668,1924.4879097603462,1898.7594617688976,1903.9051513671875,70067100
2024-09-24,1919.3423471705798,1934.7794169869653,1898.7595874153994,1924.488037109375,111192200
2024-09-25,1934.7791010331978,1934.7791010331978,1893.6135882452575,1898.75927734375,75405400
2024-09-26,1914.1965409536213,1945.0706787109377,1903.9051617011824,1945.0706787109375,76548100
2024-09-27,1945.0707539512068,2027.4017911554906,1924.487994650136,2011.9647216796875,121060900
2024-09-30,2011.9647104658793,2022.2560900590552,1960.5078125,1960.5078125,72652500
2024-10-01,1970.79914451132,2022.2560412348532,1909.0508684430804,2017.1103515625,131208500
2024-10-02,2006.8189044331396,2006.8189044331396,1970.799077943314,1991.3818359375,51106900
2024-10-03,1986.2362637432689,1991.3819535457123,1970.7991943359377,1970.7991943359375,28529100
2024-10-04,1981.0905716863517,2001.6733308727034,1960.5078125,1960.5078125,42159000
2024-10-07,2001.6733398437498,2022.2560991223488,1975.9448907455012,2001.67333984375,78469800
2024-10-08,2006.819082159745,2006.819082159745,1955.3621826171875,1955.3621826171875,70099000
2024-10-09,1965.6535644531248,1975.9449443717276,1934.7794246973165,1965.653564453125,49286700
2024-10-10,1970.799254412426,1991.3820142496318,1965.6535644531248,1965.653564453125,57294900
2024-10-11,1991.3818359375,2001.673214934593,1981.090456940407,1991.3818359375,26344700
2024-10-14,1991.3818359375,2011.964593931686,1986.2361464389535,1991.3818359375,43032900
2024-10-15,1991.3820199868114,2017.110469857442,1981.090640038559,1996.5277099609375,52135200
2024-10-16,2006.819025213068,2006.819025213068,1970.7991965553977,1981.090576171875,106113000
2024-10-17,1986.236090244391,2011.9645370092148,1970.799022185497,2006.81884765625,41860900
2024-10-18,2006.8189542255707,2011.96464385179,1919.3422305798406,1945.0706787109375,89683900
2024-10-21,1950.2164868033506,1955.3621767421457,1903.9052773541946,1924.488037109375,67414900
2024-10-22,1924.4880973263655,1939.9251676257747,1903.905336927153,1919.3424072265625,54862400
2024-10-23,1919.3420337377202,1924.4877228362127,1893.6135882452575,1898.75927734375,44721100
2024-10-24,1898.7594591223674,1909.0508383046026,1888.4680799401324,1893.61376953125,34075500
2024-10-25,1903.9051460307803,1909.0508356146472,1847.3025606082435,1883.3223876953125,77709700
2024-10-28,1898.7594591223674,1919.3422174868376,1878.1767007578974,1893.61376953125,39595900
2024-10-29,1903.9052041634382,1903.9052041634382,1862.7396862355802,1867.8853759765625,20534800
2024-10-30,1867.885438017793,1888.468197665372,1842.1569884583191,1873.0311279296875,36350000
2024-10-31,1873.0310031616884,1893.6137614381905,1862.7396240234375,1862.7396240234375,53507800
2024-11-01,1862.7398208175296,1970.7993131853973,1862.7398208175296,1950.216552734375,146059200
2024-11-04,1975.9447757633588,2027.4016709655298,1975.9447757633588,2022.2559814453125,141050500
2024-11-05,2089.150021996829,2212.646575021272,2063.42157345007,2078.858642578125,438639700
2024-11-06,2089.149832937188,2114.8782791556264,2047.984318987687,2063.42138671875,113133700
2024-11-07,2053.1301792689733,2058.2758689413267,2001.67328254544,2017.1103515625,96971400
2024-11-08,2017.110402557931,2017.110402557931,1960.5078147310503,1970.7991943359375,90924600
2024-11-11,1970.7992465585312,1986.2363163749164,1919.3423471705798,1924.488037109375,99455600
2024-11-12,1955.3621845345222,2006.8190841275357,1950.2164945752206,1965.653564453125,85754000
2024-11-13,2032.54742057956,2063.4215586136797,1991.3819032007334,2017.1103515625,144865000
2024-11-14,2027.4017821628183,2032.547471965262,1970.7991943359377,1970.7991943359375,84790900
2024-11-15,1970.79914451132,2027.4017309072067,1950.216385821907,2017.1103515625,83361300
2024-11-18,2017.1103225295606,2017.1103225295606,1888.4680825723183,1903.9051513671875,256319600
2024-11-19,1914.1964706873316,1955.3619861859838,1888.468023500674,1909.05078125,107023300
2024-11-20,1909.050655540735,1929.6334119347052,1883.3222100482724,1898.75927734375,80247300
2024-11-21,1903.905148713485,1909.0508383046026,1883.322390349015,1893.61376953125,80544200
2024-11-22,1893.6135989583336,1929.6334228515627,1873.030842447917,1929.6334228515625,154094300
2024-11-25,1934.7792372969166,1960.5076846013967,1919.3421689142283,1939.9249267578125,192437100
2024-11-26,1945.0707269403524,1965.6534859555943,1888.4681396484375,1888.4681396484375,283961800
2024-11-28,2254.5751953125,2254.5751953125,2254.5751953125,2254.5751953125,20071600
2024-11-29,1690.9314686701848,1805.2939834594727,1690.9314686701848,1699.1002197265625,1047877300
2024-12-02,1707.2689267113094,1944.1627012310605,1707.2689267113094,1886.9814453125,517878000
2024-12-03,1903.318942829714,1985.0064511056673,1862.4751886917372,1927.8251953125,258567000
2024-12-04,1935.9939461400954,1944.1626969676906,1878.812690346928,1927.8251953125,135756100
2024-12-05,1952.3315492287659,1976.8378029847754,1878.812787960737,1911.48779296875,179016300
2024-12-06,1911.4876241932745,1911.4876241932745,1870.643871539572,1878.8126220703125,152806600
2024-12-09,1886.9813341738572,2205.562598385028,1886.9813341738572,2189.22509765625,509279500
2024-12-10,2205.5628380408652,2352.600360576923,2140.21282802484,2230.069091796875,360677800
2024-12-11,2230.068698926904,2262.74369817858,2132.043701171875,2132.043701171875,159744000
2024-12-12,2132.0438507441945,2172.88760267416,2050.356346884264,2066.69384765625,120595500
2024-12-13,2083.031587822493,2148.3815984208454,2074.8628364976985,2107.537841796875,110671800
2024-12-16,2107.53774226262,2172.8877497746394,2025.850232872596,2123.875244140625,137736700
2024-12-17,2164.718956206424,2172.8877069845616,2050.3564453125,2050.3564453125,94626300
2024-12-18,2115.70654296875,2148.3815474933635,2074.8627873129826,2115.70654296875,91709300
2024-12-19,2099.368799404835,2107.5375495970716,2058.5250484436515,2074.862548828125,57029200
2024-12-20,2074.862743183211,2107.537747012868,2050.356490310968,2083.031494140625,65183500
2024-12-23,2107.5375495970716,2115.7062997893086,2058.5250484436515,2074.862548828125,49626700
2024-12-24,2074.8626976469122,2132.0439530938743,2050.3564453125,2050.3564453125,70990000
2024-12-27,2066.693798635888,2074.862548828125,2034.0187978669414,2074.862548828125,64253200
2024-12-30,2080.38775157536,2105.9662895045653,2054.809213646155,2071.861572265625,75087400
2025-01-02,2080.3876798727765,2165.649470031497,2071.8615008569045,2157.123291015625,64116400
2025-01-03,2157.1231917714686,2199.754084889482,2088.9137627826476,2097.43994140625,76328900
2025-01-06,2105.9662013975512,2114.4923803505776,2029.2305908203125,2029.2305908203125,49081900
2025-01-07,2029.230694110577,2114.492487980769,1978.0736177884614,2105.96630859375,67782800
2025-01-08,2105.9662119547525,2148.5971069335938,2046.282958984375,2046.282958984375,61062900
2025-01-09,2063.335285414997,2071.8614642803486,1995.1258544921875,1995.1258544921875,45892800
2025-01-10,2012.1782016096445,2037.756738070784,1978.073486328125,1978.073486328125,62624200
2025-01-13,1986.599741314827,2037.7568161984707,1961.021203873005,2003.652099609375,74767000
2025-01-14,2029.2305804753707,2063.3352961136125,2012.17822265625,2012.17822265625,60111900
2025-01-15,2029.2306009928384,2071.8614959716797,2012.178243001302,2046.282958984375,64611600
2025-01-16,2063.335260794865,2105.966154612941,2046.282903267635,2054.80908203125,64925500
2025-01-17,2063.335316975911,2071.8614959716797,2012.178243001302,2046.282958984375,42754800
2025-01-20,2046.2829953457447,2063.3353536402924,2003.6520996093748,2003.652099609375,45514100
2025-01-21,2012.178258590368,2020.7044376521917,1969.54736328125,1969.54736328125,48624800
2025-01-22,1986.599665148505,2003.6520227892647,1978.073486328125,1978.073486328125,38370100
2025-01-23,1986.5996756268362,2037.7567488189436,1969.5473178961338,1995.1258544921875,89773300
2025-01-24,1995.1257090692934,2012.178065557065,1943.968639605978,1961.02099609375,49262300
2025-01-30,1969.5471743376359,1978.0733525815217,1918.3901048743205,1961.02099609375,69364100
2025-01-31,1969.5473732354815,1995.1259105502281,1952.4950150256504,1986.5997314453125,28461600
2025-02-03,1978.0735423430735,1986.5997214048973,1926.916467972132,1969.54736328125,41039600
2025-02-04,1969.5473732354815,2020.7044478649746,1952.4950150256504,1986.5997314453125,40429000
2025-02-05,2037.7567593849312,2037.7567593849312,1978.0735070180085,2012.17822265625,44623600
2025-02-06,2012.1782482430403,2020.7044272610192,1926.9164580632505,1952.4949951171875,25004000
2025-02-07,1952.4949848998485,1952.4949848998485,1901.337911059678,1935.442626953125,31794100
2025-02-10,1935.4425954689268,1935.4425954689268,1875.7593436262728,1884.2855224609375,40513300
2025-02-11,1884.2854900981106,1892.8116687863371,1807.5498819040697,1833.12841796875,55581600
2025-02-12,1833.128523145403,1926.9164940970284,1824.6023439679827,1909.8641357421875,51489500
2025-02-13,1909.8640589649322,1918.3902377995971,1867.2331647916078,1884.2855224609375,25864900
2025-02-14,1892.8117773873464,1909.8641357421875,1875.7594190325055,1909.8641357421875,25653500
2025-02-17,1909.8641550164473,1961.021230597245,1884.2856172260485,1943.9688720703125,26585800
2025-02-18,1943.9688623478983,1961.0212207895465,1918.3903246854259,1926.91650390625,31548300
2025-02-19,1935.4424934895833,1952.4948502604166,1884.2854231770832,1918.39013671875,30930100
2025-02-20,1918.3901700106533,1918.3901700106533,1867.2330988103693,1875.75927734375,51774500
2025-02-21,1875.7593893348624,1909.864105504587,1858.70703125,1858.70703125,34827700
2025-02-24,1858.707097023045,1892.8118143996146,1833.1285589906179,1867.2332763671875,25614100
2025-02-25,1858.7069893973214,1867.233168247768,1773.4452008928572,1790.49755859375,42874400
2025-02-26,1799.0238037109375,1833.1285203689647,1773.4452662174172,1799.0238037109375,34974000
2025-02-27,1816.076016191123,1833.1283731506642,1747.8665883529588,1764.9189453125,42563900
2025-02-28,1764.9189453125,1790.4974807518115,1713.7618744338768,1764.9189453125,67351500
2025-03-03,1790.4975943216464,1799.0237733422257,1713.761983136433,1747.86669921875,71978900
2025-03-04,1739.3405748936518,1756.3929334710406,1598.6586166301947,1628.500244140625,136834400
2025-03-05,1628.5001779656661,1658.3418042634662,1590.1323727256372,1619.9739990234375,143028000
2025-03-06,1671.1310880335366,1764.9190572599086,1671.1310880335366,1747.86669921875,144894100
2025-03-07,1747.8667358398436,1756.3929150390625,1696.7096606445311,1705.23583984375,69663600
2025-03-10,1730.8142363944191,1747.8665934032313,1619.973915837141,1632.76318359375,94510000
2025-03-11,1628.5002144478462,1628.5002144478462,1556.0276918153504,1577.3431396484375,98574500
2025-03-12,1577.3431396484375,1585.8693187816723,1543.2384231154983,1577.3431396484375,69711900
2025-03-13,1577.3430561955429,1598.658502900888,1551.7645201491287,1590.13232421875,70322500
2025-03-14,1581.606083822514,1585.8691729972377,1534.7121029005525,1543.23828125,61848900
2025-03-17,1543.2383754089187,1556.0276437134125,1504.8705704954373,1547.50146484375,65129900
2025-03-18,1547.5014543028594,1551.7645437086526,1432.3980403464484,1530.4490966796875,92897100
2025-03-19,1526.186100938585,1543.23845960829,1496.3444732666017,1534.7122802734375,58040000
2025-03-20,1543.23845960829,1585.8693562825522,1521.9230112711589,1534.7122802734375,76898500
2025-03-21,1534.7122802734375,1538.9753699408636,1487.8182939317492,1534.7122802734375,72314800
2025-03-24,1526.1860142299108,1526.1860142299108,1449.450404575893,1492.081298828125,64307500
2025-03-25,1470.7658792840034,1487.8182373046875,1457.9766107684904,1487.8182373046875,42868900
2025-03-26,1496.3443749469259,1577.3430733058763,1492.0812855596128,1568.81689453125,58511800
2025-03-27,1568.8168667428863,1573.0799560546875,1538.975241560277,1573.0799560546875,40781500
2025-04-08,1470.7658261006366,1470.7658261006366,1364.188592325228,1402.556396484375,141027600
2025-04-09,1398.2934008049242,1445.1873868075286,1368.4517733487216,1406.819580078125,86056100
2025-04-10,1475.0289766199448,1487.8182452033548,1445.1873499253218,1449.450439453125,83847100
2025-04-11,1445.1872668919689,1470.7658025891717,1419.6087311947658,1462.2396240234375,50787600
2025-04-14,1466.5027996635977,1521.922963604373,1462.239710129692,1504.87060546875,67488800
2025-04-15,1513.3968319363064,1560.2908182779947,1500.6075629340278,1534.7122802734375,76449300
2025-04-16,1543.23845960829,1573.0800872802733,1521.9230112711589,1534.7122802734375,93203900
2025-04-17,1534.7122802734375,1543.23845960829,1509.1337422688803,1534.7122802734375,57545300
2025-04-21,1534.71225220741,1551.7646105652702,1530.449162617945,1538.975341796875,34104500
2025-04-22,1543.238378646526,1624.2370780782496,1530.449110315201,1602.921630859375,121770200
2025-04-23,1624.2371248812287,1637.026393581081,1568.8169605152027,1577.3431396484375,71378400
2025-04-24,1585.86930078125,1628.5001959635417,1577.3431217447917,1598.6585693359375,75456400
2025-04-25,1602.921630859375,1615.7108991906998,1594.395451971825,1602.921630859375,52602900
2025-04-28,1611.4478200812089,1645.5525358501234,1598.6585516678658,1619.9739990234375,58310900
2025-04-29,1624.2370884945517,1632.7632674367803,1615.710909552323,1619.9739990234375,39242200
2025-04-30,1619.9739990234375,1641.289446379009,1602.9216411389802,1619.9739990234375,64060100
2025-05-02,1598.6586350661057,1615.710993840144,1590.1324556790864,1607.184814453125,43142000
2025-05-05,1607.1847097745506,1615.7108886062458,1577.3430838636173,1585.8692626953125,58190500
2025-05-06,1594.3954798177083,1611.4478378906251,1590.132390299479,1598.6585693359375,53213500
2025-05-07,1607.1847306100944,1658.3418042634662,1607.1847306100944,1619.9739990234375,69971800
2025-05-08,1619.974027044855,1637.0263852242742,1594.3954897757255,1615.7109375,61170800
2025-05-09,1615.7109171001096,1615.7109171001096,1581.606201171875,1581.606201171875,35964800
2025-05-14,1585.869201819517,1641.289362098156,1585.869201819517,1632.76318359375,131459600
2025-05-15,1615.710826584938,1641.289362098156,1611.447737332735,1632.76318359375,72559600
2025-05-16,1658.3417548601017,1875.7593114098838,1637.0263081395349,1833.12841796875,287980400
2025-05-19,1850.1808040224273,2046.282916891164,1841.6546252020476,1978.073486328125,345031600
2025-05-20,2003.6520261462458,2071.861456823565,1884.2855224609375,1884.2855224609375,310118200
2025-05-21,1918.3902740478516,1926.9164530436196,1833.1284840901692,1841.6546630859375,167691200
2025-05-22,1841.6545966569768,1858.7069540334303,1816.0760605922965,1833.12841796875,104428800
2025-05-23,1799.0237374441965,1807.5499162946428,1781.9713797433035,1790.49755859375,73673300
2025-05-26,1816.0761520166718,1841.6546893690193,1764.9190773119767,1781.971435546875,104197400
2025-05-27,1816.0761308295237,1961.0211741351663,1790.4975937755867,1952.4949951171875,276927900
2025-05-28,1969.5472412109375,2012.1781338778408,1858.7069202769885,1875.75927734375,351823900
2025-06-02,1875.7594263497651,1884.285605560446,1799.0238134536385,1816.076171875,137729200
2025-06-03,1833.128452845982,1850.180810546875,1781.9713797433035,1790.49755859375,102070000
2025-06-04,1799.0237374441965,1850.180810546875,1790.49755859375,1790.49755859375,105923900
2025-06-05,1807.5499267578125,1824.6022845574146,1781.9713900584095,1807.5499267578125,70318400
2025-06-10,1807.5499828754444,1824.602341204458,1773.4452662174172,1799.0238037109375,112227000
2025-06-11,1816.0761056576134,1824.6022845574146,1790.4975689582104,1807.5499267578125,83175100
2025-06-12,1807.5499267578125,1833.1284634572155,1790.4975689582104,1807.5499267578125,117397600
2025-06-13,1813.7406798245613,1878.5171326754385,1804.4869008458647,1846.12890625,131136900
2025-06-16,1846.1289697265624,1897.024755859375,1836.8751904296876,1850.755859375,77289400
2025-06-17,1878.5171972656249,1878.5171972656249,1841.502080078125,1850.755859375,35731200
2025-06-18,1850.7558544676508,1860.009633739989,1827.621406286805,1841.5020751953125,69269600
2025-06-19,1841.5019791243913,1841.5019791243913,1776.7255275974026,1781.3524169921875,72922200
2025-06-20,1781.3524439001596,1790.6062228295111,1711.9491019300235,1721.202880859375,182119700
2025-06-23,1711.9490695529514,1711.9490695529514,1656.4263970269099,1665.68017578125,86737300
2025-06-24,1674.9340235182076,1707.3222504923167,1674.9340235182076,1679.5609130859375,62766700
2025-06-25,1702.6953453256303,1702.6953453256303,1633.2920024455095,1651.799560546875,66293600
2025-06-26,1656.4263916015625,1670.3070596876091,1647.1726128775315,1656.4263916015625,48210100
2025-06-30,1674.9339706337516,1702.6953071635928,1665.6801917904713,1693.4415283203125,51581800
2025-07-01,1707.322196585233,1721.2028648501537,1679.560860055392,1693.4415283203125,38347300
2025-07-02,1693.441560987016,1698.0684504979095,1642.5457763671875,1642.5457763671875,54356500
2025-07-03,1651.799609444358,1661.0533887689764,1610.157602483576,1628.6651611328125,71567900
2025-07-04,1628.6650974893162,1633.29198697082,1600.9037606002937,1624.0382080078125,43978000
2025-07-07,1628.6651513110633,1628.6651513110633,1600.9038135046246,1610.1575927734375,32279600
2025-07-08,1610.1575343615689,1656.426429027131,1610.1575343615689,1614.784423828125,58165700
2025-07-09,1614.784482407844,1624.038261676657,1600.9038135046246,1610.1575927734375,49878100
2025-07-10,1614.7844132133152,1707.3222019361413,1614.7844132133152,1702.6953125,76250900
2025-07-11,1711.9491071242062,1772.0986703474891,1702.695328166778,1730.4566650390625,96067200
2025-07-14,1735.0835930811215,1739.7104826626712,1679.5609181025256,1688.814697265625,53413000
2025-07-15,1688.8146922213973,1693.4415817891272,1665.680244382748,1679.5609130859375,35314100
2025-07-16,1684.1877547554348,1730.4566491168478,1684.1877547554348,1702.6953125,46377600
2025-07-17,1711.9490860068731,1716.5759754285134,1688.8146388986722,1693.4415283203125,42886200
2025-07-18,1693.4415918500936,1721.2029294214067,1693.4415918500936,1698.0684814453125,32812200
2025-07-21,1725.829843698193,1753.5911816665287,1707.322285052636,1744.33740234375,52151800
2025-07-22,1748.9642119662453,1897.0246743549221,1748.9642119662453,1818.3675537109375,270044800
2025-07-23,1860.0096483891552,1897.024765770034,1822.9945310082767,1869.263427734375,147267400
2025-07-24,1878.5171219837816,1887.77090090981,1818.3675589645966,1827.621337890625,64712300
2025-07-25,1836.8750841424608,1846.1288629038838,1767.4717434317884,1772.0986328125,66713900
2025-07-28,1781.3524169921875,1813.7406427556818,1776.7255275974026,1781.3524169921875,43988100
2025-07-29,1785.9793650309246,1799.8600336710613,1767.4718068440754,1776.7255859375,38448400
2025-07-30,1785.9793546977796,1795.2331337376645,1748.9642385382401,1758.218017578125,45115800
2025-07-31,1758.217991184544,1767.4717700855151,1711.9490966796875,1711.9490966796875,74705000
2025-08-01,1716.5760547136813,1735.0836132550687,1716.5760547136813,1725.829833984375,25653000
2025-08-04,1725.829790938528,1776.7255756578948,1693.4415642989309,1758.218017578125,52741400
2025-08-05,1758.2180614318029,1762.8449510671499,1721.202944349028,1725.829833984375,40393200
2025-08-06,1725.8297703240507,1739.710438718078,1721.202880859375,1721.202880859375,33705900
2025-08-07,1725.8297755603485,1748.9642229539188,1725.8297755603485,1730.4566650390625,23892300
2025-08-08,1711.949063945749,1711.949063945749,1651.7995022395469,1656.4263916015625,161970100
2025-08-11,1665.680181176623,1693.4415175295665,1656.4264023923083,1674.9339599609375,68257400
2025-08-12,1674.9339862126176,1730.4566597887265,1674.9339862126176,1721.202880859375,63852100
2025-08-13,1753.591090801635,1753.591090801635,1693.4415283203125,1693.4415283203125,72682400
2025-08-14,1693.4415336277175,1725.8297596807065,1693.4415336277175,1702.6953125,29782700
2025-08-15,1702.695296313881,1711.9490750981956,1674.9339599609375,1674.9339599609375,45821800
2025-08-19,1674.9339545355904,1679.5608439127604,1656.4263970269099,1665.68017578125,79046600
2025-08-20,1665.680181176623,1679.5608493530947,1665.680181176623,1674.9339599609375,39415400
2025-08-21,1674.934067629696,1693.4416263880353,1647.1727294921875,1647.1727294921875,81542300
2025-08-22,1656.4264448998679,1665.680223921655,1642.5457763671875,1642.5457763671875,55696800
2025-08-25,1647.172709848689,1661.0533787519082,1610.1575927734375,1610.1575927734375,126177800
2025-08-26,1610.157529099874,1647.1726447113654,1587.023081842692,1605.5306396484375,957667000
2025-08-27,1647.1726811374654,1725.8298035513333,1633.2920124761947,1670.30712890625,320062900
2025-08-28,1698.0685111008122,1698.0685111008122,1637.9189453125,1637.9189453125,104126600
2025-08-29,1619.4113185263088,1642.5457659338274,1591.6499816372864,1624.0382080078125,165863700
2025-09-01,1577.7693555964981,1605.530693231627,1545.3811283555142,1591.6500244140625,94527700
2025-09-02,1600.9038036257723,1614.7844724433367,1591.6500244140625,1591.6500244140625,58106300
2025-09-03,1596.2769189735368,1637.9189255554552,1591.6500293533238,1600.90380859375,80794900
2025-09-04,1605.530712821267,1684.187837080522,1605.530712821267,1628.6651611328125,167436900
2025-09-08,1633.292030866756,1647.1726996843206,1591.6500244140625,1591.6500244140625,123216100
2025-09-09,1591.6499443620178,1610.1575018545996,1559.26171875,1559.26171875,82607000
2025-09-10,1563.8886081231456,1587.0230549888724,1559.26171875,1559.26171875,59001100
2025-09-11,1573.1424458821614,1582.396224975586,1554.6348876953125,1554.6348876953125,53602600
2025-09-12,1559.2617721100767,1568.5155511730445,1545.381103515625,1545.381103515625,77099600
2025-09-15,1550.0079981486003,1563.888666788737,1550.0079981486003,1554.6348876953125,59001400
2025-09-16,1559.2617616595644,1573.142430160985,1522.2466456557765,1526.87353515625,133878100
2025-09-17,1531.5003771426072,1554.6348239272388,1526.873487785681,1550.0079345703125,76718400
2025-09-18,1554.6348668540397,1559.2617563387244,1517.6197509765625,1517.6197509765625,88086100
2025-09-19,1522.246713632578,1540.7542724609375,1508.3660445113082,1540.7542724609375,89103600
2025-09-22,1540.7542088520095,1554.6348774002258,1522.2466507877211,1536.1273193359375,68080400
2025-09-23,1540.7542575489392,1633.2920507951217,1526.8735885620117,1628.6651611328125,265965400
2025-09-24,1642.5458151756684,1656.4264840363078,1596.2769189735368,1600.90380859375,146696300
2025-09-25,1605.5306343410325,1624.0381920855978,1582.396187160326,1596.27685546875,75319600
2025-09-26,1573.1424560546875,1591.6500143612132,1563.8886769014246,1573.1424560546875,58983800
2025-09-29,1573.1424082880435,1605.5306343410325,1568.5155188519022,1596.27685546875,60551100
2025-09-30,1600.9037883690828,1610.1575674926034,1563.888671875,1563.888671875,75864300
2025-10-01,1573.1424407045283,1577.7693302360124,1540.754213984141,1545.381103515625,55169300
2025-10-02,1550.0079930471088,1577.7693302360124,1545.381103515625,1545.381103515625,49443100
2025-10-03,1540.7542088520095,1554.6348774002258,1526.8735403037933,1536.1273193359375,53013900
2025-10-06,1540.7542676666353,1563.8887161300984,1526.8735985885576,1531.50048828125,65166500
2025-10-07,1540.7542036576706,1540.7542036576706,1512.9928666548296,1526.87353515625,91088500
2025-10-08,1526.8735186602617,1711.9490966796875,1503.7390714078335,1711.9490966796875,324208100
2025-10-09,1725.8298283395052,1739.7104972001446,1577.7693604926842,1600.90380859375,486714100
2025-10-10,1605.5307080078126,1651.7996044921874,1591.6500390625,1619.411376953125,149046300
2025-10-13,1596.27685546875,1642.545749830163,1563.8886294157608,1596.27685546875,115736300
2025-10-14,1600.9037341344392,1637.9188493745419,1559.2617294893237,1577.769287109375,142590700
2025-10-15,1577.7693354288738,1587.023114522298,1531.5004399617512,1554.6348876953125,84255400
2025-10-16,1563.8886026410914,1568.5154919980178,1545.3810452133862,1550.0079345703125,43126000
2025-10-17,1550.0079826586175,1563.8886511600379,1526.87353515625,1526.87353515625,79119300
2025-10-20,1526.8734984271293,1577.7692817080338,1526.8734984271293,1568.5155029296875,71982100
2025-10-21,1568.5155587235977,1698.0684662287917,1568.5155587235977,1670.30712890625,283345400
2025-10-22,1674.934002943442,1684.1877819652289,1624.0382183236136,1642.5457763671875,120500800
2025-10-23,1647.1726128775315,1665.6801703255935,1624.0381660674536,1656.4263916015625,61586100
2025-10-24,1656.4264991066673,1674.9340577559037,1624.0382714705033,1628.6651611328125,71132100
2025-10-27,1628.6651129201682,1679.5608976989233,1605.5306652934612,1651.799560546875,126426000
2025-10-28,1661.0533395975579,1670.3071186482405,1642.5457814961921,1651.799560546875,74745100
2025-10-29,1651.7995189104893,1799.8599799893007,1642.5457400930636,1790.606201171875,465423400
2025-10-30,1809.1138428967408,1860.009628758286,1772.0987259065262,1832.248291015625,365299800
2025-10-31,1832.248305910146,1836.8751955715352,1725.829843698193,1744.33740234375,278129200
2025-11-03,1753.5911481405042,1836.8751604532458,1753.5911481405042,1795.233154296875,167263300
2025-11-04,1795.233198511319,1809.1138675719735,1744.3374119555856,1762.844970703125,97432000
2025-11-05,1739.7104543857474,1758.2180124111276,1711.949117347677,1748.9642333984375,109993300
2025-11-06,1748.9642486572266,1804.4869232177734,1748.9642486572266,1776.7255859375,140062300
2025-11-07,1781.3524276615722,1813.7406536190551,1762.8448699715818,1799.8599853515625,104734700
2025-11-10,1818.367612254863,1832.2482810507015,1790.6062746631856,1813.74072265625,118023700
2025-11-11,1813.7407176482373,1827.6213864057493,1781.352490547376,1804.4869384765625,130750300
2025-11-12,1804.4868853619992,1832.248222059876,1785.9793275634145,1818.3675537109375,96844300
2025-11-13,1818.367597036411,1822.9944865963002,1785.9793701171875,1785.9793701171875,89248300
2025-11-14,1776.7255651595744,1781.3524546521776,1739.71044921875,1739.71044921875,110646200
2025-11-17,1739.710464557428,1767.4718017578125,1721.2029064238384,1767.4718017578125,104434200
2025-11-18,1767.4717861743684,1776.7255651595744,1711.9491122631316,1739.71044921875,98428200
2025-11-19,1748.9642486572266,1785.9793650309246,1739.710469563802,1776.7255859375,74350800
2025-11-20,1785.9794191375493,1795.233198511319,1758.2180810162401,1762.844970703125,52140900
2025-11-21,1758.2180019113468,1758.2180019113468,1725.8297755603485,1730.4566650390625,60223900
2025-11-24,1744.3373974609374,1744.3373974609374,1711.949169921875,1735.0836181640625,88910200
2025-11-25,1739.7104979152627,1739.7104979152627,1711.9491601825725,1716.5760498046875,53971700
2025-11-26,1735.0836032774391,1735.0836032774391,1688.8147071900407,1707.322265625,64919800
2025-11-27,1711.9490750981956,1711.9490750981956,1674.9339599609375,1674.9339599609375,70755600
2025-11-28,1674.9339599609375,1684.187738745252,1665.680181176623,1674.9339599609375,48940700
2025-12-01,1679.5608547336453,1698.0684123615642,1679.5608547336453,1684.187744140625,44059900
2025-12-02,1688.814644191576,1721.2028702445652,1688.814644191576,1702.6953125,52388300
2025-12-03,1702.6953177787161,1716.575986130173,1698.0684283282305,1711.9490966796875,24998900
2025-12-04,1711.9490750981956,1716.575964490353,1670.30707056878,1674.9339599609375,46528500
2025-12-05,1674.9340235182076,1679.5609130859375,1665.680244382748,1679.5609130859375,42791600
2025-12-08,1702.6953433388157,1762.8449070980676,1698.0684538188734,1758.218017578125,173167600
2025-12-09,1762.844935778376,1762.844935778376,1693.4415918500936,1698.0684814453125,104418300
2025-12-10,1702.6953071635928,1725.8297542717937,1693.4415283203125,1693.4415283203125,51947100
2025-12-11,1702.6954057672049,1725.829854215129,1633.292060423433,1647.1727294921875,115890200
2025-12-12,1647.1727294921875,1665.6802882505265,1633.292060423433,1647.1727294921875,56176000
2025-12-15,1651.7995806132278,1707.3222555918237,1642.5458014501285,1688.814697265625,77447900
2025-12-16,1688.8146871212778,1693.4415766750346,1665.6802393524931,1670.30712890625,45008700
2025-12-17,1684.1878026536674,1707.3222504923167,1670.307133950478,1679.5609130859375,55292900
2025-12-18,1758.218017578125,1790.606244217722,1739.7104594983552,1758.218017578125,264349900
2025-12-19,1758.218017578125,1776.7255756578948,1758.218017578125,1758.218017578125,130050500
2025-12-22,1767.4718555460506,1772.0987452202548,1744.337407175029,1753.5911865234375,102188900
2025-12-23,1753.5911913293553,1767.4718603900099,1744.3374119555856,1762.844970703125,58690600
2025-12-24,1762.8449019174727,1767.4717914238179,1748.9642333984375,1748.9642333984375,83361000
2025-12-29,1772.098648816577,1818.3675430415528,1767.4717593940793,1799.8599853515625,264307500
2025-12-30,1840.0,1840.0,1805.0,1810.0,151401900
2026-01-02,1810.0,1825.0,1810.0,1820.0,58883900
2026-01-05,1825.0,1865.0,1825.0,1840.0,78143000
2026-01-06,1850.0,1925.0,1820.0,1865.0,183422100
2026-01-07,1890.0,2050.0,1870.0,2010.0,295221400
2026-01-08,2120.0,2250.0,2010.0,2030.0,535722000
2026-01-09,2040.0,2120.0,2010.0,2100.0,192138400
2026-01-12,2150.0,2210.0,2020.0,2150.0,382134900
2026-01-13,2230.0,2340.0,2180.0,2290.0,478869800
2026-01-14,2300.0,2330.0,2210.0,2230.0,225784000
2026-01-15,2250.0,2320.0,2210.0,2230.0,128582000
2026-01-19,2230.0,2250.0,2130.0,2170.0,167472500
2026-01-20,2170.0,2270.0,2160.0,2240.0,141605900
2026-01-21,2250.0,2280.0,2180.0,2260.0,145474200
2026-01-22,2270.0,2400.0,2240.0,2350.0,374028500
2026-01-23,2370.0,2420.0,2280.0,2400.0,231231800
2026-01-26,2420.0,2430.0,2360.0,2390.0,154645200
2026-01-27,2400.0,2410.0,2210.0,2290.0,218547800
2026-01-28,2150.0,2280.0,2070.0,2210.0,337819000
2026-01-29,2210.0,2250.0,1900.0,2220.0,294890600
2026-01-30,2220.0,2310.0,2160.0,2210.0,151823900
2026-02-02,2250.0,2270.0,2070.0,2140.0,201818000
2026-02-03,2140.0,2170.0,2030.0,2150.0,85547100
