Date,Open,High,Low,Close,Volume
2021-02-04,1980.0487060546875,2079.051141357422,1872.7960678100585,1980.0487060546875,874173400
2021-02-05,2021.299470600329,2219.304316699953,1955.2978552337877,2194.5537109375,1157647700
2021-02-08,2285.3061566571887,2334.807373046875,2227.554737535888,2334.807373046875,977135300
2021-02-09,2351.307855962397,2359.558058965774,2178.0535928914833,2252.305419921875,877784900
2021-02-10,2301.806491474243,2450.3101360854844,2244.055074125427,2417.309326171875,1401720500
2021-02-11,2425.5592725800307,2442.0596757948606,2351.307458113295,2367.807861328125,620114900
2021-02-15,2392.558349609375,2433.8093556371227,2376.057947198276,2392.558349609375,361594300
2021-02-16,2400.8086677577853,2425.5592725800307,2359.55765972071,2367.807861328125,349266100
2021-02-17,2367.807838245739,2384.308241299716,2244.054815340909,2268.805419921875,443154100
2021-02-18,2227.554536448966,2326.556960291142,2202.803930488422,2293.55615234375,349948000
2021-02-19,2310.056491427951,2400.8087107340493,2252.3050791422525,2376.05810546875,482821700
2021-02-22,2425.559611692267,2508.0616393008477,2400.8090034096927,2433.809814453125,834610300
2021-02-23,2425.5595703125,2483.310988653274,2409.0591650722786,2425.5595703125,327105100
2021-02-24,2417.3094880933204,2450.3103002174616,2326.557254751933,2400.80908203125,386381000
2021-02-25,2450.31001652898,2483.3108248324006,2425.5594103014146,2442.059814453125,346787800
2021-02-26,2343.0576171875,2384.308631574604,2293.5563999229753,2343.0576171875,1305042600
2021-03-01,2351.3078200649206,2376.058428697183,2318.3070085552376,2343.0576171875,166782500
2021-03-02,2343.0576529590203,2351.307855962397,2244.055216918498,2252.305419921875,298489400
2021-03-03,2285.306105324074,2285.306105324074,2202.804079861111,2227.5546875,192152700
2021-03-04,2079.05126953125,2136.802693684896,2079.05126953125,2079.05126953125,466387000
2021-03-05,1955.2980583758394,2079.0511000451966,1938.7976528199251,1996.549072265625,745024700
2021-03-08,2054.3006591796875,2062.5508626302085,1872.7961832682292,1881.04638671875,476947100
2021-03-09,1881.0461787065583,1947.0477990120517,1798.5441533246917,1839.795166015625,515109500
2021-03-10,1864.545773630185,1881.0461787065583,1790.293950786505,1839.795166015625,193024600
2021-03-12,1881.0462333742253,2013.0494778215393,1881.0462333742253,1996.549072265625,537855700
2021-03-15,2004.7990581805889,2021.2994619516226,1881.0460298978364,1930.5472412109375,371987500
2021-03-16,1938.7973896312294,1938.7973896312294,1848.0451713931718,1872.7957763671875,231241100
2021-03-17,1889.2964281165082,1922.2972390879756,1864.5458198879076,1897.546630859375,147188700
2021-03-18,1938.797727359955,1938.797727359955,1872.7961025987652,1889.2965087890625,149549500
2021-03-19,1872.796060112847,1881.0462630208333,1823.2948426649305,1856.295654296875,123414100
2021-03-22,1864.545654296875,1930.5472703781802,1856.2954522867117,1864.545654296875,125924600
2021-03-23,1897.5463813412034,1905.7965829992086,1831.5447680771615,1872.7957763671875,141239100
2021-03-24,1856.2955654161865,1856.2955654161865,1790.2939453125,1790.2939453125,156928900
2021-03-25,1790.2938652388546,1839.7950781026018,1732.5424502311496,1798.5440673828125,191883200
2021-03-26,1839.7951454193994,2013.0493967817642,1815.0445380819187,2004.7991943359375,652293400
2021-03-29,2004.7990884696487,2004.7990884696487,1864.545654296875,1864.545654296875,454909500
2021-03-30,1872.795890704539,1914.046901513009,1782.043666925905,1823.294677734375,282270900
2021-03-31,1798.5442339409722,1856.2956542968748,1757.2932194010416,1856.295654296875,268981300
2021-04-01,1889.296298980713,1897.546501159668,1815.0444793701172,1848.0452880859375,160897600
2021-04-05,1881.0461758700285,1881.0461758700285,1806.7943531383169,1815.0445556640625,107349400
2021-04-06,1856.295383436997,1930.547198774477,1823.2945766203393,1922.2969970703125,323980600
2021-04-07,1922.2971227613546,1955.2979317357983,1872.7959092996887,1947.0477294921875,237921000
2021-04-08,1947.0479365669282,2046.0503740194838,1930.5475303248354,2037.8001708984375,327839300
2021-04-09,2021.2994619516226,2054.30026949369,1930.5472412109375,1930.5472412109375,264837100
2021-04-12,1905.7968717447916,1905.7968717447916,1823.2948426649305,1856.295654296875,194738500
2021-04-13,1856.2953730511772,1897.5463813412034,1831.5447680771615,1872.7957763671875,111017700
2021-04-14,1881.0459885494904,1930.547198774477,1881.0459885494904,1922.2969970703125,143891700
2021-04-15,1930.5472790948274,1938.7974811422414,1897.5464709051723,1914.046875,109175800
2021-04-16,1944.5784508613363,2011.059765420698,1919.6479579015754,1986.1292724609375,173387400
2021-04-19,1952.888655703292,1969.5089846880007,1911.3378332415198,1944.5784912109375,91552300
2021-04-20,1936.268463784076,1961.198959025931,1911.3379685422208,1952.8887939453125,60372200
2021-04-21,1927.958209717827,1994.4395272943036,1911.3378803237076,1969.509033203125,112742900
2021-04-22,1977.8192891871677,2027.6802796708778,1952.8887939453125,1952.8887939453125,119644900
2021-04-23,1927.9580078125,1944.5783354660562,1919.6478439857221,1927.9580078125,41022800
2021-04-26,1952.8886151812565,2011.059765420698,1944.5784508613363,1986.1292724609375,139616000
2021-04-27,2002.749601100778,2019.3699297406183,1961.1987795011767,1986.1292724609375,96606300
2021-04-28,1977.819052613812,2019.369873046875,1952.8885603539738,2019.369873046875,138325400
2021-04-29,2044.3007345617532,2110.782059262948,2044.3007345617532,2085.8515625,325392600
2021-04-30,2069.230712890625,2077.5408763962096,2027.6798953627008,2069.230712890625,124672100
2021-05-03,2077.541048564608,2127.4020337301586,2060.9207201760914,2094.161376953125,171047200
2021-05-04,2110.7818650107347,2193.883513239504,2077.541205719227,2177.26318359375,284137700
2021-05-05,2177.263077768536,2193.8834066064637,2127.4020912547526,2185.5732421875,180649900
2021-05-06,2168.9530187708733,2218.814007708135,2144.0225243022423,2177.26318359375,150793800
2021-05-07,2185.573348416627,2202.193678062381,2168.9530187708733,2177.26318359375,133080200
2021-05-10,2193.8833663712685,2243.7443519706158,2177.2630378381527,2227.1240234375,157887500
2021-05-11,2160.642812207397,2235.434294168422,2160.642812207397,2218.81396484375,164247600
2021-05-17,2218.8142119023905,2218.8142119023905,2077.5413969123506,2085.8515625,185205000
2021-05-18,2127.4021634615387,2193.8834810697117,2110.7818340594954,2160.642822265625,179403400
2021-05-19,2144.022535615809,2193.8835248161768,2102.471711282169,2119.092041015625,111892800
2021-05-20,2085.851295155927,2094.1614596784607,2011.059814453125,2011.059814453125,214175900
2021-05-21,2011.059663567932,2027.679991366014,1919.6478606784804,1936.2681884765625,147528900
2021-05-24,1961.1988294156113,1986.1293230098775,1869.7870195699684,1886.4073486328125,128408600
2021-05-25,1919.6478606784804,2002.7494996688908,1919.6478606784804,1936.2681884765625,186483800
2021-05-27,1944.5784508613363,1986.1292724609375,1936.268286541416,1986.1292724609375,148943500
2021-05-28,2052.6105793278393,2077.5410721941694,2019.3699221727325,2044.3004150390625,118544200
2021-05-31,2060.9208506058676,2060.9208506058676,2002.749697564573,2035.9903564453125,57366900
2021-06-02,2044.3005572150737,2119.092041015625,2027.6802274816177,2119.092041015625,125654300
2021-06-03,2110.781705341642,2160.6426905071926,2077.541048564608,2094.161376953125,131141700
2021-06-04,2060.9206934799386,2060.9206934799386,2002.7495448736497,2019.369873046875,160479400
2021-06-07,2035.9904928768383,2035.9904928768383,1969.5091706604517,1977.8193359375,62115900
2021-06-08,1986.129454267786,2011.059949509641,1952.8887939453125,1952.8887939453125,58838700
2021-06-09,1977.8191007288492,2060.9207436166157,1969.5089364400724,2044.3004150390625,117338500
2021-06-10,2027.6801434981921,2060.9208015883264,2011.059814453125,2011.059814453125,79751900
2021-06-11,2044.300568611391,2077.541228263609,2027.6802387852822,2060.9208984375,94696000
2021-06-14,2052.610870741215,2052.610870741215,1994.4397124610996,2002.7498779296875,64557400
2021-06-15,1986.129346427271,1986.129346427271,1944.578523280257,1961.1988525390625,84189100
2021-06-16,1936.268171639278,1961.198663119612,1911.337680158944,1927.9580078125,77248800
2021-06-17,1903.0275328803984,1952.8885162746446,1878.0970411832752,1936.2681884765625,74868000
2021-06-18,1911.337775670894,1927.9581041549889,1836.5462974924678,1853.1666259765625,125507700
2021-06-21,1819.9260414817115,1869.7870289195666,1770.0650540438564,1828.2362060546875,100386700
2021-06-22,1869.7870035087112,1911.3378258089049,1844.8565101285951,1878.09716796875,97671600
2021-06-23,1894.7176041666667,1919.6480989583333,1861.4769444444446,1869.787109375,64275900
2021-06-24,1894.7176041666667,1903.0277690972223,1861.4769444444446,1869.787109375,59257500
2021-06-25,1919.648177967901,1944.5786737856658,1894.717682150136,1911.3380126953125,90478300
2021-06-28,1919.6479568481443,1919.6479568481443,1853.166642325265,1861.476806640625,65985000
2021-06-29,1853.1666094805744,1869.786937816723,1836.5462811444256,1844.8564453125,55524500
2021-06-30,1861.4770210597828,1919.648177967901,1853.1668557871944,1911.3380126953125,95174800
2021-07-01,1894.7174471867993,1919.6479399129414,1828.2361332504204,1853.1666259765625,89606900
2021-07-02,1853.1666094805744,1869.786937816723,1819.925952808277,1844.8564453125,57200500
2021-07-05,1853.166642325265,1878.0971352713448,1844.856478009905,1861.476806640625,60698700
2021-07-06,1869.7871054372479,2085.8513931766634,1861.4769405241934,2060.9208984375,365880400
2021-07-07,2035.990250750286,2052.6105793278393,1977.8191007288492,2044.3004150390625,146473200
2021-07-08,2044.3005572150737,2168.953030215993,2044.3005572150737,2119.092041015625,227835500
2021-07-09,2127.402027027027,2185.5731762035475,2102.471534522804,2152.33251953125,185723500
2021-07-12,2168.953030215993,2218.81401941636,2094.161546415441,2119.092041015625,176941700
2021-07-13,2127.402066929134,2168.9528885488435,2077.541080985482,2110.78173828125,128321100
2021-07-14,2110.7816986908783,2160.642683699324,2077.5410420185813,2152.33251953125,73148100
2021-07-15,2144.0226293103447,2185.57345545977,2127.4022988505744,2168.953125,107128500
2021-07-16,2185.573348416627,2235.4343373538886,2168.9530187708733,2177.26318359375,171972500
2021-07-19,2185.573379978989,2218.8140397505326,2168.9530500932174,2193.883544921875,74138600
2021-07-21,2177.2630863189697,2193.883415222168,2110.7817707061768,2127.402099609375,99038100
2021-07-22,2127.401994163424,2160.642650322228,2127.401994163424,2135.712158203125,59407500
2021-07-23,2160.642853947996,2218.814007708135,2160.642853947996,2177.26318359375,130437900
2021-07-26,2210.5037354443916,2268.6748863771386,2168.952913349572,2185.5732421875,223203900
2021-07-27,2218.8139860733695,2227.1241508152175,2085.8513502038045,2102.4716796875,126951200
2021-07-28,2110.781705341642,2152.332526312934,2077.541048564608,2094.161376953125,64034100
2021-07-29,2119.0918628589525,2160.642683699324,2077.5410420185813,2152.33251953125,90764300
2021-07-30,2152.332526312934,2152.332526312934,2085.8512127588665,2094.161376953125,90628600
2021-08-02,2094.1617280876494,2094.1617280876494,2027.6804033864544,2085.8515625,79180000
2021-08-03,2069.2309244132716,2094.161417478492,2027.6801026379048,2052.610595703125,79440900
2021-08-04,2044.3004725432593,2044.3004725432593,2002.7496499305914,2011.059814453125,75331700
2021-08-05,2011.059856688423,2019.3700213854825,1944.5785391119462,1969.509033203125,105003300
2021-08-06,1977.8190079717676,2002.7494996688908,1927.9580245775214,1936.2681884765625,73813800
2021-08-09,1911.3378258089049,1919.6479902689437,1869.7870035087112,1878.09716796875,118970000
2021-08-10,1886.4073397644565,1969.5089846880007,1861.476846287393,1944.5784912109375,131980200
2021-08-12,1994.4395751953125,2019.3700698852538,1977.8192454020182,1994.4395751953125,127108900
2021-08-13,2002.749831768645,2002.749831768645,1952.888840106355,1977.8193359375,66587000
2021-08-16,1969.5089438210969,1994.4394367808577,1952.8886151812565,1986.1292724609375,48998000
2021-08-18,1986.1294102986653,2011.0599049886068,1961.1989156087238,1994.4395751953125,85335000
2021-08-19,1977.8191584784554,1977.8191584784554,1886.4073486328125,1886.4073486328125,131304600
2021-08-20,1861.476870888158,1927.958187705592,1861.476870888158,1894.717529296875,71969400
2021-08-23,1919.6480393055745,1936.2683686502114,1894.717545288619,1903.0277099609375,65261800
2021-08-24,1936.268335821345,1936.268335821345,1886.4073486328125,1886.4073486328125,43554200
2021-08-25,1903.0278474227243,1944.5786737856658,1894.717682150136,1911.3380126953125,61473600
2021-08-26,1911.337842227079,1919.648006758501,1886.4073486328125,1886.4073486328125,30446800
2021-08-27,1886.4073324287888,1903.027661348866,1869.7870035087112,1878.09716796875,31806000
2021-08-30,1894.717576856737,1927.9582360998377,1894.717576856737,1919.6480712890625,37542900
2021-08-31,1952.8886151812565,1994.4394367808577,1927.9581222214956,1986.1292724609375,117729600
2021-09-01,1986.1292724609375,2019.3699297406183,1969.5089438210969,1986.1292724609375,81067300
2021-09-02,1986.129154599946,1986.129154599946,1927.9580078125,1927.9580078125,44419100
2021-09-03,1927.9582987034576,1952.8887939453125,1911.3379685422208,1952.8887939453125,29176500
2021-09-06,1977.8193359375,1994.4396664915967,1944.5786748293067,1977.8193359375,65055100
2021-09-07,1994.4396193484042,2002.7497844290226,1952.8887939453125,1952.8887939453125,33406100
2021-09-08,1952.8884992928342,1977.8189907731683,1911.337680158944,1927.9580078125,58229900
2021-09-09,1936.2682480108542,2035.9902178654904,1903.027591392642,2027.6800537109375,150815700
2021-09-10,2052.610549514358,2185.5731762035475,2052.610549514358,2152.33251953125,423200100
2021-09-13,2135.712197924417,2152.332526312934,2060.9207201760914,2094.161376953125,131318700
2021-09-14,2077.541088768345,2077.541088768345,2027.6801026379048,2052.610595703125,139289700
2021-09-15,2052.6103858794554,2102.471366912964,2044.3002223738704,2069.230712890625,110525900
2021-09-16,2094.1616980841545,2119.0921944899183,1986.1295469925117,2002.7498779296875,163306000
2021-09-17,1969.509080505371,2019.3700698852538,1969.509080505371,1994.4395751953125,61535600
2021-09-20,1977.8192891871677,1986.129454267786,1936.268463784076,1952.8887939453125,82487500
2021-09-21,1952.8886879096597,1969.5090171684653,1911.3378647626457,1961.1988525390625,66014000
2021-09-22,1969.5089846880007,2002.7496426574185,1936.268326718583,1944.5784912109375,88209700
2021-09-23,1969.5090273394856,1969.5090273394856,1903.0277099609375,1903.0277099609375,153137400
2021-09-24,1903.0277099609375,1944.57853332253,1894.717545288619,1903.0277099609375,159085400
2021-09-27,1919.6480393055745,1936.2683686502114,1894.717545288619,1903.0277099609375,52714300
2021-09-28,1919.648006758501,1936.268335821345,1878.0971841013904,1886.4073486328125,99767900
2021-09-29,1878.0972472351866,1927.9582360998377,1869.7870824244114,1919.6480712890625,97068300
2021-09-30,1919.6480393055745,1944.57853332253,1886.4073806163003,1903.0277099609375,125415100
2021-10-01,1894.717430320946,1894.717430320946,1844.8564453125,1844.8564453125,199919600
2021-10-04,1853.1667528028613,1927.9582360998377,1853.1667528028613,1919.6480712890625,143892700
2021-10-05,1903.0278474227243,2011.0599959663723,1903.0278474227243,1911.3380126953125,297763700
2021-10-06,1927.9583432404893,1944.5786737856658,1911.3380126953127,1911.3380126953125,98305700
2021-10-07,1927.9580245775214,1952.8885162746446,1911.3376967794395,1936.2681884765625,106183800
2021-10-08,1977.8191491803552,2002.7496426574185,1936.268326718583,1944.5784912109375,159593300
2021-10-11,1986.1293208855243,2019.3699789756586,1969.5089918404572,2011.059814453125,233370800
2021-10-12,2002.7496919913633,2002.7496919913633,1952.8887038090056,1969.509033203125,131463700
2021-10-13,1961.1988201956465,1969.5089846880007,1936.268326718583,1944.5784912109375,70802000
2021-10-14,1952.88866279539,2011.059814453125,1944.5784982728562,2011.059814453125,189624300
2021-10-15,2035.9902669929781,2060.9207600581985,2002.7496095726847,2052.610595703125,260095700
2021-10-18,2077.5413969123506,2135.7125560258964,2077.5413969123506,2085.8515625,237360500
2021-10-19,2102.4716796875,2110.781844429348,2044.3005264945652,2102.4716796875,153636200
2021-10-21,2160.6428272480866,2185.5733214086417,2011.0598622847576,2035.9903564453125,346789000
2021-10-22,1994.4393807870372,2044.300365306713,1969.5088885271991,2019.369873046875,124149100
2021-10-25,2035.9903080207257,2044.3004725432593,2002.7496499305914,2011.059814453125,50651600
2021-10-26,2035.990399678548,2044.3005645751953,1994.4395751953125,1994.4395751953125,64791500
2021-10-27,1994.4396193484042,2002.7497844290226,1944.578628864694,1952.8887939453125,75548400
2021-10-28,1927.9580078125,1944.5783354660562,1911.337680158944,1927.9580078125,77309100
2021-10-29,1944.5784912109375,1969.5089846880007,1936.268326718583,1944.5784912109375,52556000
2021-11-01,1961.1986801736857,1961.1986801736857,1927.9580245775214,1936.2681884765625,34622200
2021-11-02,1944.578565721388,1952.8887305321632,1919.6480712890625,1919.6480712890625,27322900
2021-11-03,1927.9580078125,1944.5783354660562,1919.6478439857221,1927.9580078125,21938100
2021-11-04,1927.95834427521,1986.1295012145483,1927.95834427521,1977.8193359375,67025700
2021-11-05,1986.129346427271,1994.4395110566738,1944.578523280257,1961.1988525390625,40241200
2021-11-08,1977.8191979001845,1994.4395272943036,1952.8887038090056,1969.509033203125,46985500
2021-11-09,1977.8191491803552,1986.1293136727097,1936.268326718583,1944.5784912109375,44444800
2021-11-10,1936.268326718583,1952.888655703292,1927.9581622262285,1944.5784912109375,38322000
2021-11-11,1952.8887038090056,1969.509033203125,1944.5785391119462,1969.509033203125,41526700
2021-11-12,1977.8192454020182,2011.0599049886068,1969.509080505371,1994.4395751953125,80769500
2021-11-15,2011.059765420698,2019.3699297406183,1944.5784508613363,1986.1292724609375,100184600
2021-11-16,1986.1295012145483,2002.749831768645,1969.5091706604517,1977.8193359375,47663300
2021-11-17,1977.8192891871677,1986.129454267786,1944.578628864694,1952.8887939453125,50176400
2021-11-18,1952.8885162746446,1969.5088440727268,1927.9580245775214,1936.2681884765625,52679900
2021-11-19,1952.8886151812565,1994.4394367808577,1944.5784508613363,1986.1292724609375,93539700
2021-11-22,1994.4395272943036,1994.4395272943036,1952.8887038090056,1969.509033203125,46485000
2021-11-23,1986.1294102986653,2044.3005645751953,1969.509080505371,1994.4395751953125,159836400
2021-11-24,1994.4393970927254,2035.9902178654904,1977.8190687836193,2027.6800537109375,73287900
2021-11-25,2052.6105461745965,2069.230874483703,2019.3698895563844,2027.6800537109375,109033700
2021-11-26,2002.7496426574185,2002.7496426574185,1936.268326718583,1944.5784912109375,162294600
2021-11-29,1936.2681884765625,1961.1986801736857,1927.9580245775214,1936.2681884765625,82567700
2021-11-30,1944.5786737856658,1969.5091696034308,1911.3380126953127,1911.3380126953125,151186400
2021-12-01,1911.337842227079,1927.958171289923,1869.7870195699684,1886.4073486328125,83612700
2021-12-02,1886.4073397644565,1969.5089846880007,1878.097175272102,1944.5784912109375,89010800
2021-12-03,1952.888655703292,1969.5089846880007,1927.9581622262285,1944.5784912109375,38757200
2021-12-06,1944.5783354660562,1961.198663119612,1919.6478439857221,1927.9580078125,31951700
2021-12-07,1944.5784912109375,1952.888655703292,1936.268326718583,1944.5784912109375,21542900
2021-12-08,1961.1986801736857,1961.1986801736857,1927.9580245775214,1936.2681884765625,24204300
2021-12-09,1936.2681884765625,1944.5783523756036,1927.9580245775214,1936.2681884765625,20800100
2021-12-10,1936.268171639278,1936.268171639278,1919.6478439857221,1927.9580078125,13962600
2021-12-13,1936.268171639278,1952.8884992928342,1927.9580078125,1927.9580078125,15212500
2021-12-14,1927.958203977893,1927.958203977893,1894.717545288619,1903.0277099609375,28618000
2021-12-15,1903.0276938990544,1911.3378585012335,1886.4073646946956,1894.717529296875,34080000
2021-12-16,1903.0277099609375,1911.337874633256,1878.0972159439818,1903.0277099609375,35249800
2021-12-17,1919.6480989583333,1919.6480989583333,1869.787109375,1869.787109375,50857800
2021-12-20,1869.786937816723,1878.0971019847973,1844.8564453125,1844.8564453125,53770200
2021-12-21,1844.8565101285951,1894.7174968888276,1844.8565101285951,1878.09716796875,37964200
2021-12-22,1886.4074392361113,1911.337934027778,1869.787109375,1869.787109375,28786500
2021-12-23,1878.0971352713448,1886.4072995867048,1861.4768066406248,1861.476806640625,19005000
2021-12-24,1878.0972000925165,1911.3378585012335,1869.787035490337,1894.717529296875,30712000
2021-12-27,1911.3380126953127,1911.3380126953127,1894.717682150136,1911.3380126953125,18193100
2021-12-28,1919.6479902689437,1927.9581547289824,1878.09716796875,1878.09716796875,29787500
2021-12-29,1886.4073486328125,1903.0276776956566,1878.0971841013904,1886.4073486328125,14304600
2021-12-30,1894.7176041666667,1911.337934027778,1869.787109375,1869.787109375,27319000
2022-01-03,1878.097175272102,1952.888655703292,1878.097175272102,1944.5784912109375,74416700
2022-01-04,1944.5786737856658,1952.8888390582542,1903.0278474227243,1911.3380126953125,32222200
2022-01-05,1919.648006758501,1944.5785003527672,1869.7870195699684,1886.4073486328125,51315000
2022-01-06,1878.0971187027046,1886.4072829447518,1853.1666259765625,1853.1666259765625,45325800
2022-01-07,1869.7869544606572,1878.0971187027046,1853.1666259765625,1853.1666259765625,26661900
2022-01-10,1869.786937816723,1869.786937816723,1844.8564453125,1844.8564453125,35421200
2022-01-11,1844.8564593975361,1853.1666236290564,1728.51416015625,1728.51416015625,170397900
2022-01-12,1761.754890382752,1786.6853841145833,1608.016845703125,1608.016845703125,394745900
2022-01-13,1608.0170134333255,1657.8780060979248,1529.0704417143766,1632.947509765625,284219000
2022-01-14,1632.9474252554087,1641.2575902694311,1603.86184770633,1620.482177734375,106442100
2022-01-17,1620.4820856058373,1624.6371678766216,1529.070275648585,1541.5355224609375,183492900
2022-01-18,1537.380504822463,1558.1559170497937,1466.7441032495392,1479.2093505859375,219496200
2022-01-19,1479.209324048913,1504.1398182744565,1416.8830884850545,1433.50341796875,230606700
2022-01-20,1466.7440478894137,1608.016845703125,1454.278801023498,1608.016845703125,368848100
2022-01-21,1608.0168617072018,1632.9473556871585,1570.621120737267,1616.3270263671875,169331400
2022-01-24,1620.482135641164,1624.6372180402439,1558.1558996549652,1566.466064453125,70289800
2022-01-25,1529.0703069513495,1529.0703069513495,1458.4339069019663,1462.5889892578125,201603100
2022-01-26,1479.209329282808,1508.2949059821892,1441.8135878121755,1499.9847412109375,162799900
2022-01-27,1475.0541829657623,1487.5194295823742,1454.2787719380754,1466.7440185546875,133831800
2022-01-28,1470.8990478515625,1487.5193760758739,1458.433801683329,1470.8990478515625,49925500
2022-01-31,1483.364294019796,1504.1397043001853,1470.8990478515625,1470.8990478515625,81820500
2022-02-02,1499.9847628132682,1520.7601750405988,1475.0542681404713,1479.2093505859375,158843900
2022-02-03,1483.3642879983652,1545.6905185865319,1466.7439598415208,1529.0701904296875,125115700
2022-02-04,1520.7600994637,1524.9151817026718,1499.9846882688407,1504.1397705078125,80295500
2022-02-07,1504.1397705078125,1524.9151817026718,1499.9846882688407,1504.1397705078125,74469900
2022-02-08,1512.4499020709673,1516.6049842195139,1483.3643270311409,1487.5194091796875,90880800
2022-02-09,1487.5195154768699,1495.829680367802,1470.8991856950054,1479.2093505859375,73968100
2022-02-10,1491.674515419818,1583.086324164208,1487.5194332041638,1562.3109130859375,255038700
2022-02-11,1570.6212068883385,1578.9313720041498,1520.7602161934706,1533.2254638671875,112845700
2022-02-14,1529.070152323082,1578.9311355510085,1504.1396607091187,1570.6209716796875,126046500
2022-02-15,1570.6210775172456,1587.241406379862,1549.8456664389753,1562.3109130859375,80643100
2022-02-16,1570.6210775172456,1574.7761597328997,1554.0007486546292,1562.3109130859375,48783800
2022-02-17,1566.4660384072743,1616.3270263671875,1541.5355444273175,1616.3270263671875,118149300
2022-02-18,1624.6371226333545,1778.3751623710377,1624.6371226333545,1736.8243408203125,412835800
2022-02-21,1745.1346317414313,1819.9261159589214,1745.1346317414313,1803.3057861328125,210845000
2022-02-22,1786.6854718409547,1828.2362967674885,1745.134646914421,1811.615966796875,215581800
2022-02-23,1828.2362060546875,1853.166699773615,1803.3057123357598,1828.2362060546875,140926300
2022-02-24,1819.925952808277,1861.4767736486488,1761.7548036317567,1844.8564453125,303802600
2022-02-25,1844.8564453125,1886.4072661528717,1828.2361169763515,1844.8564453125,189907800
2022-03-01,1861.4768390486727,1911.3378258089049,1853.166674588634,1878.09716796875,137694700
2022-03-02,1911.337874633256,1944.57853332253,1894.717545288619,1903.0277099609375,152871500
2022-03-04,1952.8887092434632,2044.3005211654975,1944.5785445232782,2035.9903564453125,320796500
2022-03-07,2094.1616003158247,2351.7767178149934,2060.920939993351,2343.466552734375,642031000
2022-03-08,2484.7393919179135,2634.32236534441,2351.776748872139,2360.0869140625,1404951500
2022-03-09,2202.193603515625,2276.9850843897407,2202.193603515625,2202.193603515625,706107000
2022-03-10,2102.4715020443214,2210.503634560433,2069.230845885518,2135.712158203125,489605600
2022-03-11,2152.332526312934,2210.503675672743,2094.161376953125,2094.161376953125,359113700
2022-03-14,2094.161553955078,2110.7818837483724,1961.1989156087238,1994.4395751953125,394132400
2022-03-15,1994.4395272943036,2044.3005154766613,1952.8887038090056,1969.509033203125,170695100
2022-03-16,1969.5089438210969,2002.749601100778,1886.4073006218946,1986.1292724609375,235835100
2022-03-17,1994.4396193484042,2002.7497844290226,1936.268463784076,1952.8887939453125,153546800
2022-03-18,1952.8886151812565,1994.4394367808577,1927.9581222214956,1986.1292724609375,173667600
2022-03-21,1977.8191817978682,1986.129346427271,1936.2683586508542,1961.1988525390625,92728200
2022-03-22,1977.8192382812501,2127.402205882353,1969.5090734145222,2119.092041015625,321561500
2022-03-23,2119.0920849609374,2127.40225,2044.300599609375,2077.541259765625,177608500
2022-03-24,2160.6428851503315,2202.193709864761,2110.7818954930162,2193.883544921875,269047800
2022-03-25,2210.503662109375,2235.43415453918,2168.9528413930334,2210.503662109375,200436800
2022-03-28,2202.1935710254274,2210.5037354443916,2152.332584511644,2185.5732421875,121087900
2022-03-29,2152.332668138587,2160.642832880435,2085.8513502038045,2102.4716796875,144731100
2022-03-30,2102.471893675299,2135.7125560258964,2052.6109001494024,2085.8515625,131170000
2022-03-31,2102.4715311019145,2110.7816952564676,2019.3698895563844,2027.6800537109375,97395700
2022-04-01,2035.9905689741038,2119.0922248505976,2011.0600722111556,2085.8515625,107947200
2022-04-04,2102.4717305501304,2202.193709864761,2094.1615656072445,2193.883544921875,138741900
2022-04-05,2185.5733061944056,2243.7444588307585,2168.952976869733,2218.81396484375,141698900
2022-04-06,2218.8139325987618,2235.4342616818985,2193.883438974057,2202.193603515625,98442600
2022-04-07,2218.8137498938518,2343.466207753057,2210.5035860365715,2293.605224609375,286617900
2022-04-08,2318.5357831682477,2343.466275460379,2276.9849626813616,2326.845947265625,189362100
2022-04-11,2326.846037309886,2335.1562017288497,2185.5732421875,2185.5732421875,163864600
2022-04-12,2177.2631415320693,2227.1241295060863,2144.022482882725,2218.81396484375,88390900
2022-04-13,2235.4344793066757,2326.8462981630823,2218.8141486055106,2318.5361328125,143822800
2022-04-14,2318.5357499156926,2385.0170617412323,2285.2950940029227,2310.2255859375,201698200
2022-04-18,2326.8461072198274,2434.878247912177,2318.535942551185,2409.94775390625,190855400
2022-04-19,2418.2582108347037,2443.1887078536183,2351.7768854509322,2368.397216796875,190460400
2022-04-20,2393.3275432180853,2393.3275432180853,2276.9852320894283,2343.466552734375,137086000
2022-04-21,2351.77679421483,2360.086959565412,2293.6056367607525,2318.5361328125,69884500
2022-04-22,2301.9158481124546,2335.15651017906,2276.9853515625,2276.9853515625,82088900
2022-04-25,2235.4343373538886,2243.7445021767653,2160.642853947996,2177.26318359375,171951100
2022-04-26,2185.5734052734374,2193.8835703125,2035.9904345703126,2077.541259765625,229686600
2022-04-27,2077.5411128997803,2168.9529218673706,2077.5411128997803,2127.402099609375,161589400
2022-04-28,2144.0224928635816,2202.1936457707334,2135.7123281625604,2160.642822265625,115518800
2022-05-09,2077.5411854619565,2119.0920091711955,2044.3005264945652,2102.4716796875,165439100
2022-05-10,2052.6106370657926,2069.2309661108598,1961.1988273179236,2011.059814453125,146403900
2022-05-11,2011.0599049886068,2102.471718851725,1994.4395751953125,1994.4395751953125,110097300
2022-05-12,1994.4393357698498,2044.300319164096,1903.0275328803984,1936.2681884765625,183788200
2022-05-13,1961.1986801736857,1977.8190079717676,1911.3376967794395,1936.2681884765625,81842400
2022-05-17,1952.8886151812565,2002.749601100778,1944.5784508613363,1986.1292724609375,94097400
2022-05-18,2011.0599049886068,2011.0599049886068,1961.1989156087238,1994.4395751953125,79223300
2022-05-19,1977.8191007288492,2069.2309079053925,1944.5784435737423,2044.3004150390625,122968900
2022-05-20,2094.1612034073796,2094.1612034073796,2044.3002223738704,2069.230712890625,125630800
2022-05-23,2127.4021739130435,2218.8139860733695,2094.1615149456525,2102.4716796875,244871700
2022-05-24,2119.0918301237234,2160.642650322228,2102.4715020443214,2135.712158203125,110538500
2022-05-25,2127.401857429719,2144.0221844408884,2044.3002223738704,2069.230712890625,115849600
2022-05-27,2085.8512531234187,2102.4715818335653,2044.3004313480517,2052.610595703125,76174000
2022-05-30,2077.5411128997803,2135.712264060974,2052.610619544983,2127.402099609375,125203400
2022-05-31,2135.7125560258964,2135.7125560258964,2077.5413969123506,2085.8515625,168242000
2022-06-02,2077.5413969123506,2127.402390438247,2052.6109001494024,2085.8515625,116209300
2022-06-03,2094.16158984375,2119.0920849609374,2077.541259765625,2077.541259765625,71245700
2022-06-06,2076.4746452487248,2101.797506776148,2025.8289221938776,2068.03369140625,93793800
2022-06-07,2068.0338003615702,2084.9157089359505,2042.7109375,2042.7109375,64431900
2022-06-08,2051.15189178719,2059.59284607438,2025.8290289256197,2042.7109375,57669200
2022-06-09,2042.7110107421875,2068.0338745117188,2008.9471923828125,2025.8291015625,59980800
2022-06-10,2000.5062756934021,2008.9472304431633,1924.5376829455513,1932.9786376953125,131007700
2022-06-13,1890.7737313329646,1924.5375479639104,1857.0099147020187,1907.6556396484375,113102900
2022-06-14,1890.7737779529816,1907.6556866847047,1823.2461430260894,1840.1280517578125,140882200
2022-06-15,1840.1280883226525,1890.7738155241934,1789.4823611211116,1831.6871337890625,94872500
2022-06-16,1857.0099473110465,1882.3328102289245,1806.3642214752908,1814.80517578125,99487000
2022-06-17,1789.4822136033767,1806.3641212788802,1772.600305927873,1781.041259765625,70818600
2022-06-20,1781.0414060141152,1797.9233150758605,1730.3956788288797,1747.277587890625,78282700
2022-06-21,1755.718495639535,1814.80517578125,1747.2775413335758,1814.80517578125,83298700
2022-06-22,1806.3643339553682,1806.3643339553682,1705.0728759765625,1705.0728759765625,171508200
2022-06-23,1705.0728334227895,1705.0728334227895,1650.2066283869076,1658.6475830078125,127468500
2022-06-24,1645.9860121054091,1688.1907816465734,1645.9860121054091,1662.867919921875,73717900
2022-06-27,1662.8679651331017,1662.8679651331017,1591.1198549623841,1595.34033203125,172003400
2022-06-28,1595.3402999591572,1608.001730911214,1570.0174380550436,1574.2379150390625,106446700
2022-06-29,1565.7970702459766,1595.340411194014,1548.9151611328125,1548.9151611328125,118684300
2022-06-30,1561.5765991210938,1570.0175537109376,1519.371826171875,1519.371826171875,77824200
2022-07-01,1515.1514114815848,1527.812843889509,1477.1671142578125,1477.1671142578125,114976000
2022-07-04,1477.1669787029887,1494.0488870310228,1434.9622078829034,1451.8441162109375,101952600
2022-07-05,1468.7260155704435,1536.2536484702339,1468.7260155704435,1510.9307861328125,123382000
2022-07-06,1498.2693641130313,1502.4898411950398,1443.4031620469204,1451.8441162109375,96872200
2022-07-07,1447.623639128929,1464.505547456963,1434.9622078829034,1451.8441162109375,73058900
2022-07-08,1456.0646114961053,1481.3874743047331,1443.4031800917912,1447.6236572265625,83303200
2022-07-11,1451.8441162109375,1460.2850703749546,1439.182684964912,1451.8441162109375,49575300
2022-07-12,1451.844165319684,1494.0489375673492,1451.844165319684,1468.72607421875,88165200
2022-07-13,1468.7260245389716,1481.3874557849972,1447.623639128929,1451.8441162109375,50792800
2022-07-14,1451.8439985795455,1456.0644753196023,1384.3163707386364,1392.75732421875,165952800
2022-07-15,1350.5525821834417,1354.773059002765,1295.6863835322392,1299.9068603515625,227657100
2022-07-18,1329.4502493051382,1346.3321572328225,1308.3478643955327,1316.788818359375,137279400
2022-07-19,1333.6707494453362,1405.418859383851,1329.4502723901294,1396.9779052734375,159974800
2022-07-20,1418.0803892422566,1434.9622986379977,1409.639434544386,1430.7418212890625,110080500
2022-07-21,1430.7417720965484,1443.4032037080224,1405.4189088736007,1413.85986328125,49659100
2022-07-22,1426.5212793243065,1506.7103453218267,1426.5212793243065,1502.4898681640625,129865600
2022-07-25,1519.3716195913462,1540.4740031967815,1464.5054222172141,1481.3873291015625,105812300
2022-07-26,1481.3874467391543,1519.3717402452864,1481.3874467391543,1510.9307861328125,63350000
2022-07-27,1502.4898500415793,1510.930804255296,1494.0488958278625,1506.7103271484375,33964700
2022-07-28,1532.0332580566405,1713.5137817382813,1523.592303466797,1688.19091796875,342364100
2022-07-29,1705.072745164642,1747.2775160845588,1641.7655887847666,1650.20654296875,152840800
2022-08-01,1713.5136149479792,1772.6002913254958,1679.7497998751128,1755.7183837890625,243188600
2022-08-02,1755.7184465068922,1755.7184465068922,1679.7498598791901,1683.9703369140625,150196700
2022-08-03,1667.0883968759913,1679.7498277383406,1616.4426734265942,1662.867919921875,102367400
2022-08-04,1671.3088738301078,1705.0726894630393,1645.9860121054091,1662.867919921875,76571800
2022-08-05,1688.1909663134281,1713.5138308081296,1662.868101818727,1705.0728759765625,85399300
2022-08-08,1696.631777272641,1747.2775019673468,1675.5293919831804,1738.8365478515625,130808300
2022-08-09,1755.7185080991972,1882.33282358712,1747.2775537333357,1840.1280517578125,405818700
2022-08-10,1840.1281507959905,1840.1281507959905,1781.0414670548348,1789.482421875,148697800
2022-08-11,1857.0098658970426,1916.096543448312,1840.1279580252512,1890.773681640625,278414000
2022-08-12,1890.7736310529278,1916.096492183101,1865.4507699227547,1873.8917236328125,121265600
2022-08-15,1882.3327585139743,1890.773712588028,1789.4822636993838,1797.9232177734375,111112000
2022-08-16,1797.9231526301458,1806.3641063983625,1747.277430020846,1755.7183837890625,117043800
2022-08-18,1747.277538467035,1781.0413556354802,1713.5137212985899,1730.3956298828125,116651400
2022-08-19,1730.3955937357782,1764.1594101989153,1713.5136855042097,1738.8365478515625,101507400
2022-08-22,1738.836575832415,1747.2775300840285,1671.3089418195057,1675.5294189453125,140299600
2022-08-23,1675.529378656096,1730.3955799722908,1658.6474705588055,1713.513671875,87682800
2022-08-24,1705.0727903451493,1721.9546991604477,1688.1908815298507,1696.6318359375,54617900
2022-08-25,1696.6317680186794,1721.9546302279134,1675.5293828443178,1683.9703369140625,90209100
2022-08-26,1683.9703597046835,1688.190836796675,1650.20654296875,1650.20654296875,135647800
2022-08-29,1620.66328125,1624.8837585449219,1574.2380310058593,1603.7813720703125,117016500
2022-08-30,1620.6632163098236,1696.6318045743467,1612.22226205821,1675.5294189453125,139215000
2022-08-31,1675.5294008494623,1679.7498779296875,1624.883675886758,1679.7498779296875,134229100
2022-09-01,1675.529479822755,1675.529479822755,1629.1042297520994,1633.32470703125,63085900
2022-09-02,1629.1042358398438,1629.1042358398438,1603.7813720703125,1603.7813720703125,105457000
2022-09-05,1586.8993347477792,1675.5293507842243,1578.4583808395462,1662.867919921875,131398400
2022-09-06,1696.631786250589,1721.954648731941,1667.0884466890116,1679.7498779296875,138906100
2022-09-07,1667.0884696764824,1679.7499010917468,1637.5451297075322,1645.986083984375,81794000
2022-09-08,1662.8679790496826,1667.0884561538696,1620.6632080078125,1620.6632080078125,78962000
2022-09-09,1637.5450405458862,1675.529332723497,1620.6631329113925,1667.08837890625,75063600
2022-09-12,1696.6318229906487,1705.0727773338858,1671.3089599609375,1671.3089599609375,96249700
2022-09-13,1713.5137697671346,1772.6004514832428,1713.5137697671346,1747.277587890625,282112800
2022-09-14,1696.6319188531838,1789.482421875,1679.7500092128537,1789.482421875,230625300
2022-09-15,1797.9233150758605,1814.8052241376056,1738.8366333597523,1747.277587890625,147893600
2022-09-16,1713.5136359719668,1730.395543715533,1688.1907743566176,1721.95458984375,97988100
2022-09-19,1755.7184927591463,1764.1594470512575,1705.0727670064787,1730.3956298828125,80428100
2022-09-20,1755.7184927591463,1755.7184927591463,1721.954675590701,1730.3956298828125,46000700
2022-09-21,1738.8364762526292,1772.6002913254958,1705.0726611797627,1755.7183837890625,122337200
2022-09-22,1730.3955224844126,1764.1593375572793,1721.954568716196,1755.7183837890625,56857200
2022-09-23,1755.7184053308822,1764.1593592026654,1713.5136359719668,1721.95458984375,54897400
2022-09-26,1683.9703046924571,1688.1907816465734,1662.867919921875,1662.867919921875,95293700
2022-09-27,1650.2066283869076,1667.0885376287174,1629.1042418346453,1658.6475830078125,75589600
2022-09-28,1641.7655752206776,1645.9860522778001,1624.8836669921875,1624.8836669921875,70315600
2022-09-29,1641.7655935287476,1654.4270248413086,1612.2222537994385,1620.6632080078125,48688700
2022-09-30,1624.883613193158,1637.5450439453125,1591.1197978540795,1637.5450439453125,61879600
2022-10-03,1603.7812861689815,1620.6631944444443,1595.34033203125,1595.34033203125,57708700
2022-10-04,1620.6631899350648,1633.3246211064325,1612.2222358208198,1624.8836669921875,73564600
2022-10-05,1641.7655208626973,1667.0883823670063,1637.5450439453125,1637.5450439453125,84847500
2022-10-06,1650.2065110280726,1658.6474650486764,1624.8836489662606,1629.1041259765625,46688800
2022-10-07,1633.32470703125,1645.9861388687016,1624.883752472949,1633.32470703125,28671100
2022-10-10,1620.6632444371728,1624.883721636228,1599.5608584418972,1612.2222900390625,29237400
2022-10-11,1612.2222220790732,1616.4426991002226,1595.3403139944755,1599.560791015625,23307600
2022-10-12,1599.5608455576796,1616.442754217919,1570.0175054022607,1586.8994140625,45420900
2022-10-13,1595.3403040151127,1599.5607810098618,1536.2536260886272,1544.694580078125,61806000
2022-10-14,1565.7968773475059,1574.2378308642042,1536.2535400390625,1536.2535400390625,35742200
2022-10-17,1527.8127624004503,1527.8127624004503,1489.8284672026489,1523.59228515625,44920200
2022-10-18,1527.8127992252787,1544.6947086089833,1510.9308898415738,1515.1513671875,29114900
2022-10-19,1519.3717358732877,1553.1355522260274,1489.8283965646403,1540.47412109375,50663500
2022-10-20,1532.0330632807133,1548.9149703141097,1523.5921097640153,1536.2535400390625,55821200
2022-10-21,1540.4742126464844,1544.6946899414063,1515.151348876953,1519.371826171875,53313900
2022-10-24,1523.5923218793525,1540.4742312630572,1510.9308898415738,1515.1513671875,42005500
2022-10-25,1519.371689618644,1527.8126434498588,1485.6078742937852,1494.048828125,61312200
2022-10-26,1498.2692840744778,1544.6945294965037,1498.2692840744778,1527.8126220703125,93571200
2022-10-27,1536.2537112028704,1586.899437945822,1532.033233974291,1553.1356201171875,117436400
2022-10-28,1557.3561156893945,1561.5765929676857,1523.5922974630662,1548.9151611328125,48489400
2022-10-31,1553.1356019224254,1561.5765562806994,1540.4741703850143,1557.3560791015625,32276200
2022-11-01,1557.3559600661472,1557.3559600661472,1523.5921452137648,1527.8126220703125,27067000
2022-11-02,1574.2379150390625,1599.560776943176,1561.5764840870056,1574.2379150390625,112301800
2022-11-03,1574.2379190413678,1582.6788730308658,1540.4741030833761,1544.694580078125,55063600
2022-11-04,1544.6946374479846,1616.4427490234375,1523.5922516904984,1616.4427490234375,94024700
2022-11-07,1629.1042358398438,1696.6318725585938,1629.1042358398438,1688.19091796875,213462800
2022-11-08,1696.6318045743467,1721.9546673291877,1662.867987567892,1675.5294189453125,102934900
2022-11-09,1696.6318725585938,1738.8366455078126,1683.970440673828,1688.19091796875,109456900
2022-11-10,1688.19091796875,1705.0728271484375,1675.5294860839845,1688.19091796875,111703400
2022-11-11,1755.7186025943395,1797.923376695165,1730.3957381338444,1789.482421875,262785800
2022-11-14,1814.8052863354953,1831.6871959758255,1772.6005122346698,1789.482421875,148342000
2022-11-15,1823.24609375,1873.891818576389,1797.9232313368054,1823.24609375,165401200
2022-11-16,1840.1279826046798,1840.1279826046798,1705.0727178263548,1713.513671875,174441800
2022-11-17,1675.529332723497,1683.9702865407437,1637.5450405458862,1667.08837890625,149717300
2022-11-18,1650.2065249073262,1675.529387182119,1645.9860478615274,1654.427001953125,59274700
2022-11-21,1671.3089101363203,1688.1908183195153,1650.2065249073262,1654.427001953125,54986700
2022-11-22,1654.4270934270025,1662.8680479853037,1629.1042297520994,1633.32470703125,56464900
2022-11-23,1662.8679019976266,1675.529332723497,1650.2064712717563,1667.08837890625,55881800
2022-11-24,1667.0883968759913,1679.7498277383406,1654.4269660136422,1662.867919921875,35329400
2022-11-25,1662.867992538061,1667.0884696764824,1641.7656068459537,1645.986083984375,30261700
2022-11-28,1641.7656119324208,1641.7656119324208,1612.2222718719402,1616.4427490234375,64871100
2022-11-29,1633.3247191450978,1658.6475830078125,1624.8837645241929,1658.6475830078125,56748100
2022-11-30,1671.3089418195057,1679.7498960711193,1658.6475104420851,1675.5294189453125,119645000
2022-12-01,1688.1907743566176,1738.836497587316,1675.529343548943,1721.95458984375,119554800
2022-12-02,1730.395543715533,1738.836497587316,1705.0726821001838,1721.95458984375,71325000
2022-12-05,1747.2775019673468,1755.718456083131,1721.954639619994,1738.8365478515625,61782900
2022-12-06,1730.3956972855042,1730.3956972855042,1641.7656737660027,1658.6475830078125,67396800
2022-12-07,1658.6475019454956,1675.5294103622437,1603.7812995910645,1620.6632080078125,81990800
2022-12-08,1654.4270154483354,1683.970355009913,1620.6631988065326,1679.7498779296875,67037700
2022-12-09,1654.4270934270025,1671.3090025436047,1629.1042297520994,1633.32470703125,49685200
2022-12-12,1629.104175430689,1654.427038261218,1616.4427440154248,1645.986083984375,31247700
2022-12-13,1654.4269880383745,1658.6474650486764,1629.1041259765625,1629.1041259765625,57151100
2022-12-14,1629.104090110543,1641.7655208626973,1616.4426593583885,1637.5450439453125,47643500
2022-12-15,1637.5451843104006,1637.5451843104006,1620.6632751937984,1633.32470703125,33879300
2022-12-16,1616.4428502451076,1713.5138308081296,1616.4428502451076,1705.0728759765625,96998400
2022-12-19,1713.5136359719668,1738.836497587316,1688.1907743566176,1721.95458984375,84860900
2022-12-20,1713.5137447527984,1713.5137447527984,1675.529449918377,1696.6318359375,52011600
2022-12-21,1705.0726821001838,1747.2774514590992,1705.0726821001838,1721.95458984375,63043600
2022-12-22,1747.2774880695813,1755.7184421182267,1705.0727178263548,1713.513671875,38430500
2022-12-23,1713.5137817382813,1713.5137817382813,1683.970440673828,1688.19091796875,33726500
2022-12-26,1696.6318725585938,1713.5137817382813,1683.970440673828,1688.19091796875,15934600
2022-12-27,1696.631786250589,1721.954648731941,1675.5294008494623,1679.7498779296875,36854400
2022-12-28,1679.7499271222016,1696.6318359375,1637.5451550839553,1696.6318359375,62750900
2022-12-29,1688.1908815298507,1705.0727903451493,1662.868018306903,1696.6318359375,43604000
2022-12-30,1696.6318045743467,1705.0727588259604,1675.5294189453125,1675.5294189453125,23123000
2023-01-02,1679.7499143041746,1696.6318229906487,1667.088482789319,1671.3089599609375,15045200
2023-01-03,1671.3090087890625,1705.0728271484375,1667.0885314941406,1688.19091796875,45001200
2023-01-04,1705.0727670064787,1772.6004013433687,1696.6318127143672,1730.3956298828125,142169900
2023-01-05,1705.0728334227895,1730.3956972855042,1633.3247191450978,1658.6475830078125,130118600
2023-01-06,1645.9860790646646,1675.5294189453125,1629.1041705614373,1675.5294189453125,55673400
2023-01-09,1696.631777272641,1747.2775019673468,1696.631777272641,1738.8365478515625,118054500
2023-01-10,1721.95458984375,1738.836497587316,1688.1907743566176,1721.95458984375,57625700
2023-01-11,1730.3956788288797,1747.277587890625,1705.072815236262,1747.277587890625,48480600
2023-01-12,1738.8365392550616,1806.3641718474912,1721.9546311069541,1797.9232177734375,185136300
2023-01-13,1814.80517578125,1831.6870843931688,1764.1594499454943,1814.80517578125,148853000
2023-01-16,1823.2461430260894,1857.0099604895354,1814.805188660228,1840.1280517578125,92259000
2023-01-17,1857.0099979350218,1932.9785887596365,1840.1280888628853,1916.0966796875,242582700
2023-01-18,1907.6556396484375,1916.0965938061738,1865.4508688597552,1907.6556396484375,122109900
2023-01-19,1932.9785887596365,1958.3014523678412,1916.0966796874998,1916.0966796875,132011300
2023-01-20,1941.4192410173087,1975.1830539045663,1924.53733457368,1958.3011474609375,113403800
2023-01-24,1958.3011474609375,1983.6240071263805,1924.53733457368,1958.3011474609375,65599100
2023-01-25,1975.1834114441185,1983.6243661938797,1899.214818696268,1932.9786376953125,55275800
2023-01-26,1966.742100682752,2000.5059135700094,1941.4192410173087,1958.3011474609375,91463800
2023-01-27,1966.7424194335938,1966.7424194335938,1932.9786010742187,1941.4195556640625,36469600
2023-01-30,1941.4195924450737,1949.860547194835,1899.214818696268,1932.9786376953125,58533200
2023-01-31,1941.4195192015015,1975.1833369267451,1932.9785647701906,1949.8604736328125,56896100
2023-02-01,1975.1832414458072,2017.3880115621705,1958.3013333992617,2000.506103515625,134564600
2023-02-02,1983.624267578125,2008.947130568484,1958.301404587766,1983.624267578125,55219600
2023-02-03,2008.946955472103,2008.946955472103,1924.5374195278969,1966.7421875,69916100
2023-02-06,1924.5376342235681,1958.3014523678412,1907.6557251514316,1916.0966796875,60509800
2023-02-07,1899.2147216796875,1907.6556759982639,1848.5689957682291,1899.2147216796875,130229800
2023-02-08,1907.6555895124163,1924.5374973842077,1873.8917737688337,1890.773681640625,52970000
2023-02-09,1890.7736310529278,1907.6555384730432,1873.8917236328125,1873.8917236328125,50507500
2023-02-10,1899.2145847629856,1899.2145847629856,1840.1279087925816,1873.8917236328125,77590000
2023-02-13,1865.4508198329381,1890.773681640625,1857.0098658970426,1890.773681640625,27137900
2023-02-14,1890.7735435520362,1899.214496871465,1857.0097302743213,1865.45068359375,47466500
2023-02-15,1857.010009765625,1882.3328735351563,1823.24619140625,1857.010009765625,66560400
2023-02-16,1857.009844305391,1865.4507981431427,1772.600305927873,1781.041259765625,130493400
2023-02-17,1772.6002553547398,1806.3640697424494,1738.8364409670305,1764.1593017578125,90798900
2023-02-20,1755.7183837890625,1764.1593375572793,1705.0726611797627,1755.7183837890625,99587300
2023-02-21,1781.0412450937124,1797.9231526301458,1747.277430020846,1755.7183837890625,70008500
2023-02-22,1755.7184927591463,1764.1594470512575,1713.5137212985899,1730.3956298828125,74407800
2023-02-23,1730.3955799722908,1738.836534020936,1688.190809729064,1713.513671875,74657800
2023-02-24,1705.0728271484375,1721.954736328125,1688.19091796875,1688.19091796875,48747500
2023-02-27,1688.1908815298507,1721.9546991604477,1675.529449918377,1696.6318359375,60281100
2023-02-28,1713.5136945714903,1721.954648731941,1679.7498779296875,1679.7498779296875,99649100
2023-03-01,1679.7499633789062,1705.0728271484375,1667.0885314941406,1688.19091796875,49985200
2023-03-02,1696.6318359375,1721.9546991604477,1688.1908815298507,1696.6318359375,57745800
2023-03-03,1696.6317680186794,1721.9546302279134,1675.5293828443178,1683.9703369140625,63901300
2023-03-06,1688.1908183195153,1705.0727265027106,1650.2065249073262,1654.427001953125,74031000
2023-03-07,1654.4269516148518,1662.8679054496215,1629.104090110543,1637.5450439453125,76557300
2023-03-08,1620.6632128647216,1629.104167098392,1578.4584416963694,1591.119873046875,144493200
2023-03-09,1591.1197867838541,1612.2221712239582,1578.4583561197917,1582.6788330078125,75244200
2023-03-10,1574.2379825673206,1599.5608455576796,1561.576551072141,1586.8994140625,96320400
2023-03-13,1595.340479835304,1595.340479835304,1561.57666015625,1561.57666015625,60375200
2023-03-14,1574.2379745609503,1591.1198831353306,1527.8127259814048,1532.033203125,107452200
2023-03-15,1540.4741345840002,1574.2379512324167,1540.4741345840002,1565.7969970703125,67314600
2023-03-16,1561.5766179926882,1565.7970953386143,1494.0489804578692,1515.1513671875,98076300
2023-03-17,1532.0331586772345,1599.560791015625,1527.812681656085,1599.560791015625,109506100
2023-03-20,1608.0018493652344,1629.1042358398438,1582.6789855957031,1603.7813720703125,60151400
2023-03-21,1612.222258631051,1616.4427357478862,1591.119873046875,1591.119873046875,36252300
2023-03-24,1599.560791015625,1637.5450842059697,1591.1198369733263,1599.560791015625,78590800
2023-03-27,1633.3246167241311,1696.631772411113,1633.3246167241311,1654.427001953125,128759700
2023-03-28,1662.8679517397009,1696.6317680186794,1662.8679517397009,1683.9703369140625,71821100
2023-03-29,1688.1907536433293,1764.1593375572793,1688.1907536433293,1755.7183837890625,147076200
2023-03-30,1747.2773945639578,1764.1593017578125,1721.9545337731759,1764.1593017578125,83062700
2023-03-31,1755.7183481608852,1772.6002553547398,1730.3954873701032,1764.1593017578125,63907600
2023-04-03,1772.6002553547398,1781.0412089516674,1747.2773945639578,1764.1593017578125,48072300
2023-04-04,1764.1594470512575,1772.6004013433687,1721.954675590701,1730.3956298828125,64915300
2023-04-05,1747.2774797712052,1814.8051118396577,1747.2774797712052,1772.600341796875,112473600
2023-04-06,1772.600341796875,1789.482249813988,1755.7184337797619,1772.600341796875,73515100
2023-04-10,1772.6005146290997,1772.6005146290997,1696.6319211449954,1705.0728759765625,50599000
2023-04-11,1713.5136290636108,1781.041259765625,1713.5136290636108,1781.041259765625,86677500
2023-04-12,1789.4822136033767,1806.3641212788802,1772.600305927873,1781.041259765625,61352700
2023-04-13,1781.04130962533,1797.9232177734375,1772.6003555512764,1797.9232177734375,46749000
2023-04-14,1806.3641212788802,1823.2460289543837,1781.041259765625,1781.041259765625,96329700
2023-04-17,1797.923376695165,1806.3643315153302,1772.6005122346698,1789.482421875,45802200
2023-04-18,1789.482249813988,1797.9232038225446,1755.7184337797619,1772.600341796875,41960600
2023-04-26,1755.7183982523695,1781.041259765625,1738.836490576866,1781.041259765625,53065900
2023-04-27,1789.4821988619292,1789.4821988619292,1755.7183837890625,1755.7183837890625,24606800
2023-04-28,1764.1593877883183,1781.0412958054314,1747.2774797712052,1772.600341796875,38485900
2023-05-02,1764.1594101989153,1772.6003643146996,1713.5136855042097,1738.8365478515625,45566000
2023-05-03,1781.0414670548348,1814.8052863354953,1772.6005122346698,1789.482421875,84879600
2023-05-04,1806.3641718474912,1814.805125921545,1781.04130962533,1797.9232177734375,56925500
2023-05-05,1797.9231746897976,1797.9231746897976,1705.0726821001838,1721.95458984375,65433100
2023-05-08,1738.8366333597523,1764.15949695237,1721.9547242980072,1747.277587890625,29706800
2023-05-09,1755.7183982523695,1789.4822136033767,1747.2774444146178,1781.041259765625,38860300
2023-05-10,1781.0412958054314,1789.482249813988,1747.2774797712052,1772.600341796875,29596100
2023-05-11,1755.7184053308822,1755.7184053308822,1713.5136359719668,1721.95458984375,60984800
2023-05-12,1713.5137817382813,1713.5137817382813,1679.7499633789062,1688.19091796875,55827200
2023-05-15,1688.1908320901382,1705.0727404110396,1662.867969608786,1679.7498779296875,52156000
2023-05-16,1679.7498277383406,1688.1907816465734,1650.2064890595257,1662.867919921875,46780700
2023-05-17,1654.4270934270025,1658.6475707061531,1616.442797914648,1633.32470703125,57535100
2023-05-19,1633.3246346007832,1662.867974244725,1620.6632033248081,1650.20654296875,45974800
2023-05-22,1654.4269516148518,1679.7498131191608,1633.3245670279277,1637.5450439453125,51978000
2023-05-23,1637.54514781491,1662.8680109254499,1637.54514781491,1641.765625,50066400
2023-05-24,1645.986083984375,1654.427038261218,1641.7656068459537,1645.986083984375,25578300
2023-05-25,1645.98610218509,1658.64753374036,1637.54514781491,1641.765625,30649800
2023-05-26,1641.7655935287476,1645.9860706329346,1620.6632080078125,1620.6632080078125,35480500
2023-05-29,1620.6632751937984,1633.32470703125,1608.0018433563469,1633.32470703125,33236600
2023-05-30,1633.3245670279277,1654.4269516148518,1629.104090110543,1637.5450439453125,20104800
2023-05-31,1637.5450842059697,1641.7655612271192,1599.560791015625,1599.560791015625,112564800
2023-06-05,1608.0017021855222,1683.9702865407437,1608.0017021855222,1667.08837890625,65371800
2023-06-06,1675.529449918377,1713.5137447527984,1675.529449918377,1696.6318359375,49988100
2023-06-07,1696.6319211449954,1713.5138308081296,1679.750011481861,1705.0728759765625,33846900
2023-06-08,1721.9546673291877,1721.9546673291877,1675.5294189453125,1675.5294189453125,36123800
2023-06-09,1675.529332723497,1683.9702865407437,1662.8679019976266,1667.08837890625,24991800
2023-06-12,1671.3089058094454,1688.1908139489349,1667.088428774573,1683.9703369140625,23090500
2023-06-13,1683.970404326026,1705.0727903451493,1671.3089727145523,1696.6318359375,27907100
2023-06-14,1721.9546259236454,1730.3955799722908,1696.6317637777095,1713.513671875,54535600
2023-06-15,1721.95458984375,1730.395543715533,1696.6317282284006,1721.95458984375,44386500
2023-06-16,1738.8365478515625,1738.8365478515625,1705.0727313884254,1738.8365478515625,34334100
2023-06-19,1738.836534020936,1738.836534020936,1705.0727178263548,1713.513671875,11742200
2023-06-20,1713.5138308081296,1721.9547856396969,1696.6319211449954,1705.0728759765625,16397800
2023-06-21,1696.6318359375,1713.5137447527984,1688.1908815298507,1696.6318359375,19148800
2023-06-22,1696.6318359375,1738.8366079757463,1696.6318359375,1696.6318359375,40103700
2023-06-23,1705.0727903451493,1713.5137447527984,1688.1908815298507,1696.6318359375,30401200
2023-06-26,1713.7708740234375,1735.7422954852764,1700.588021146334,1713.7708740234375,42017600
2023-06-27,1718.1651583158052,1726.9537269005407,1713.7708740234375,1713.7708740234375,18194100
2023-07-03,1718.165166723819,1748.9251569209207,1718.165166723819,1726.9537353515625,20374900
2023-07-04,1731.34814453125,1740.13671379283,1722.5595752696702,1731.34814453125,16313500
2023-07-05,1731.3480307629486,1748.9251681311005,1722.5594620788727,1744.5308837890625,35622000
2023-07-06,1753.319471604753,1801.6565998946085,1748.9251872147663,1775.2908935546875,88546800
2023-07-07,1775.2908685225473,1775.2908685225473,1735.7423095703125,1735.7423095703125,40420700
2023-07-10,1744.5308810147371,1753.3194496848366,1740.1365966796875,1740.1365966796875,14134300
2023-07-11,1744.5308920288087,1757.7137451171875,1740.1366076660156,1757.7137451171875,19295300
2023-07-12,1766.5023082944017,1766.5023082944017,1748.9251708984375,1748.9251708984375,21168800
2023-07-13,1766.5023082944017,1784.079445690366,1748.9251708984375,1748.9251708984375,36336200
2023-07-14,1753.3194607543946,1775.2908825683594,1753.3194607543946,1757.7137451171875,21060000
2023-07-17,1766.5023082944017,1775.2908769923838,1748.9251708984375,1748.9251708984375,21903600
2023-07-18,1757.7137395964196,1766.5023082944017,1735.7423178514643,1748.9251708984375,25067900
2023-07-20,1757.7137395964196,1766.5023082944017,1740.1366022004554,1748.9251708984375,31137300
2023-07-21,1757.713731210443,1757.713731210443,1735.7423095703125,1735.7423095703125,30200700
2023-07-24,1735.7423095703125,1748.9251625543907,1735.7423095703125,1735.7423095703125,19326300
2023-07-25,1744.5308782263646,1757.713731210443,1735.7423095703125,1735.7423095703125,25532000
2023-07-26,1753.3194524731384,1766.502305499252,1740.1365994470245,1744.5308837890625,35649600
2023-07-27,1744.5309984236198,1748.9252830544099,1731.34814453125,1731.34814453125,21145100
2023-07-28,1731.348016855668,1735.7423011624082,1718.1651639354473,1722.5594482421875,36810200
2023-07-31,1726.9537464209106,1748.9251681311005,1722.5594620788727,1744.5308837890625,33449700
2023-08-01,1757.7137666590072,1810.4451796587775,1748.9251978257123,1792.8680419921875,136288500
2023-08-02,1801.656594347598,1801.656594347598,1748.9251818301075,1766.5023193359375,78406600
2023-08-03,1757.7137505830224,1775.2908880888526,1748.9251818301075,1766.5023193359375,38816800
2023-08-04,1766.5023247747138,1792.8680311146347,1757.71375599474,1775.2908935546875,40798600
2023-08-07,1784.0794731588924,1801.6566108254824,1775.2909043255972,1792.8680419921875,41290300
2023-08-08,1801.656594347598,1801.656594347598,1757.7137505830224,1766.5023193359375,22252100
2023-08-09,1766.5023193359375,1775.2908880888526,1748.9251818301075,1766.5023193359375,28570200
2023-08-10,1757.7137395964196,1775.2908769923838,1748.9251708984375,1748.9251708984375,25992700
2023-08-11,1753.3194552474286,1757.7137395964196,1740.1366022004554,1748.9251708984375,24628600
2023-08-14,1748.9251763916016,1757.7137451171875,1731.3480389404297,1757.7137451171875,28640500
2023-08-15,1753.3194552474286,1757.7137395964196,1744.5308865494464,1748.9251708984375,23413100
2023-08-16,1744.530869775889,1748.9251540826292,1722.5594482421875,1722.5594482421875,62356300
2023-08-18,1722.559442608173,1731.3480111929086,1709.3765897310695,1713.7708740234375,42360900
2023-08-21,1713.7708740234375,1726.9537269005407,1713.7708740234375,1713.7708740234375,18371900
2023-08-22,1713.7708711991886,1722.559439769441,1700.5880183438103,1709.3765869140625,36188400
2023-08-23,1713.7709985913523,1726.9538524266702,1713.7709985913523,1718.165283203125,35653600
2023-08-24,1735.7423205841753,1775.290879787359,1735.7423205841753,1753.3194580078125,81402400
2023-08-25,1753.3194552474286,1766.5023082944017,1740.1366022004554,1748.9251708984375,34868200
2023-08-28,1753.3194580078125,1766.5023110755405,1740.1366049400847,1753.3194580078125,20521600
2023-08-29,1753.3194580078125,1757.7137423637218,1740.1366049400847,1753.3194580078125,23010600
2023-08-30,1766.5023110755405,1766.5023110755405,1753.3194580078125,1753.3194580078125,31964100
2023-08-31,1753.3194552474286,1766.5023082944017,1735.7423178514643,1748.9251708984375,34775700
2023-09-01,1691.7995755324887,1731.348137038443,1691.7995755324887,1718.165283203125,89347300
2023-09-04,1735.7422954852764,1740.136579777644,1713.7708740234375,1713.7708740234375,50595200
2023-09-05,1713.7708740234375,1731.3480111929086,1709.3765897310695,1713.7708740234375,30663500
2023-09-06,1713.7708711991886,1726.9537240545671,1709.3765869140625,1709.3765869140625,46818400
2023-09-07,1709.3767139795796,1718.165283203125,1704.9824293678068,1718.165283203125,29131200
2023-09-08,1718.165155484315,1722.559439769441,1704.9823026289364,1709.3765869140625,28062400
2023-09-11,1709.3767139795796,1718.165283203125,1696.1938601442614,1718.165283203125,28507500
2023-09-12,1722.559439769441,1722.559439769441,1704.9823026289364,1709.3765869140625,19270100
2023-09-13,1713.7708539439866,1713.7708539439866,1678.6165800169306,1683.0108642578125,42991700
2023-09-14,1687.4052631578948,1700.5881167763157,1665.4338404605262,1669.828125,53126700
2023-09-15,1669.828125,1687.4052631578948,1665.4338404605262,1669.828125,46983300
2023-09-18,1669.827970179116,1678.6165384432165,1621.4908447265625,1621.4908447265625,55122100
2023-09-19,1612.7023952318273,1643.4623864215353,1595.1252574091372,1617.0966796875,50949200
2023-09-20,1621.4908535865045,1647.8565585228705,1621.4908535865045,1634.6737060546875,30863900
2023-09-21,1634.6738148203337,1647.8566681656591,1608.3081081296832,1612.702392578125,39716700
2023-09-22,1612.7024004961993,1639.0681073163007,1612.7024004961993,1625.88525390625,20902800
2023-09-25,1630.279538376267,1639.0681073163007,1621.4909694362332,1625.88525390625,15640300
2023-09-26,1625.885248598845,1630.2795330545175,1608.3081107761548,1617.0966796875,23825200
2023-09-27,1617.0966689560441,1621.490953382555,1599.51953125,1599.51953125,17418400
2023-09-29,1599.5195285597451,1608.3080973979856,1595.125244140625,1595.125244140625,23052100
2023-10-02,1595.1252387303064,1603.913807538738,1581.9423855176592,1586.336669921875,25415600
2023-10-03,1586.336647790147,1590.730932133056,1551.182373046875,1551.182373046875,42107800
2023-10-04,1564.3652119252874,1564.3652119252874,1524.816653196839,1529.2109375,34753800
2023-10-05,1533.6052016988178,1546.788054435484,1498.450927734375,1498.450927734375,44516900
2023-10-06,1498.4510547871491,1529.2110471141582,1498.4510547871491,1507.2396240234375,33650000
2023-10-09,1524.816690855922,1612.7023790896926,1524.816690855922,1590.73095703125,63728500
2023-10-10,1608.3080973979856,1634.6738039127067,1595.125244140625,1595.125244140625,36959900
2023-10-11,1603.9138129788653,1625.8852350744662,1595.125244140625,1595.125244140625,27092400
2023-10-12,1603.9137908505722,1612.7023595675616,1559.970947265625,1559.970947265625,41983500
2023-10-13,1559.9709361367077,1559.9709361367077,1537.9995145009793,1542.393798828125,32334300
2023-10-16,1568.759532305012,1599.5195231345222,1568.759532305012,1586.336669921875,47543000
2023-10-17,1590.73095703125,1599.519525854627,1573.1538193844958,1590.73095703125,22543800
2023-10-18,1595.1252626161317,1625.88525390625,1595.1252626161317,1625.88525390625,28110900
2023-10-19,1625.8852350744662,1625.8852350744662,1577.5481064641442,1595.125244140625,32542000
2023-10-20,1603.913818359375,1621.4909560948201,1586.3366806239299,1603.913818359375,17059500
2023-10-23,1603.9137765066964,1603.9137765066964,1533.6052273995535,1537.99951171875,37513800
2023-10-24,1533.605235675239,1564.365226075602,1524.816666989421,1551.182373046875,18292500
2023-10-25,1555.5767624695177,1564.3653317490064,1520.4224853515625,1520.4224853515625,30552900
2023-10-26,1524.816769991307,1542.3939085502846,1520.4224853515625,1520.4224853515625,16159400
2023-10-27,1524.8166447293931,1533.6052132869113,1516.028076171875,1516.028076171875,11293000
2023-10-30,1520.4223604506342,1533.6052132869113,1507.2395076143569,1516.028076171875,14473600
2023-10-31,1516.0280647165964,1529.2109174532625,1498.450927734375,1498.450927734375,34363300
2023-11-01,1498.4508951822918,1507.2394634824811,1450.11376953125,1450.11376953125,43647900
2023-11-02,1454.5080536813448,1480.8737585819129,1450.11376953125,1450.11376953125,31660400
2023-11-03,1458.902463238765,1472.085316822248,1450.1138941831098,1454.5081787109375,27879000
2023-11-06,1463.2967705221736,1494.0567626953125,1458.902485926011,1494.0567626953125,36428600
2023-11-07,1502.8453268017288,1507.2396113830205,1472.0853347326877,1485.2681884765625,22153500
2023-11-08,1476.479603962726,1480.8738884983293,1450.1138967491058,1458.9024658203125,29121500
2023-11-09,1458.902463238765,1467.6910322944202,1450.1138941831098,1454.5081787109375,15805800
2023-11-10,1454.508162935697,1463.2967318960336,1428.1424560546875,1428.1424560546875,22031500
2023-11-13,1428.142453417366,1436.9310223614727,1414.9596000012057,1423.7481689453125,25305600
2023-11-14,1423.7481689453125,1441.3253068335262,1414.9596000012057,1423.7481689453125,22911400
2023-11-15,1432.5367483743807,1472.0853089123239,1432.5367483743807,1441.3253173828125,63104500
2023-11-16,1441.3252012310606,1454.5080536813448,1428.1423487807765,1450.11376953125,18218200
2023-11-17,1445.7194764490157,1450.1137605719612,1423.748055834289,1436.930908203125,26463700
2023-11-20,1436.9310170049253,1441.3253014605978,1406.1710258152173,1414.9595947265625,32144100
2023-11-21,1419.353884473259,1441.3253068335262,1414.9596000012057,1423.7481689453125,23501100
2023-11-22,1436.931014301621,1436.931014301621,1410.5653076171875,1410.5653076171875,24708100
2023-11-23,1406.1710205078125,1419.3538738250732,1388.593882751465,1406.1710205078125,24227300
2023-11-24,1406.171023169782,1423.7481609594042,1406.171023169782,1410.5653076171875,13563500
2023-11-27,1414.9596000012057,1428.142453417366,1414.9596000012057,1423.7481689453125,23279700
2023-11-28,1432.5367560717993,1467.6910322944202,1423.7481870161441,1454.5081787109375,42651500
2023-11-29,1476.4796243106616,1524.8167548684512,1476.4796243106616,1494.0567626953125,89761900
2023-11-30,1498.4509473778737,1529.2109375,1472.0852415589081,1529.2109375,75641800
2023-12-01,1502.8452119799304,1516.0280647165964,1489.6623592432643,1498.450927734375,41222800
2023-12-04,1529.210943080357,1590.7309235491073,1524.8166587611609,1537.99951171875,108764700
2023-12-05,1533.6053466796875,1533.6053466796875,1511.6339233748208,1533.6053466796875,36711700
2023-12-06,1529.2110394646138,1529.2110394646138,1494.0567626953125,1494.0567626953125,38302400
2023-12-07,1494.0566018014144,1498.45088592436,1436.930908203125,1436.930908203125,50450100
2023-12-08,1450.1139093506583,1485.2681859409774,1445.7196247768686,1480.8739013671875,41337300
2023-12-11,1472.085316822248,1472.085316822248,1441.3253251274546,1454.5081787109375,29210100
2023-12-12,1454.508162935697,1454.508162935697,1414.9596026141826,1428.1424560546875,29865200
2023-12-13,1428.142439982734,1428.142439982734,1397.3824489677213,1401.7767333984375,33258000
2023-12-14,1428.1424638701649,1450.1138863912443,1428.1424638701649,1441.3253173828125,42144600
2023-12-15,1450.113901835002,1467.6910400390625,1441.3253327329717,1467.6910400390625,34436800
2023-12-18,1467.69091503613,1472.0851992128848,1423.7480732685813,1463.296630859375,34081200
2023-12-19,1450.1138863912443,1450.1138863912443,1428.1424638701649,1441.3253173828125,10954000
2023-12-20,1441.3251923260705,1463.296612940797,1436.930908203125,1436.930908203125,33524500
2023-12-21,1436.930908203125,1445.7194764490157,1428.1423399572345,1436.930908203125,14967800
2023-12-22,1441.3252099756007,1463.296630859375,1441.3252099756007,1463.296630859375,24415400
2023-12-27,1472.0852388497387,1533.6052189807726,1472.0852388497387,1524.816650390625,86013100
2023-12-28,1537.9996163504463,1581.9424625318877,1498.4510547871491,1507.2396240234375,115723900
2023-12-29,1511.633780471041,1568.7594756632607,1498.450927734375,1498.450927734375,83597900
2024-01-02,1507.2395132103295,1524.816650390625,1502.8452289152556,1524.816650390625,24718300
2024-01-03,1524.8167548684512,1524.8167548684512,1494.0567626953125,1494.0567626953125,37300200
2024-01-04,1494.056755088557,1516.0281779575066,1476.4796167933976,1480.8739013671875,50670900
2024-01-05,1485.2681808243938,1489.6624653830459,1472.0853271484375,1472.0853271484375,27724900
2024-01-08,1476.4794744318183,1502.8451793323864,1450.11376953125,1450.11376953125,38882100
2024-01-09,1450.1138890043217,1467.691027052859,1432.5367509557846,1445.7196044921875,35557300
2024-01-10,1450.1138941831098,1467.6910322944202,1436.931040599627,1454.5081787109375,23255700
2024-01-11,1458.9023288178519,1467.6908970637423,1436.930908203125,1436.930908203125,23738400
2024-01-12,1436.931025015024,1445.7195939753606,1423.7481715745191,1428.1424560546875,37633100
2024-01-15,1432.5367298542153,1441.3252987490266,1410.5653076171875,1410.5653076171875,41059100
2024-01-16,1414.9595920645932,1428.1424454068099,1406.171023169782,1410.5653076171875,28690900
2024-01-17,1423.7481609594042,1423.7481609594042,1406.171023169782,1410.5653076171875,22340500
2024-01-18,1410.5653155291523,1436.9310223614727,1406.1710310570988,1423.7481689453125,42791800
2024-01-19,1467.691027052859,1498.451018637799,1441.325319980053,1445.7196044921875,138276200
2024-01-22,1445.7196044921875,1463.2967425407246,1441.325319980053,1445.7196044921875,40064300
2024-01-23,1445.7195859162703,1450.1138703719428,1410.5653102708898,1414.9595947265625,45771000
2024-01-24,1414.9596810107898,1423.7482504580619,1340.256840708978,1349.04541015625,100907600
2024-01-25,1349.0452990761908,1397.3824270561195,1349.0452990761908,1366.6224365234375,53174200
2024-01-26,1371.0167317708333,1388.5938693576388,1366.622447374132,1384.1995849609375,36596700
2024-01-29,1384.1995795009236,1401.7767170183956,1362.2281576040834,1375.4110107421875,25068100
2024-01-30,1375.4110107421875,1379.8052951215557,1371.0167263628196,1375.4110107421875,21896800
2024-01-31,1375.4110024729082,1392.9881398847026,1362.2281494140625,1362.2281494140625,23365800
2024-02-01,1362.2282643271578,1379.805403221702,1349.04541015625,1349.04541015625,21202800
2024-02-02,1349.04528248271,1362.2281354059937,1340.2567138671875,1340.2567138671875,46157600
2024-02-05,1340.2566634284126,1353.4395158555772,1265.5538330078125,1265.5538330078125,109746600
2024-02-06,1269.9481081243148,1291.9195286800987,1239.188119346217,1252.3709716796875,59462600
2024-02-07,1256.7652466686059,1265.5538148271278,1234.7938262723017,1239.1881103515625,51571600
2024-02-12,1243.5825445285836,1291.9196752346415,1243.5825445285836,1287.525390625,38567300
2024-02-13,1331.4681562405187,1388.5938527128842,1305.1024501763502,1357.8338623046875,140446400
2024-02-15,1379.8052812056108,1388.5938498757102,1349.0452908602626,1353.4395751953125,62446100
2024-02-16,1357.8338539273132,1371.0167068780638,1344.6510009765625,1344.6510009765625,27133500
2024-02-19,1357.8338453840502,1357.8338453840502,1322.6795710699,1331.4681396484375,25251500
2024-02-20,1331.4682568521596,1340.256826204319,1322.6796875,1322.6796875,29689600
2024-02-21,1322.6795450846355,1331.4681134905134,1278.7367030552457,1291.9195556640625,49738700
2024-02-22,1300.7081412760417,1335.8624153645833,1300.7081412760417,1318.2852783203125,46945600
2024-02-23,1340.2567276493196,1362.2281494140625,1322.6795902375252,1362.2281494140625,58962900
2024-02-26,1366.6224139625876,1375.4109825411251,1327.0738553591686,1331.4681396484375,26407900
2024-02-27,1331.468119440852,1331.468119440852,1291.9195614376583,1300.7081298828125,45781700
2024-02-28,1309.496826171875,1318.285395475042,1291.9196875655412,1309.496826171875,22569900
2024-02-29,1313.8910957231915,1322.6796649253533,1283.131103515625,1283.131103515625,48482200
2024-03-01,1287.5252772150814,1309.4966983279667,1287.5252772150814,1300.7081298828125,27751500
2024-03-04,1313.8910957231915,1318.2853803242724,1283.131103515625,1283.131103515625,31713700
2024-03-05,1291.9196727177869,1305.1025265210296,1283.131103515625,1283.131103515625,37549800
2024-03-06,1287.5253021740523,1353.4395667904712,1287.5253021740523,1340.2567138671875,81197000
2024-03-07,1349.0453097873265,1388.5938693576388,1349.0453097873265,1384.1995849609375,84824100
2024-03-08,1401.7767170183956,1406.1710013977636,1362.2281576040834,1375.4110107421875,52659100
2024-03-13,1384.1996086968315,1436.9310223614727,1384.1996086968315,1423.7481689453125,116310700
2024-03-14,1432.5367509557846,1445.7196044921875,1414.9596129072472,1445.7196044921875,69006400
2024-03-15,1445.7195886192676,1445.7195886192676,1414.9595973720493,1419.3538818359375,51840100
2024-03-18,1419.3539024883166,1472.085316822248,1410.5653334326614,1454.5081787109375,66602000
2024-03-19,1463.296750355916,1485.2681730339327,1458.9024658203125,1458.9024658203125,49266200
2024-03-20,1458.9024658203125,1467.6910348915192,1445.7196122135026,1458.9024658203125,38425600
2024-03-21,1480.8739089068245,1511.6339010799632,1476.4796243106616,1494.0567626953125,85481500
2024-03-22,1494.0567473451536,1494.0567473451536,1458.9024709370321,1467.6910400390625,42163600
2024-03-25,1480.8738884983293,1480.8738884983293,1450.1138967491058,1458.9024658203125,51279200
2024-03-26,1472.0851992128848,1472.0851992128848,1450.1137783291103,1463.296630859375,35072600
2024-03-27,1463.296612940797,1472.0851811866878,1428.1423399572345,1436.930908203125,34509200
2024-03-28,1441.3252960205077,1454.5081493377686,1388.593882751465,1406.1710205078125,62687900
2024-04-01,1419.353862907313,1436.9310005284563,1357.8338812333118,1388.5938720703125,61273100
2024-04-02,1388.5939033322218,1441.3253173828125,1384.199618828006,1441.3253173828125,46410200
2024-04-03,1450.1138890043217,1458.9024580285904,1432.5367509557846,1445.7196044921875,55402400
2024-04-04,1458.9024658203125,1472.0853194271226,1450.1138967491058,1458.9024658203125,47280700
2024-04-05,1463.2967554880474,1472.0853245900778,1445.7196172839867,1467.6910400390625,35349900
2024-04-16,1480.8738467390367,1590.73095703125,1476.479562327348,1590.73095703125,201068200
2024-04-17,1595.1252332597057,1621.490939594577,1559.9709581465443,1577.548095703125,97314200
2024-04-18,1581.942340353261,1595.125193189538,1502.845223335598,1516.028076171875,105257300
2024-04-19,1551.182492689653,1555.5767773714933,1516.0282152349298,1546.7882080078125,86892700
2024-04-22,1564.3652288576977,1581.9423662605932,1546.7880914548023,1555.57666015625,70463000
2024-04-23,1555.5766433189656,1559.9709276221265,1520.4223688936781,1529.2109375,53092100
2024-04-24,1533.605186825707,1537.999471028646,1476.4794921875,1476.4794921875,42661100
2024-04-25,1476.4795658903302,1489.662419157208,1392.9881618667698,1397.3824462890625,77798400
2024-04-26,1406.1710178291537,1419.3538711213018,1384.1995956755732,1401.7767333984375,45105100
2024-04-29,1406.1710284442725,1423.748166299826,1379.8053216609424,1419.3538818359375,44759600
2024-04-30,1428.1424638701649,1441.3253173828125,1406.1710413490853,1441.3253173828125,42746700
2024-05-02,1410.5652538577451,1414.9595381376757,1327.0738525390625,1327.0738525390625,100915200
2024-05-03,1331.4682494297924,1349.0453880361263,1296.3139722171245,1309.496826171875,70316700
2024-05-06,1322.6795710699,1344.6509925162438,1309.4967182020937,1331.4681396484375,41690800
2024-05-07,1344.6511108803986,1353.4396802325582,1318.2854028239203,1322.6796875,40340300
2024-05-08,1322.6797018144339,1384.199687945338,1300.708278196254,1349.04541015625,109109000
2024-05-13,1353.4395667904712,1362.2281354059937,1331.468145251665,1340.2567138671875,36491800
2024-05-14,1335.8624295594261,1357.8338510982326,1331.468145251665,1340.2567138671875,31675400
2024-05-15,1349.0453044659796,1384.1995795009236,1349.0453044659796,1375.4110107421875,51245200
2024-05-16,1392.9881482596595,1397.3824326390277,1371.0167263628196,1375.4110107421875,52891500
2024-05-17,1392.9881776409384,1436.9310223614727,1392.9881776409384,1423.7481689453125,88081100
2024-05-20,1445.7196096552823,1467.6910322944202,1445.7196096552823,1454.5081787109375,113540600
2024-05-21,1471.7222607889876,1519.350812918081,1471.7222607889876,1490.773681640625,58009600
2024-05-22,1490.7736164030482,1505.0621814164958,1447.9079213627049,1452.6707763671875,42177500
2024-05-27,1452.6708821070233,1462.1965928093646,1419.3308946488294,1424.09375,34506000
2024-05-28,1428.8565758431312,1462.1965626128042,1428.8565758431312,1443.1451416015625,33679300
2024-05-29,1452.6707763671875,1466.9593413806351,1433.619356349257,1452.6707763671875,27076800
2024-05-30,1452.6707960295198,1452.6707960295198,1419.330810546875,1419.330810546875,38241900
2024-05-31,1419.3308780396758,1438.3822992214164,1395.5166015625,1395.5166015625,81505200
2024-06-03,1395.5165637788318,1419.330839611235,1395.5165637788318,1400.2794189453125,29619200
2024-06-04,1400.2794011433919,1414.5679664611816,1366.9394154018826,1371.7022705078125,60287600
2024-06-05,1371.702294193097,1376.4651493812673,1276.4451904296875,1276.4451904296875,104191600
2024-06-06,1281.207989246673,1314.5479740969581,1243.1051494177757,1252.630859375,73528000
2024-06-07,1257.3937049278845,1285.9708345853364,1238.34228515625,1238.34228515625,77512800
2024-06-10,1228.8166631883191,1238.3423737556705,1157.3738339331842,1181.1881103515625,98034100
2024-06-11,1181.188118619273,1219.2909611553785,1181.188118619273,1195.4766845703125,64084300
2024-06-12,1195.4766927403728,1209.7652587890625,1181.188126691683,1209.7652587890625,35959900
2024-06-13,1209.765250521352,1224.0538164723916,1195.4766845703125,1195.4766845703125,40672000
2024-06-14,1195.4766588447508,1200.2395140592716,1147.8481066995416,1152.6109619140625,48922900
2024-06-19,1157.373779296875,1166.8994894145449,1119.270938826196,1157.373779296875,36744000
2024-06-20,1157.373779296875,1166.8994894145449,1143.0852141203704,1157.373779296875,33480600
2024-06-21,1162.136643324441,1195.4766289935849,1162.136643324441,1171.662353515625,55789200
2024-06-24,1176.4251801757812,1200.239455078125,1176.4251801757812,1190.7137451171875,22559600
2024-06-25,1195.4766676299425,1200.2395228794642,1162.1366808832909,1166.8995361328125,29652400
2024-06-26,1171.6623444733796,1176.4251995322145,1152.61092423804,1157.373779296875,29664300
2024-06-27,1143.0852229420732,1171.662353515625,1143.0852229420732,1171.662353515625,24220600
2024-06-28,1176.4251801757812,1205.0023100585936,1171.6623251953124,1190.7137451171875,54955600
2024-07-01,1195.4766719423492,1243.105224609375,1190.7138166756465,1243.105224609375,69300100
2024-07-02,1247.8680330372224,1252.6308881251507,1219.2909025096524,1233.5794677734375,58443100
2024-07-03,1233.5794394605514,1252.630859375,1219.2908745247148,1252.630859375,40057600
2024-07-04,1262.1566162109375,1271.6823265219634,1257.3937610554244,1262.1566162109375,46070600
2024-07-05,1262.1566073585102,1266.9194624806178,1243.10518687008,1247.8680419921875,21984500
2024-07-08,1252.6309675838484,1300.259521484375,1252.6309675838484,1300.259521484375,61088000
2024-07-09,1300.2594280030203,1309.7851380982806,1276.4451527648698,1281.2080078125,39832500
2024-07-10,1285.97086286013,1300.2594280030203,1281.2080078125,1281.2080078125,25808000
2024-07-11,1281.2080167882582,1300.2594371122473,1257.393741383272,1295.49658203125,36563500
2024-07-12,1300.2594371122473,1314.5480023552389,1285.9708718692555,1295.49658203125,34695000
2024-07-15,1295.4966579861111,1305.0223687065973,1266.9195258246527,1285.970947265625,27711000
2024-07-16,1285.9709008060283,1300.25946637054,1271.682335241517,1276.4451904296875,30321900
2024-07-17,1295.4965537250905,1328.8365385636039,1290.7336987481601,1314.5479736328125,65083200
2024-07-18,1328.8365767045455,1338.362286931818,1309.78515625,1309.78515625,53937000
2024-07-19,1309.7852240668403,1314.5480794270834,1266.9195258246527,1285.970947265625,60206400
2024-07-22,1285.9709008060283,1295.4966111823694,1266.9194800533464,1276.4451904296875,35890600
2024-07-23,1276.4451342680609,1285.9708442252852,1243.1051494177757,1252.630859375,48954700
2024-07-24,1252.630897114295,1262.1566073585102,1243.10518687008,1247.8680419921875,28205300
2024-07-25,1243.1051688194275,1247.8680238723755,1214.5280385017395,1219.2908935546875,44789300
2024-07-26,1224.053757597581,1238.3423228613658,1219.2909025096524,1233.5794677734375,33791400
2024-07-29,1262.1566073585102,1285.9708829690483,1247.8680419921875,1247.8680419921875,62519500
2024-07-30,1257.3937049278845,1266.919414813702,1238.34228515625,1238.34228515625,30531700
2024-07-31,1247.8680043963877,1262.1565693322243,1243.1051494177757,1252.630859375,34840100
2024-08-01,1276.4451527648698,1290.7337179077601,1262.1565876219795,1281.2080078125,54534700
2024-08-02,1271.6822977172396,1285.97086286013,1257.3937325743493,1281.2080078125,32243400
2024-08-05,1266.9195314399926,1266.9195314399926,1205.002411482399,1224.0538330078125,65319000
2024-08-06,1228.8166126855092,1243.105177949294,1219.2909025096524,1233.5794677734375,27910200
2024-08-07,1233.5794677734375,1252.6308881251507,1233.5794677734375,1233.5794677734375,20663100
2024-08-08,1233.5795355368787,1238.342390886442,1209.7652587890625,1209.7652587890625,46868600
2024-08-09,1224.0538330078125,1238.3423991518725,1219.2909776264592,1224.0538330078125,26308700
2024-08-12,1228.8166215037572,1247.8680419921875,1228.8166215037572,1247.8680419921875,38054700
2024-08-13,1257.3937522364026,1266.9194624806178,1219.290911259542,1247.8680419921875,109937300
2024-08-14,1247.8680798760777,1257.3937904094828,1228.8166588092672,1243.105224609375,46923100
2024-08-15,1247.8680838574571,1324.0737683678362,1243.1052285755584,1319.3109130859375,177044200
2024-08-16,1338.3622570299121,1438.3822121816138,1333.5994020226883,1390.753662109375,377536100
2024-08-19,1405.0422741117932,1438.3822602771577,1390.7537086123511,1400.2794189453125,179600100
2024-08-20,1409.8050913665254,1424.0936564817266,1385.9908161745234,1405.042236328125,88428900
2024-08-21,1414.5679844447543,1452.6708257765997,1395.5165637788318,1400.2794189453125,133225200
2024-08-22,1400.2794011433919,1405.0422562493218,1362.1765602959526,1371.7022705078125,73634500
2024-08-23,1376.4651720770476,1395.5165931438578,1376.4651720770476,1381.22802734375,45814100
2024-08-26,1390.7537544869087,1409.80517578125,1381.2280438397381,1409.80517578125,75022900
2024-08-27,1409.8051292782739,1414.5679844447543,1381.2279982793898,1400.2794189453125,37690700
2024-08-28,1409.8051589439656,1414.5680142106683,1381.22802734375,1381.22802734375,41278000
2024-08-29,1381.2279624127327,1385.9908174555353,1333.5994119847076,1343.1251220703125,111056900
2024-08-30,1347.8880061966051,1352.6508613421763,1324.07373046875,1324.07373046875,764070300
2024-09-02,1333.5994028617831,1347.8879678924452,1319.3108378311213,1328.8365478515625,116937200
2024-09-03,1333.599470375228,1338.3623256265682,1300.2594836158473,1305.0223388671875,87618500
2024-09-04,1285.97086286013,1305.0222830506505,1276.4451527648698,1281.2080078125,98870900
2024-09-05,1285.97086286013,1305.0222830506505,1266.9194426696097,1281.2080078125,106245300
2024-09-06,1281.2080837064022,1295.496649695693,1266.9195177171114,1271.682373046875,77347000
2024-09-09,1271.6823647238991,1276.4452200224905,1243.1052329323509,1257.393798828125,92572800
2024-09-10,1257.393798828125,1271.6823647238991,1243.1052329323509,1257.393798828125,61469800
2024-09-11,1257.393714353612,1281.207989246673,1252.630859375,1252.630859375,95724000
2024-09-12,1262.1565876219795,1295.4965729553903,1252.6308775267194,1281.2080078125,104507600
2024-09-13,1300.2595050254565,1305.02236035522,1266.9195177171114,1271.682373046875,101550200
2024-09-17,1285.9708437712297,1324.0736835866735,1281.2079887942991,1314.5479736328125,153082200
2024-09-18,1314.548087654533,1314.548087654533,1300.259521484375,1300.259521484375,54056600
2024-09-19,1300.2594460227272,1314.5480113636363,1295.4965909090909,1309.78515625,64130700
2024-09-20,1314.5480493698676,1319.3109046212078,1300.2594836158473,1305.0223388671875,66852400
2024-09-23,1314.5479828209004,1343.1251128822244,1314.5479828209004,1328.8365478515625,124951500
2024-09-24,1333.5994119847076,1343.1251220703125,1319.3108468563,1343.1251220703125,99822100
2024-09-25,1352.650850084093,1376.4651256137424,1338.3622847663032,1371.7022705078125,213527100
2024-09-26,1381.2279716625549,1381.2279716625549,1347.8879861396656,1357.4136962890625,119737300
2024-09-27,1362.176577613467,1409.8051292782739,1357.4137224469866,1400.2794189453125,146334800
2024-09-30,1409.80517578125,1419.3308864284206,1366.9394778689823,1409.80517578125,131933000
2024-10-01,1419.3308569335939,1438.3822778320314,1409.805146484375,1428.8565673828125,123533000
2024-10-02,1438.3822574180579,1495.536519302219,1409.8051264759772,1462.196533203125,254461600
2024-10-03,1476.4850986741653,1514.5879399302728,1462.196533203125,1462.196533203125,199006700
2024-10-04,1462.1964863761525,1471.7221963851177,1428.8565013447746,1452.6707763671875,75683200
2024-10-07,1457.4337241163532,1481.248000654202,1452.6708688087833,1471.7222900390625,85637900
2024-10-08,1471.7221963851177,1500.2993264120132,1433.619356349257,1452.6707763671875,137208800
2024-10-09,1443.1451416015625,1452.6708521071835,1419.3308653375104,1443.1451416015625,73795700
2024-10-10,1443.1451125750712,1466.9593883601385,1443.1451125750712,1462.196533203125,59202600
2024-10-11,1471.7222607889876,1490.773681640625,1462.1965503631689,1490.773681640625,86316100
2024-10-14,1500.2993886748707,1562.2165063027223,1490.7736782705858,1552.6907958984375,173551800
2024-10-15,1552.69077835083,1552.69077835083,1514.5879371643066,1524.1136474609375,131950900
2024-10-16,1524.1136295780254,1524.1136295780254,1495.5364990234375,1495.5364990234375,89196200
2024-10-17,1509.825053650656,1547.927894121335,1495.5364884741514,1543.1650390625,103812400
2024-10-18,1552.6908338341348,1557.4536891526443,1528.8765572415866,1547.927978515625,83020900
2024-10-21,1566.9793950368667,1681.287922334389,1562.2165397328033,1609.8450927734375,243375700
2024-10-22,1614.6078542378136,1619.3707092650636,1581.2678690470623,1590.7935791015625,87540600
2024-10-23,1600.319318181818,1605.0821732954544,1562.2164772727272,1571.7421875,66120100
2024-10-24,1562.2164592978395,1571.7421694155094,1543.1650390625,1543.1650390625,55964600
2024-10-25,1543.1650590866523,1576.505044931117,1509.8250732421875,1509.8250732421875,84326300
2024-10-28,1514.5879831254852,1562.2165360539595,1514.5879831254852,1533.639404296875,75462300
2024-10-29,1543.1650768551665,1547.9279320306455,1519.350800977772,1538.4022216796875,50332700
2024-10-30,1543.1650854941527,1571.7422167070074,1533.6393750898678,1552.6907958984375,114888200
2024-10-31,1528.8765026092528,1528.8765026092528,1466.9593856811523,1524.1136474609375,219900400
2024-11-01,1514.587930779708,1514.587930779708,1443.1451038561368,1447.907958984375,86562200
2024-11-04,1447.9079213627049,1486.0107613985656,1409.8050813268442,1452.6707763671875,90822600
2024-11-05,1452.670884874132,1500.2994384765625,1452.670884874132,1500.2994384765625,113169500
2024-11-06,1500.299335826527,1514.5879009296368,1457.4336405171978,1466.9593505859375,70410300
2024-11-07,1447.908029513889,1505.0622938368056,1409.8051866319445,1500.2994384765625,119230900
2024-11-08,1519.3507834834631,1533.6393488453766,1490.7736527596362,1509.8250732421875,61159000
2024-11-11,1505.062268624898,1505.062268624898,1443.1451499789368,1457.4337158203125,49021500
2024-11-12,1438.3822742986222,1490.773681640625,1438.3822742986222,1490.773681640625,50902500
2024-11-13,1486.010830078125,1486.010830078125,1424.0937121582033,1428.8565673828125,52007900
2024-11-14,1428.8565970755913,1428.8565970755913,1385.9908991633233,1409.80517578125,63863000
2024-11-15,1400.2794616699218,1409.8051722935268,1319.31092136928,1333.5994873046875,99868300
2024-11-18,1338.3622578720037,1357.4136779128864,1328.8365478515625,1328.8365478515625,32739700
2024-11-19,1343.1251208289195,1414.5679464049258,1343.1251208289195,1405.042236328125,82940100
2024-11-20,1419.330839611235,1438.3822602771577,1390.7537086123511,1400.2794189453125,63724300
2024-11-21,1405.0422453400272,1428.8565206847734,1395.5165352021288,1419.330810546875,47253500
2024-11-22,1424.0937247440734,1424.0937247440734,1381.22802734375,1381.22802734375,33202000
2024-11-25,1390.7537171848696,1414.5679931640625,1366.9394412056765,1414.5679931640625,68021900
2024-11-26,1414.5680142106683,1414.5680142106683,1376.4651720770476,1381.22802734375,30282300
2024-11-28,1385.9908653581647,1405.04228618783,1352.65087890625,1352.65087890625,30730300
2024-11-29,1352.6509250027318,1376.4652018513714,1328.836648154092,1362.1766357421875,44703300
2024-12-02,1343.1251220703125,1366.9393972843252,1343.1251220703125,1343.1251220703125,28640700
2024-12-03,1343.1251852101293,1400.2794484105605,1343.1251852101293,1381.22802734375,61191200
2024-12-04,1376.4651803807594,1400.2794568579352,1371.7023250853242,1395.5166015625,46067800
2024-12-05,1400.279390271078,1424.0936656158242,1381.227969995281,1419.330810546875,57649600
2024-12-06,1419.3308483599012,1424.0937035557397,1395.516572380708,1414.5679931640625,33502500
2024-12-09,1414.5679554779258,1438.382230822672,1409.8051004089764,1419.330810546875,42618200
2024-12-10,1428.8565955528848,1552.6908338341348,1428.8565955528848,1547.927978515625,158162400
2024-12-11,1547.9279232025146,1576.5050540924071,1505.0622268676757,1524.1136474609375,72947100
2024-12-12,1528.8765113287297,1557.4536423816032,1509.825090626814,1538.4022216796875,62213000
2024-12-13,1538.4022039660144,1538.4022039660144,1500.2993630009119,1509.8250732421875,42789500
2024-12-16,1495.5365749261318,1509.8251409286106,1471.7222982553335,1486.0108642578125,28443900
2024-12-17,1490.7736068624533,1490.7736068624533,1428.8564922004346,1438.3822021484375,45849900
2024-12-18,1438.3822863487521,1462.1965626128042,1424.0937205903208,1443.1451416015625,25835100
2024-12-19,1424.0936947777157,1424.0936947777157,1376.4651431129091,1400.2794189453125,40890300
2024-12-20,1395.5165757729974,1405.04228618783,1352.65087890625,1352.65087890625,31468500
2024-12-23,1357.4137139074583,1385.9908447265625,1357.4137139074583,1385.9908447265625,31957000
2024-12-24,1390.7537293118467,1395.516584549216,1366.939453125,1366.939453125,19521500
2024-12-27,1371.7022412909835,1462.1964863761525,1371.7022412909835,1452.6707763671875,51044700
2024-12-30,1452.6707763671875,1471.7221963851177,1419.3307913358094,1452.6707763671875,42238300
2025-01-02,1457.4337241163532,1486.0108559617718,1447.9080135012136,1471.7222900390625,33508800
2025-01-03,1486.0108000102796,1486.0108000102796,1447.907958984375,1447.907958984375,18198800
2025-01-06,1452.670865107722,1466.9594309940273,1390.753746267065,1395.5166015625,28169500
2025-01-07,1400.2794397865853,1409.805150261324,1362.1765978876306,1366.939453125,36008100
2025-01-08,1376.4652018513714,1395.516623330283,1357.4137803724595,1362.1766357421875,34414800
2025-01-09,1366.939444528499,1371.7022997359154,1343.1251684914173,1352.65087890625,30949900
2025-01-10,1357.4137591990188,1409.8051674488056,1357.4137591990188,1395.5166015625,43730900
2025-01-13,1405.0423204576646,1424.0937417520058,1385.9908991633233,1409.80517578125,40835000
2025-01-14,1409.8051179584704,1462.196524369089,1395.5165525737561,1447.907958984375,59977600
2025-01-15,1447.9080052593954,1457.4337158203125,1433.61943941802,1457.4337158203125,28123600
2025-01-16,1462.196524369089,1476.4850897538033,1438.3822487278987,1447.907958984375,32746500
2025-01-17,1457.433669240851,1466.9593794973273,1433.6193935996607,1447.907958984375,14490400
2025-01-20,1443.1450571224389,1462.1964770184447,1428.8564922004346,1438.3822021484375,19484000
2025-01-21,1438.3822021484375,1452.6707670704418,1428.8564922004346,1438.3822021484375,22004000
2025-01-22,1443.1451038561368,1466.9593794973273,1438.3822487278987,1447.907958984375,23644500
2025-01-23,1452.6707960295198,1452.6707960295198,1409.8051004089764,1419.330810546875,30835200
2025-01-24,1419.330810546875,1433.6193757537228,1405.0422453400272,1419.330810546875,19564100
2025-01-30,1419.330793045755,1419.330793045755,1319.3108378311213,1328.8365478515625,92858400
2025-01-31,1338.3622959054633,1352.6508613421763,1319.310875323179,1324.07373046875,61882500
2025-02-03,1328.8365385636039,1338.3622485174649,1290.7336987481601,1314.5479736328125,49107900
2025-02-04,1328.836631992885,1352.6509085518974,1328.836631992885,1333.5994873046875,67722800
2025-02-05,1343.1251852101293,1381.22802734375,1328.8366194100215,1381.22802734375,87360400
2025-02-06,1381.228040422712,1385.9908957345144,1319.31092136928,1333.5994873046875,60107000
2025-02-07,1333.59950352382,1366.9394911119155,1300.2595159357245,1362.1766357421875,54097100
2025-02-10,1366.9394659049244,1366.9394659049244,1314.5480578040388,1319.3109130859375,40971800
2025-02-11,1338.36234261649,1352.6509085518974,1314.5480660574776,1333.5994873046875,52510000
2025-02-12,1338.3622578720037,1338.3622578720037,1314.5479828209004,1328.8365478515625,33267100
2025-02-13,1328.8365914481026,1400.2794189453125,1328.8365914481026,1400.2794189453125,90550900
2025-02-14,1405.0423077352687,1462.196571100771,1405.0423077352687,1457.4337158203125,121036100
2025-02-17,1457.4336494862841,1486.0107798683682,1443.1450842952422,1481.2479248046875,67708700
2025-02-18,1481.2479626071067,1495.5365281628024,1462.1965418661794,1476.485107421875,33927800
2025-02-19,1490.7737277560764,1519.3508599175348,1486.0108723958333,1500.2994384765625,64348100
2025-02-20,1500.2993421243277,1609.8450083746754,1495.5364870699648,1605.0821533203125,167232000
2025-02-21,1605.0821548273534,1605.0821548273534,1543.1650390625,1543.1650390625,75344800
2025-02-24,1552.6908420469704,1595.5565401402916,1552.6908420469704,1562.216552734375,52458900
2025-02-25,1571.742178540711,1586.0307438001719,1524.113627675841,1557.45361328125,60916100
2025-02-26,1557.45365110058,1562.2165063027223,1528.8765198877252,1552.6907958984375,51465900
2025-02-27,1552.6908338341348,1571.7422551081731,1533.6394125600962,1547.927978515625,44544100
2025-02-28,1538.4022039660144,1538.4022039660144,1433.6193913119826,1509.8250732421875,88545000
2025-03-03,1505.0622181215497,1533.6393488453766,1481.2479425183606,1509.8250732421875,88386800
2025-03-04,1519.3507559640068,1538.4021761014865,1457.4336405171978,1466.9593505859375,45571400
2025-03-05,1471.722213179977,1552.6907491801699,1471.722213179977,1543.1650390625,64897700
2025-03-06,1543.1651231971155,1566.9793997896636,1538.402267878606,1547.927978515625,34278000
2025-03-07,1547.927940696295,1576.5050719091498,1538.4022302920102,1552.6907958984375,36726500
2025-03-10,1524.1136220637584,1533.6393322016568,1405.0422453400272,1419.330810546875,102645500
2025-03-11,1419.3308282149465,1452.670814112613,1395.5165525737561,1447.907958984375,39764400
2025-03-12,1471.7222900390625,1509.8251324996208,1457.4337241163532,1471.7222900390625,66399100
2025-03-13,1476.4850986741653,1495.536519302219,1447.9079677320847,1462.196533203125,47350400
2025-03-14,1486.0107606132076,1538.402165634827,1486.0107606132076,1514.587890625,64294500
2025-03-17,1543.1650198852908,1609.8449898803342,1538.4021648856449,1576.5050048828125,101971200
2025-03-18,1581.267888713685,1590.7935988866589,1471.722221724484,1557.45361328125,72950300
2025-03-19,1562.2165233198418,1590.7936548439855,1543.1651023037464,1581.2679443359375,60532100
2025-03-20,1581.2679358021467,1605.0822119437453,1562.2165148888678,1566.9793701171875,59817400
2025-03-21,1566.9793346898414,1571.7421898104792,1505.0622181215497,1509.8250732421875,40953200
2025-03-24,1509.8250356230346,1543.1650206367924,1462.1964856033806,1514.587890625,46998300
2025-03-25,1519.3507923126222,1538.4022129058837,1481.2479511260985,1524.1136474609375,24572800
2025-03-26,1543.1650568181817,1581.2678977272726,1538.4022017045454,1571.7421875,39601200
2025-03-27,1571.742178540711,1571.742178540711,1533.6393378488149,1557.45361328125,32277300
2025-04-08,1381.228040422712,1409.8051722935268,1324.0737766810826,1333.5994873046875,133964900
2025-04-09,1347.88797586732,1505.062192134534,1347.88797586732,1405.042236328125,160024000
2025-04-10,1500.2993886748707,1600.319347919862,1500.2993886748707,1552.6907958984375,175844900
2025-04-11,1581.267960949057,1662.2365011181353,1571.7422503409302,1609.8450927734375,187903400
2025-04-14,1657.4735647733096,1762.2563763394382,1657.4735647733096,1743.2049560546875,190556900
2025-04-15,1776.5449596117903,1867.0392068842407,1733.6792635353663,1771.7821044921875,300016300
2025-04-16,1819.4106534090909,1847.987784090909,1771.7821022727271,1833.69921875,255794800
2025-04-17,1857.5134653910268,1876.5648855488835,1833.6991901937058,1852.7506103515625,208479100
2025-04-21,1886.0906018708881,1990.8734130859375,1871.8020367051997,1990.8734130859375,319927200
2025-04-22,2028.9763518032962,2105.182036378068,2028.9763518032962,2086.130615234375,360805600
2025-04-23,2057.553413722826,2057.553413722826,1933.7191804895078,1971.822021484375,297133100
2025-04-24,2009.924988644622,2048.02783203125,1990.873566951308,2048.02783203125,252026600
2025-04-25,2076.604793370327,2086.130503431659,2019.4505330023364,2038.501953125,151595100
2025-04-28,2038.5020287742077,2057.553449603873,1990.873476700044,2028.976318359375,145265800
2025-04-29,2048.027606929114,2076.604736328125,2038.5018971294437,2076.604736328125,162278000
2025-04-30,2086.1305218533985,2190.913333453341,2057.5533914170505,2067.0791015625,320158300
2025-05-02,2162.33627439274,2229.0162476118994,2133.7591430131006,2181.3876953125,357918800
2025-05-05,2171.8620016163795,2229.0162648168102,2162.336291082974,2209.96484375,152617900
2025-05-06,2248.0677249938485,2419.530517578125,2248.0677249938485,2419.530517578125,333198600
2025-05-07,2438.581818181818,2648.147443181818,2429.0561079545455,2619.5703125,617628300
2025-05-08,2648.147528286638,2724.3532125538795,2476.684738685345,2486.21044921875,522454300
2025-05-09,2476.6846978486474,2562.416091235716,2467.1589874723063,2552.890380859375,218194600
2025-05-14,2495.736125153186,2505.261835554534,2343.3247587316173,2429.05615234375,356244400
2025-05-15,2410.004731541054,2533.8389667585784,2381.4276003370096,2429.05615234375,332822200
2025-05-16,2533.8390188506155,2543.3647294477983,2476.684755267519,2514.78759765625,174863200
2025-05-19,2543.3646132525273,2600.5188742244945,2514.787482766544,2590.9931640625,210292700
2025-05-20,2590.9933321886447,2610.0447537488553,2533.8390675080127,2600.51904296875,163229300
2025-05-21,2648.147455903673,2781.5073997261597,2638.621745630638,2771.981689453125,329772300
2025-05-22,2848.1874835040117,2933.918879328547,2791.033219620988,2819.6103515625,367750100
2025-05-23,2838.6617068939695,2981.54736328125,2838.6617068939695,2981.54736328125,209432100
2025-05-26,3019.650110373543,3124.4329217745176,2886.2901685904844,2962.495849609375,305568000
2025-05-27,2962.495967248092,2972.021677753713,2867.238862191883,2886.290283203125,193424600
2025-05-28,2886.2901685904844,3067.2786610103494,2886.2901685904844,2962.495849609375,285387300
2025-06-02,3019.650231051158,3172.0615991799227,3010.12452054311,3162.535888671875,324002700
2025-06-03,3191.1129615420386,3229.2158028738836,3105.381568545387,3200.638671875,278458600
2025-06-04,3238.741541043134,3486.410011828785,3229.215830628301,3381.627197265625,422549000
2025-06-05,3419.7300639719206,3448.307195425725,3267.318696218297,3286.3701171875,193549500
2025-06-10,3191.112985435439,3257.7929582654333,3076.8044605840205,3105.381591796875,437510400
2025-06-11,3105.3816840939407,3210.1645016553925,3057.753130656917,3124.43310546875,237081700
2025-06-12,3162.5358001035097,3172.0615103447853,2981.5473055192724,3019.650146484375,249105300
2025-06-13,3114.9072443181817,3181.587215909091,3086.3301136363634,3143.484375,224736200
2025-06-16,3172.0616589057736,3210.1645016553925,3076.8045520317264,3124.43310546875,177098300
2025-06-17,3124.432895803314,3324.4728068151117,3086.3300556105905,3305.42138671875,289461100
2025-06-18,3333.9986451914615,3419.730038924956,3305.421513946963,3381.627197265625,242733200
2025-06-19,3391.152859891141,3410.204280452327,3143.4843925957207,3172.0615234375,230240300
2025-06-20,3172.061528778076,3181.587239074707,3010.1244537353514,3048.227294921875,223744600
2025-06-23,3070.0,3290.0,3060.0,3190.0,210462500
2025-06-24,3190.0,3240.0,3070.0,3090.0,144315500
2025-06-25,3100.0,3140.0,2900.0,2930.0,220301500
2025-06-26,2930.0,2970.0,2830.0,2940.0,230140900
2025-06-30,2910.0,3070.0,2830.0,3040.0,264452100
2025-07-01,3070.0,3100.0,3010.0,3070.0,166923600
2025-07-02,3060.0,3070.0,2960.0,2990.0,98971800
2025-07-03,2990.0,3160.0,2990.0,3120.0,151677300
2025-07-04,3120.0,3120.0,3000.0,3000.0,159485200
2025-07-07,2980.0,2980.0,2870.0,2910.0,100132700
2025-07-08,2950.0,2990.0,2900.0,2930.0,114484400
2025-07-09,2940.0,2960.0,2880.0,2920.0,97849400
2025-07-10,2960.0,3070.0,2940.0,2990.0,188109100
2025-07-11,3000.0,3020.0,2960.0,2990.0,97432200
2025-07-14,3030.0,3060.0,2960.0,3030.0,170174900
2025-07-15,3030.0,3030.0,2960.0,3000.0,77789300
2025-07-16,2990.0,3010.0,2940.0,2990.0,126818600
2025-07-17,3010.0,3070.0,2990.0,3010.0,149618400
2025-07-18,3020.0,3030.0,2940.0,2970.0,116561200
2025-07-21,2990.0,3210.0,2950.0,3190.0,222853800
2025-07-22,3250.0,3270.0,2950.0,2960.0,426088000
2025-07-23,3010.0,3040.0,2870.0,3040.0,195644700
2025-07-24,3020.0,3070.0,2980.0,3030.0,97755800
2025-07-25,3040.0,3040.0,2950.0,2970.0,61092600
2025-07-28,2970.0,3030.0,2950.0,2970.0,85126700
2025-07-29,2970.0,3020.0,2970.0,3000.0,53886500
2025-07-30,3010.0,3050.0,2970.0,2990.0,58846000
2025-07-31,2950.0,2970.0,2770.0,2850.0,235205600
2025-08-01,2860.0,2920.0,2830.0,2880.0,102024200
2025-08-04,2920.0,2970.0,2890.0,2910.0,75538900
2025-08-05,2930.0,3050.0,2910.0,2940.0,151094800
2025-08-06,2970.0,3100.0,2970.0,3080.0,192180500
2025-08-07,3100.0,3250.0,3070.0,3150.0,222004300
2025-08-08,3160.0,3170.0,3020.0,3090.0,102084600
2025-08-11,3060.0,3070.0,2930.0,2940.0,141894900
2025-08-12,2940.0,2950.0,2870.0,2900.0,111654300
2025-08-13,2930.0,2960.0,2880.0,2910.0,112931000
2025-08-14,2920.0,2940.0,2890.0,2890.0,109598600
2025-08-15,2900.0,2920.0,2860.0,2900.0,59231900
2025-08-19,2900.0,2910.0,2810.0,2810.0,111569000
2025-08-20,2810.0,2840.0,2790.0,2840.0,67288600
2025-08-21,2860.0,2880.0,2810.0,2830.0,66397100
2025-08-22,2840.0,2870.0,2820.0,2820.0,29415000
2025-08-25,2850.0,2900.0,2840.0,2870.0,72067200
2025-08-26,2890.0,2920.0,2880.0,2880.0,84364800
2025-08-27,2920.0,2990.0,2890.0,2960.0,135734500
2025-08-28,3000.0,3020.0,2920.0,2980.0,121877400
2025-08-29,2960.0,3050.0,2880.0,3040.0,222596200
2025-09-01,2950.0,3280.0,2950.0,3200.0,545677100
2025-09-02,3300.0,3480.0,3290.0,3470.0,441940600
2025-09-03,3520.0,3580.0,3360.0,3480.0,393011500
2025-09-04,3470.0,3470.0,3370.0,3390.0,142473100
2025-09-08,3470.0,3710.0,3450.0,3610.0,400454400
2025-09-09,3680.0,3930.0,3590.0,3660.0,514308300
2025-09-10,3580.0,3600.0,3470.0,3510.0,192134400
2025-09-11,3520.0,3570.0,3380.0,3390.0,174842200
2025-09-12,3430.0,3520.0,3420.0,3490.0,126314000
2025-09-15,3490.0,3530.0,3430.0,3490.0,104996600
2025-09-16,3550.0,3600.0,3500.0,3600.0,150013900
2025-09-17,3570.0,3580.0,3450.0,3460.0,138761900
2025-09-18,3490.0,3490.0,3400.0,3420.0,117203300
2025-09-19,3420.0,3580.0,3420.0,3450.0,164297600
2025-09-22,3520.0,3580.0,3500.0,3580.0,128254500
2025-09-23,3650.0,3730.0,3600.0,3670.0,212809600
2025-09-24,3610.0,3620.0,3460.0,3470.0,173507600
2025-09-25,3350.0,3400.0,3150.0,3170.0,400098200
2025-09-26,3180.0,3220.0,3110.0,3210.0,164732500
2025-09-29,3250.0,3330.0,3220.0,3300.0,148733800
2025-09-30,3340.0,3350.0,3150.0,3160.0,209921800
2025-10-01,3200.0,3230.0,3160.0,3210.0,125660700
2025-10-02,3190.0,3200.0,3100.0,3110.0,133099000
2025-10-03,3120.0,3220.0,3110.0,3200.0,98382600
2025-10-06,3260.0,3300.0,3180.0,3190.0,111584900
2025-10-07,3220.0,3250.0,3130.0,3140.0,114789800
2025-10-08,3170.0,3380.0,3150.0,3330.0,303472900
2025-10-09,3340.0,3350.0,3190.0,3220.0,173139700
2025-10-10,3200.0,3340.0,3190.0,3310.0,127536400
2025-10-13,3310.0,3430.0,3290.0,3370.0,199311000
2025-10-14,3440.0,3500.0,3230.0,3350.0,322581200
2025-10-15,3410.0,3460.0,3310.0,3400.0,198843300
2025-10-16,3450.0,3540.0,3400.0,3430.0,256647500
2025-10-17,3470.0,3530.0,3370.0,3450.0,216427700
2025-10-20,3450.0,3450.0,3270.0,3270.0,160783200
2025-10-21,3340.0,3350.0,3270.0,3290.0,96567900
2025-10-22,3150.0,3230.0,3120.0,3170.0,114865300
2025-10-23,3180.0,3210.0,3170.0,3190.0,66747300
2025-10-24,3190.0,3210.0,3120.0,3130.0,84454900
2025-10-27,3150.0,3210.0,3100.0,3150.0,84512600
2025-10-28,3120.0,3130.0,3020.0,3100.0,101193900
2025-10-29,3110.0,3220.0,3110.0,3200.0,91690700
2025-10-30,3200.0,3210.0,3120.0,3120.0,93691300
2025-10-31,3160.0,3180.0,3100.0,3100.0,92327900
2025-11-03,3100.0,3130.0,3080.0,3110.0,56974500
2025-11-04,3110.0,3110.0,2960.0,2960.0,173682100
2025-11-05,2950.0,3000.0,2910.0,2980.0,115174300
2025-11-06,2980.0,2980.0,2920.0,2930.0,73006600
2025-11-07,2930.0,2940.0,2900.0,2900.0,91022900
2025-11-10,2930.0,2960.0,2870.0,2910.0,156986000
2025-11-11,2940.0,2960.0,2880.0,2880.0,102211800
2025-11-12,2900.0,2910.0,2860.0,2880.0,70551600
2025-11-13,2910.0,2920.0,2880.0,2890.0,69463700
2025-11-14,2900.0,3060.0,2860.0,3040.0,247808900
2025-11-17,3040.0,3130.0,2960.0,3060.0,258066200
2025-11-18,3060.0,3100.0,3010.0,3010.0,160550100
2025-11-19,3010.0,3050.0,3000.0,3000.0,72939900
2025-11-20,3010.0,3030.0,2980.0,2980.0,60338300
2025-11-21,2980.0,2990.0,2910.0,2910.0,70438500
2025-11-24,2940.0,2970.0,2890.0,2930.0,77562700
2025-11-25,2960.0,3050.0,2930.0,3000.0,96478900
2025-11-26,3020.0,3070.0,2980.0,3030.0,115088600
2025-11-27,3040.0,3060.0,3000.0,3000.0,59437500
2025-11-28,3010.0,3030.0,2900.0,2910.0,131327000
2025-12-01,2940.0,3020.0,2940.0,2990.0,66998800
2025-12-02,2990.0,3000.0,2950.0,2980.0,62836100
2025-12-03,2990.0,3000.0,2920.0,2920.0,64422400
2025-12-04,2930.0,2950.0,2900.0,2900.0,51907700
2025-12-05,2910.0,2940.0,2900.0,2910.0,45650000
2025-12-08,2920.0,2990.0,2920.0,2970.0,59521000
2025-12-09,2980.0,2990.0,2910.0,2920.0,48402900
2025-12-10,2950.0,2950.0,2910.0,2930.0,50602100
2025-12-11,2950.0,2980.0,2870.0,2890.0,95234500
2025-12-12,2910.0,3130.0,2900.0,3050.0,304157500
2025-12-15,3110.0,3130.0,2980.0,3030.0,211858600
2025-12-16,3030.0,3040.0,2960.0,2970.0,91357800
2025-12-17,2990.0,3090.0,2990.0,3020.0,107358300
2025-12-18,3040.0,3110.0,3020.0,3110.0,143068000
2025-12-19,3120.0,3230.0,3050.0,3070.0,272901900
2025-12-22,3110.0,3220.0,3110.0,3190.0,263625800
2025-12-23,3250.0,3260.0,3170.0,3190.0,178083800
2025-12-24,3240.0,3290.0,3180.0,3220.0,219895200
2025-12-29,3240.0,3420.0,3240.0,3300.0,283900400
2025-12-30,3270.0,3270.0,3130.0,3150.0,209417500
2026-01-02,3170.0,3230.0,3160.0,3210.0,80535600
2026-01-05,3280.0,3400.0,3260.0,3390.0,203158600
2026-01-06,3410.0,3460.0,3350.0,3450.0,194028600
2026-01-07,3490.0,3930.0,3480.0,3850.0,607319400
2026-01-08,3810.0,3820.0,3470.0,3490.0,354486100
2026-01-09,3500.0,3690.0,3460.0,3630.0,268748100
2026-01-12,3840.0,3980.0,3670.0,3830.0,465569800
2026-01-13,3830.0,3930.0,3820.0,3880.0,211536700
2026-01-14,3960.0,4180.0,3950.0,4090.0,271845900
2026-01-15,4170.0,4180.0,4010.0,4050.0,174954300
2026-01-19,4100.0,4140.0,3920.0,4000.0,187759300
2026-01-20,4000.0,4120.0,3950.0,4120.0,159637300
2026-01-21,4160.0,4350.0,4130.0,4270.0,325128500
2026-01-22,4270.0,4270.0,4090.0,4220.0,184847000
2026-01-23,4320.0,4400.0,4250.0,4290.0,203511600
2026-01-26,4400.0,4970.0,4400.0,4760.0,491662800
2026-01-27,4760.0,4760.0,4550.0,4610.0,225492900
2026-01-28,4600.0,4710.0,4250.0,4420.0,589421400
2026-01-29,4510.0,4570.0,3760.0,4320.0,818266300
2026-01-30,4300.0,4350.0,4030.0,4210.0,259289200
2026-02-02,3800.0,3920.0,3610.0,3810.0,388915700
2026-02-03,4000.0,4050.0,3810.0,3920.0,109153200
