Date,Open,High,Low,Close,Volume
2021-02-04,4361.848028367565,4361.848028367565,4291.778180522304,4344.33056640625,29508100
2021-02-05,4379.365514536373,4379.365514536373,4239.225818071209,4274.2607421875,34366600
2021-02-08,4344.3305904200815,4344.3305904200815,4256.743280129354,4274.2607421875,28817400
2021-02-09,4274.260939176502,4344.330790638412,4081.56884765625,4081.56884765625,113795000
2021-02-10,4099.087137513241,4186.6744695113875,4081.569671113612,4134.1220703125,43492200
2021-02-11,4116.604379507212,4169.156775841346,4081.5694486177886,4099.0869140625,37890700
2021-02-15,4274.261530002626,4379.366321724002,4169.15673828125,4169.15673828125,178642200
2021-02-16,4186.674089777822,4204.191554588608,4134.121695345464,4151.63916015625,35796600
2021-02-17,4134.121615705819,4151.639080179149,4029.0168288658406,4064.0517578125,56517500
2021-02-18,4029.016976835426,4116.604302418805,4011.49951171875,4011.49951171875,56765900
2021-02-19,4011.4994937516913,4099.0868189427765,4011.4994937516913,4046.534423828125,42627800
2021-02-22,4081.5695061934625,4099.08697188528,3993.9821777343755,3993.982177734375,55230300
2021-02-23,3993.982046602074,4081.569372185453,3993.982046602074,4011.49951171875,60745000
2021-02-24,4046.5339778645834,4099.0863671875,3923.911736111111,3941.42919921875,73050200
2021-02-25,3993.981602963845,3993.981602963845,3836.3244344257987,3906.394287109375,123672200
2021-02-26,3818.806898328993,3871.359286838108,3748.737046983507,3783.77197265625,146271500
2021-03-01,3853.842250279018,3923.912109375,3818.8073207310267,3923.912109375,118418900
2021-03-02,3958.946676622057,3976.464139792951,3888.876823938481,3906.394287109375,87061500
2021-03-03,3941.4299112059475,3993.982310022027,3871.3600461178416,3976.46484375,49030200
2021-03-04,3976.464139792951,3993.981602963845,3871.3593607675866,3906.394287109375,70766800
2021-03-05,3871.3595048384236,3906.39443248402,3836.324577192827,3853.842041015625,48034400
2021-03-08,3888.876953125,3941.429344383446,3836.324561866554,3888.876953125,55652900
2021-03-09,3888.876838235294,3958.9466911764707,3783.7720588235293,3871.359375,66908800
2021-03-10,3853.8421884000577,3871.3596528927856,3783.7723304291476,3801.289794921875,66154200
2021-03-12,3888.8766053082195,3906.3940674942924,3818.806756563927,3836.32421875,87065000
2021-03-15,3871.359375,3941.4292279411766,3853.841911764706,3871.359375,48489500
2021-03-16,3923.9118806306305,4011.4991993947074,3888.876953125,3888.876953125,64804400
2021-03-17,3941.429213451163,3958.946676622057,3888.876823938481,3906.394287109375,61881600
2021-03-18,3976.464581485399,4064.0519070687774,3941.4296512520473,4011.49951171875,90338700
2021-03-19,4011.4994937516913,4046.534423828125,3941.4296335988233,4046.534423828125,80429800
2021-03-22,4029.016529305633,4046.533992476527,3888.876823938481,3906.394287109375,57320300
2021-03-23,3888.876823938481,3976.464139792951,3888.876823938481,3906.394287109375,46973100
2021-03-24,3906.394198636396,3923.9116614105506,3818.806884765625,3818.806884765625,40065300
2021-03-25,3818.806884765625,3871.359273088088,3783.7719592173166,3818.806884765625,49497900
2021-03-26,3871.3597150530136,3923.912109375,3836.3247855050226,3923.912109375,24880300
2021-03-29,3923.9117647058824,3958.9466911764707,3871.359375,3871.359375,25164100
2021-03-30,3836.3243611653647,3888.876749674479,3783.77197265625,3783.77197265625,55842300
2021-03-31,3818.806555002222,3818.806555002222,3661.149403648919,3696.184326171875,89835200
2021-04-01,3748.7370605468745,3783.771986346378,3731.219597647123,3748.737060546875,33323600
2021-04-05,3801.28944924613,3818.8069121458816,3748.7370605468745,3748.737060546875,29142200
2021-04-06,3766.2545234466265,3783.771986346378,3713.7021347473715,3748.737060546875,26040800
2021-04-07,3713.7020200630873,3748.736944780663,3696.184557704299,3731.219482421875,33361900
2021-04-08,3766.254289735038,3766.254289735038,3713.701904296875,3713.701904296875,43680100
2021-04-09,3713.7017874333533,3783.7716324792655,3696.1843261718755,3696.184326171875,59348800
2021-04-12,3678.666908001078,3696.1843694677495,3538.5272162677034,3556.044677734375,68211200
2021-04-13,3521.0097548010317,3626.1145236010625,3521.0097548010317,3556.044677734375,53505400
2021-04-14,3608.5969052269343,3696.1842087518603,3573.561983816964,3678.666748046875,39277800
2021-04-15,3678.666748046875,3696.1842087518603,3626.1143659319196,3678.666748046875,34533700
2021-04-16,3713.701669456845,3731.2191301618304,3643.631826636905,3678.666748046875,38151200
2021-04-19,3661.1502779447114,3678.6677433894233,3643.6328125,3643.6328125,30832600
2021-04-20,3608.5971334205483,3713.701904296875,3608.5971334205483,3713.701904296875,46601200
2021-04-21,3661.1494140625,3696.1843366851076,3643.6319527511964,3661.1494140625,47261000
2021-04-22,3661.149719798237,3853.841810313934,3661.149719798237,3818.806884765625,86785100
2021-04-23,3853.841883680556,3958.946662326389,3836.3244205729166,3941.42919921875,95175600
2021-04-26,3941.42919921875,3976.4641254340277,3923.911736111111,3941.42919921875,65428000
2021-04-27,3941.4292279411766,3958.9466911764707,3836.3244485294117,3871.359375,41552600
2021-04-28,3783.771986346378,3906.3942266446406,3731.219597647123,3748.737060546875,72011700
2021-04-29,3748.7374014436928,3836.3247239073303,3748.7374014436928,3801.289794921875,43203100
2021-04-30,3818.8071133700287,3888.876968661222,3766.2547219016337,3853.842041015625,56668600
2021-05-03,3880.184509558612,3915.782532582085,3844.586486535138,3862.385498046875,29451000
2021-05-04,3915.782470703125,3969.1795043945312,3862.3854370117188,3915.782470703125,39860400
2021-05-05,3933.581298828125,3986.978330033937,3897.983278024251,3933.581298828125,27270000
2021-05-06,3986.978578629032,3986.978578629032,3844.586486535138,3862.385498046875,34361400
2021-05-07,3880.1847605817193,3897.983773244938,3755.591671939187,3791.189697265625,30771700
2021-05-10,3808.9888285792154,3862.3858682321948,3808.9888285792154,3826.787841796875,25429700
2021-05-11,3844.5862365430626,3862.3852468974283,3684.395143353768,3719.9931640625,49162600
2021-05-17,3773.390318349939,3791.1893292855525,3648.797241800649,3684.395263671875,47623100
2021-05-18,3666.596435546875,3702.194459192961,3630.9984119007886,3666.596435546875,45784300
2021-05-19,3630.9981677366955,3648.797178362856,3577.6011358582145,3595.400146484375,47008800
2021-05-20,3595.4002089938103,3702.194274607488,3577.601198058197,3684.395263671875,49746900
2021-05-21,3684.3951996151764,3719.993220867497,3595.400146484375,3595.400146484375,43416900
2021-05-24,3630.99853515625,3666.596560010723,3577.60149787454,3630.99853515625,33540000
2021-05-25,3630.9979843365145,3666.5960037907944,3595.399964882235,3613.198974609375,45393500
2021-05-27,3630.9984119007886,3719.993471016004,3613.1994000777454,3666.596435546875,99709500
2021-05-28,3684.3954473699177,3719.993471016004,3648.797423723832,3666.596435546875,24346700
2021-05-31,3684.3949637276783,3773.390011160714,3666.5959542410715,3737.7919921875,41498000
2021-06-02,3808.988709928844,3808.988709928844,3755.591671939187,3791.189697265625,43217400
2021-06-03,3808.988525390625,3808.988525390625,3755.5914899879526,3808.988525390625,49012700
2021-06-04,3791.189205479964,3808.9882158343303,3702.1941537081343,3719.9931640625,35211100
2021-06-07,3719.9929827008928,3773.390011160714,3702.1939732142855,3737.7919921875,31693200
2021-06-08,3773.3900742372634,3791.1890840214014,3702.194035100711,3755.591064453125,35402300
2021-06-09,3755.591671939187,3808.988709928844,3719.993646612749,3791.189697265625,24331300
2021-06-10,3844.586181640625,3862.385191740813,3791.1891513400606,3844.586181640625,42924200
2021-06-11,3844.5861133738154,3862.3851231579533,3737.792054668987,3755.591064453125,44421700
2021-06-14,3808.9883402211653,3808.9883402211653,3666.5962527362617,3684.395263671875,40699500
2021-06-15,3684.3954473699177,3702.194459192961,3648.797423723832,3666.596435546875,35915800
2021-06-16,3702.194459192961,3702.194459192961,3648.797423723832,3666.596435546875,29144900
2021-06-17,3648.7975475834864,3666.596560010723,3613.199522729013,3630.99853515625,38074600
2021-06-18,3613.1987841796877,3648.796801757813,3488.6057226562502,3559.8017578125,112157600
2021-06-21,3502.845703125,3538.443728563262,3388.932021722561,3502.845703125,48183300
2021-06-22,3502.845703125,3577.6015565453504,3488.6064929496947,3502.845703125,47156200
2021-06-23,3545.5631110943837,3577.6013319777667,3502.845483249873,3509.965087890625,46351900
2021-06-24,3509.964624814176,3545.5626433214193,3495.725417411279,3517.084228515625,24665200
2021-06-25,3517.084913300305,3545.5633336509145,3495.726098037347,3502.845703125,33125300
2021-06-28,3502.845690684713,3509.9652957470807,3353.333984375,3353.333984375,53083400
2021-06-29,3367.5730202414775,3502.845509426653,3353.333810853564,3445.888671875,70425700
2021-06-30,3438.76858779969,3559.801850724317,3431.6489840982413,3517.084228515625,34641700
2021-07-01,3552.682217331312,3630.9978573927237,3524.203802763526,3577.600830078125,42856900
2021-07-02,3577.6007666015626,3613.1987841796877,3545.56255078125,3559.8017578125,22436900
2021-07-05,3595.39986923156,3613.1988784851815,3502.845021112728,3517.084228515625,27554100
2021-07-06,3538.4431849888397,3538.4431849888397,3481.486353037309,3488.60595703125,31280100
2021-07-07,3488.60595703125,3552.682392976722,3460.127541055485,3488.60595703125,35907800
2021-07-08,3509.9652119620905,3531.3240266393445,3453.008372822746,3474.3671875,40566600
2021-07-09,3474.367016452393,3502.8454346200356,3467.2474119104822,3495.725830078125,21088500
2021-07-12,3495.726098037347,3524.2045183879573,3474.36728277439,3502.845703125,26816600
2021-07-13,3524.203977000957,3531.3235809948983,3453.0079370615435,3488.60595703125,28998600
2021-07-14,3502.84523239297,3502.84523239297,3367.5727539062495,3367.57275390625,43408700
2021-07-15,3367.572708732621,3445.8883531217516,3303.496272414241,3424.529541015625,50750700
2021-07-16,3445.888767930328,3495.7260021772545,3431.649558145492,3474.3671875,32544000
2021-07-19,3453.0081291677566,3467.2473379478297,3403.1708984375,3403.1708984375,25106100
2021-07-21,3403.171115005775,3509.9651876524,3403.171115005775,3467.24755859375,41716000
2021-07-22,3509.9652079999687,3577.6014544015907,3488.606393346825,3545.563232421875,36287300
2021-07-23,3559.802369397096,3559.802369397096,3495.725926747948,3524.204345703125,26847700
2021-07-26,3524.2036409198113,3538.4428475497903,3396.05078125,3396.05078125,43373400
2021-07-27,3396.051489565553,3438.7691183651195,3367.5730703658414,3388.931884765625,42635500
2021-07-28,3403.171219811571,3410.290824873938,3353.333984375,3353.333984375,24083000
2021-07-29,3360.4529485887097,3374.6921559979837,3310.61572265625,3310.61572265625,50238500
2021-07-30,3353.33352092161,3445.888373940678,3324.855104608051,3360.453125,65379500
2021-08-02,3367.5727331391013,3431.649169921875,3367.5727331391013,3431.649169921875,39192600
2021-08-03,3445.8881915011384,3538.443039619971,3438.76858779969,3517.084228515625,46414100
2021-08-04,3538.4431849888397,3538.4431849888397,3467.2471450494263,3488.60595703125,25646900
2021-08-05,3488.6064213477757,3509.9652361723543,3460.1280015816715,3481.48681640625,31304900
2021-08-06,3517.084228515625,3545.5626433214193,3474.366606306933,3517.084228515625,45454600
2021-08-09,3517.0847680362654,3524.204372829861,3438.7691153067126,3460.1279296875,31858700
2021-08-10,3488.6062255362144,3509.965039161946,3445.8885982847505,3495.725830078125,41920300
2021-08-12,3517.084228515625,3531.323435918522,3474.366606306933,3517.084228515625,22191700
2021-08-13,3531.3234064054723,3613.1988482878573,3531.3234064054723,3577.600830078125,62673300
2021-08-16,3595.399964882235,3613.198974609375,3552.6823415370995,3613.198974609375,46949700
2021-08-18,3630.99811229067,3773.3901951255984,3613.199101936304,3719.9931640625,102560600
2021-08-19,3719.993471016004,3755.59149466209,3613.1994000777454,3666.596435546875,53594900
2021-08-20,3666.596560010723,3666.596560010723,3559.8024854473038,3630.99853515625,32878200
2021-08-23,3630.99853515625,3666.596560010723,3595.4005103017766,3630.99853515625,30921500
2021-08-24,3684.395013517934,3684.395013517934,3595.399964882235,3613.198974609375,32783500
2021-08-25,3666.596435546875,3702.194459192961,3613.1994000777454,3666.596435546875,26870400
2021-08-26,3702.194584865196,3702.194584865196,3595.4005103017766,3630.99853515625,28757400
2021-08-27,3630.9981677366955,3630.9981677366955,3595.400146484375,3595.400146484375,26966100
2021-08-30,3630.997995964159,3755.591064453125,3630.997995964159,3755.591064453125,51914600
2021-08-31,3755.5911847712323,3773.3901951255984,3702.1941537081343,3719.9931640625,45649200
2021-09-01,3719.9932855431007,3755.5913074143264,3630.998230865036,3684.395263671875,26732500
2021-09-02,3702.1939732142855,3737.7919921875,3684.3949637276783,3737.7919921875,17335000
2021-09-03,3737.792478187062,3808.988525390625,3702.1944545852803,3808.988525390625,28004500
2021-09-06,3826.7874750234014,3880.184509558612,3791.1894519999278,3862.385498046875,28315200
2021-09-07,3862.3855607932974,3880.184572594188,3773.3905017888433,3808.988525390625,23685800
2021-09-08,3826.787039620536,3826.787039620536,3737.7919921875,3737.7919921875,44076000
2021-09-09,3737.7922408077693,3880.184326171875,3737.7922408077693,3880.184326171875,49118000
2021-09-10,3880.184509558612,3897.9835210703486,3826.7874750234014,3862.385498046875,31997100
2021-09-13,3862.3853155013617,3915.782347512901,3808.988283489822,3880.184326171875,29796400
2021-09-14,3915.782288426188,3951.3803092300623,3880.1842676223137,3933.581298828125,34356900
2021-09-15,3933.581232141565,3951.3802422417534,3826.7871715404367,3844.586181640625,61522300
2021-09-16,3862.3858682321948,3897.9838946675145,3808.9888285792154,3826.787841796875,27187700
2021-09-17,3826.7874750234014,3862.385498046875,3755.5914289764546,3862.385498046875,44004000
2021-09-20,3862.3854370117188,3862.3854370117188,3719.9933471679688,3773.390380859375,46896100
2021-09-21,3755.5911847712323,3755.5911847712323,3666.596132999402,3719.9931640625,23656300
2021-09-22,3719.993044884849,3808.9880938055394,3702.194035100711,3755.591064453125,21750800
2021-09-23,3755.59149466209,3791.1895183081765,3666.596435546875,3666.596435546875,27178400
2021-09-24,3666.596435546875,3719.993471016004,3648.797423723832,3666.596435546875,29394300
2021-09-27,3666.5962527362617,3719.9932855431007,3648.797241800649,3684.395263671875,25252300
2021-09-28,3684.395013517934,3702.194023245074,3613.198974609375,3613.198974609375,35640900
2021-09-29,3613.199570633436,3808.988709928844,3595.400557970217,3791.189697265625,42995900
2021-09-30,3826.7874145507812,3915.782470703125,3773.390380859375,3915.782470703125,44723000
2021-10-01,3880.184326171875,3915.782347512901,3844.586304830849,3880.184326171875,27484100
2021-10-04,3915.7828922015133,4004.777957933366,3897.983879055143,3969.179931640625,52074900
2021-10-05,3969.17962701471,4022.576662355715,3915.7825916737047,3951.380615234375,27128000
2021-10-06,3986.9782296025105,4342.958428674164,3969.179219648928,4253.96337890625,168237500
2021-10-07,4253.963684082031,4271.7626953125,4058.174560546875,4058.174560546875,97516000
2021-10-08,4090.4679720603813,4287.815111063294,4036.646025059587,4233.9931640625,91094200
2021-10-11,4251.933435217126,4269.874082623106,4144.28955078125,4144.28955078125,38994500
2021-10-12,4162.230302526596,4269.8741896609035,4144.289654670877,4216.05224609375,68823100
2021-10-13,4269.874120704681,4521.043186628486,4251.933473138695,4503.1025390625,143652900
2021-10-14,4521.0426393072285,4628.686511671686,4395.458121548694,4467.220703125,104502800
2021-10-15,4503.1027578125,4521.04340625,4395.4588671875,4485.162109375,82896700
2021-10-18,4503.101993913152,4556.923930095381,4449.2800577309235,4467.220703125,61419000
2021-10-19,4503.1028581754435,4574.8654535248525,4449.280911663386,4556.9248046875,52117000
2021-10-21,4556.924598259655,4556.924598259655,4395.458766037856,4413.3994140625,132905200
2021-10-22,4413.399682913715,4467.221630266321,4395.459033796179,4431.34033203125,26886400
2021-10-25,4449.280604338843,4467.221251936984,4323.6960711518595,4341.63671875,51872000
2021-10-26,4341.636821963923,4431.340062087144,4341.636821963923,4413.3994140625,25950500
2021-10-27,4377.518953450521,4395.459604899088,4305.75634765625,4305.75634765625,40588700
2021-10-28,4305.75634765625,4431.340907796223,4269.875044759115,4305.75634765625,50046900
2021-10-29,4467.220972591416,4485.161619067687,4323.69580078125,4323.69580078125,82397400
2021-11-01,4341.636447257521,4413.399033162604,4323.69580078125,4323.69580078125,37254100
2021-11-02,4323.696409063824,4377.518356064618,4233.9931640625,4233.9931640625,25293400
2021-11-03,4233.992996535042,4323.696237987056,4180.171051663833,4287.81494140625,90495000
2021-11-04,4359.577534567861,4359.577534567861,4269.874293115847,4287.81494140625,41774200
2021-11-05,4233.992945675105,4287.814889899789,4198.111649525316,4251.93359375,80775400
2021-11-08,4251.93359375,4305.755537974684,4233.992945675105,4251.93359375,23177300
2021-11-09,4233.993113982372,4269.874411558494,4198.11181640625,4198.11181640625,41112200
2021-11-10,4251.933840855896,4485.162279383857,4216.052542620825,4431.34033203125,104312600
2021-11-11,4449.280981148786,4485.162279383857,4413.399682913715,4431.34033203125,51111700
2021-11-12,4449.280710111789,4467.221358136433,4359.577469988567,4413.3994140625,26920800
2021-11-15,4413.400123565051,4431.340774473852,4341.637519929847,4395.45947265625,22148900
2021-11-16,4395.459033796179,4485.162279383857,4377.518384678644,4431.34033203125,42681000
2021-11-17,4467.2214609375005,4485.162109375,4431.3401640625,4485.162109375,49120900
2021-11-18,4485.161565965222,4485.161565965222,4431.339627173639,4449.2802734375,29629900
2021-11-19,4467.220703125,4485.1613485190765,4449.2800577309235,4467.220703125,37505200
2021-11-22,4485.161565965222,4574.8647972845265,4395.458334645918,4449.2802734375,62612600
2021-11-23,4485.162109375,4521.04340625,4431.3401640625,4485.162109375,31557400
2021-11-24,4503.101993913152,4503.101993913152,4449.2800577309235,4467.220703125,25645300
2021-11-25,4485.1613485190765,4521.0426393072285,4431.339412336847,4467.220703125,32763500
2021-11-26,4449.280952065677,4467.221601065943,4216.052515062235,4233.9931640625,93634100
2021-11-29,4233.992996535042,4305.755589696652,4126.349106792625,4287.81494140625,87367400
2021-11-30,4269.874082623106,4287.814730029086,4126.34890337527,4144.28955078125,97592700
2021-12-01,4180.170709390556,4198.111356211974,4036.6455348192067,4054.586181640625,102412800
2021-12-02,4054.5866261017627,4216.052465194311,4018.705328525641,4198.11181640625,48422300
2021-12-03,4233.992510190217,4251.933156419836,4108.40798658288,4126.3486328125,31882900
2021-12-06,4126.3487689263,4162.230062569138,4054.5861816406255,4054.586181640625,53112400
2021-12-07,4090.467761075949,4251.93359375,4090.467761075949,4251.93359375,39679500
2021-12-08,4251.933711610991,4269.874360183189,4144.289820177802,4162.23046875,44189500
2021-12-09,4233.993741861979,4305.75634765625,4162.231136067708,4305.75634765625,35386900
2021-12-10,4269.874241824894,4269.874241824894,4162.230353375528,4251.93359375,55629400
2021-12-13,4251.933813062765,4287.815111063294,4216.052515062235,4233.9931640625,30655800
2021-12-14,4251.933541805186,4251.933541805186,4198.111598238032,4216.05224609375,17233700
2021-12-15,4233.993741861979,4341.637650553385,4216.053090413411,4305.75634765625,51113700
2021-12-16,4323.696305899784,4341.636954471983,4162.23046875,4162.23046875,56929600
2021-12-17,4162.23046875,4180.171117322198,4108.408523033405,4162.23046875,55854900
2021-12-20,4126.349538391382,4144.290188558301,4072.527587890625,4072.527587890625,26290000
2021-12-21,4072.526828462044,4126.3487689263,4054.5861816406255,4054.586181640625,29127800
2021-12-22,4090.4679427083333,4144.289889322917,4036.64599609375,4036.64599609375,33727100
2021-12-23,4054.5867434838974,4126.349340713701,4036.6460941764467,4108.40869140625,21744100
2021-12-24,4108.408888224463,4126.349538391382,4054.586937723706,4072.527587890625,16203800
2021-12-27,4108.408888224463,4126.349538391382,4054.586937723706,4072.527587890625,20426700
2021-12-28,4072.527392791348,4126.349340713701,4054.5867434838974,4108.40869140625,21833300
2021-12-29,4126.3486328125,4144.289279042119,4072.526694123641,4126.3486328125,14260000
2021-12-30,4144.289965177837,4144.289965177837,4090.468017578125,4090.468017578125,17144000
2022-01-03,4072.527392791348,4126.349340713701,4036.6460941764467,4108.40869140625,27052300
2022-01-04,4126.34890337527,4216.052140405168,4108.4082559692915,4144.28955078125,29770700
2022-01-05,4108.408791033142,4144.290090518148,3982.8242428356225,4000.764892578125,50423900
2022-01-06,4018.705637389868,4072.527587890625,4000.764987222949,4072.527587890625,32155800
2022-01-07,4108.408666778029,4126.349315977933,4054.586719178317,4090.468017578125,25014800
2022-01-10,4072.526828462044,4108.408122104881,4054.5861816406255,4054.586181640625,15379400
2022-01-11,4090.468017578125,4090.468017578125,4054.586719178317,4090.468017578125,21800300
2022-01-12,4108.40869140625,4108.40869140625,4054.5867434838974,4108.40869140625,21283700
2022-01-13,4108.4082559692915,4144.28955078125,4072.526961157332,4144.28955078125,18618100
2022-01-14,4144.289990021151,4162.230639328603,4090.4680420987993,4108.40869140625,17719100
2022-01-17,4144.290188558301,4144.290188558301,4054.586937723706,4072.527587890625,15859100
2022-01-18,4072.526828462044,4108.408122104881,4000.764241176369,4054.586181640625,28165300
2022-01-19,4054.5866197858536,4072.527268545968,4000.7646735055105,4018.705322265625,38051800
2022-01-20,4018.704998585973,4036.645645901089,3946.9424093255093,3964.883056640625,46564600
2022-01-21,3964.883375985282,4036.6459710257395,3946.9427272251673,4018.705322265625,40709600
2022-01-24,4018.704998585973,4036.645645901089,3964.883056640625,3964.883056640625,27127800
2022-01-25,3946.9428218176604,3946.9428218176604,3857.2395758672587,3911.0615234375,56709200
2022-01-26,3946.9428218176604,3946.9428218176604,3893.1208742474196,3911.0615234375,27985700
2022-01-27,3893.120414838399,3964.883003130351,3875.1797677654113,3929.001708984375,34574800
2022-01-28,3929.001708984375,3964.883003130351,3911.0610619113872,3929.001708984375,27378500
2022-01-31,3929.001708984375,3982.823650203339,3911.0610619113872,3929.001708984375,32006300
2022-02-02,3946.9423828124995,3964.883030007102,3893.120441228693,3946.9423828125,33450400
2022-02-03,3946.9423828124995,3982.8236772017044,3911.061088423295,3946.9423828125,38565600
2022-02-04,3964.883030007102,3964.883030007102,3929.0017356178973,3946.9423828125,16052500
2022-02-07,3946.942356057363,3964.883003130351,3911.0610619113872,3929.001708984375,46685400
2022-02-08,3964.883569115991,4090.468116554054,3946.9429194819822,3982.82421875,95691000
2022-02-09,3982.82421875,4054.586817286036,3929.002269847973,3982.82421875,80244900
2022-02-10,4000.764769387901,4036.6460677680616,3911.0615234374995,3911.0615234375,93265400
2022-02-11,3911.0615234374995,3929.00217262758,3875.180225057339,3911.0615234375,36376700
2022-02-14,3875.1800744398583,3893.1207229326355,3767.5361834831956,3803.41748046875,74307400
2022-02-15,3803.4172052556814,3964.883030007102,3803.4172052556814,3946.9423828125,77964800
2022-02-16,3982.823650203339,4018.704944349315,3929.001708984375,3929.001708984375,46730000
2022-02-17,3946.942356057363,3964.883003130351,3893.120414838399,3929.001708984375,47572000
2022-02-18,3911.0614297049387,4036.6459710257395,3893.120780944824,4018.705322265625,53981400
2022-02-21,4036.646192063131,4054.586841805634,3982.8242428356225,4000.764892578125,27509200
2022-02-22,3964.8835930931195,4000.7648925781255,3911.061643865611,4000.764892578125,49233600
2022-02-23,4000.764241176369,4054.5861816406255,3964.882947533532,4054.586181640625,44299100
2022-02-24,4036.646069978413,4144.289965177837,3964.8834731787965,4090.468017578125,76492000
2022-02-25,4090.467874461207,4162.23046875,4054.5865773168102,4162.23046875,97598000
2022-03-01,4162.230614377741,4269.874509577166,4090.468017578125,4090.468017578125,101227600
2022-03-02,4054.586293216205,4090.467587846437,3946.9424093255093,3964.883056640625,80565600
2022-03-04,4000.7646983506947,4072.5272938368057,3964.883400607639,4036.64599609375,50348400
2022-03-07,4018.705280172414,4180.171117322198,3982.823983028017,4162.23046875,59978000
2022-03-08,4305.755625,4700.449890625,4287.8149765625,4485.162109375,256655000
2022-03-09,4664.568646143353,4664.568646143353,4467.221511114211,4521.04345703125,107853200
2022-03-10,4521.04340625,4521.04340625,4413.399515625,4485.162109375,56584100
2022-03-11,4431.339948798556,4521.043186628486,4395.458653666584,4503.1025390625,32940500
2022-03-14,4556.924586397059,4610.746530330883,4521.043290441176,4574.865234375,61811900
2022-03-15,4610.746700226315,4628.687348865327,4503.1028083922365,4521.04345703125,57193600
2022-03-16,4538.983722686768,4592.8056640625,4521.043075561523,4592.8056640625,55776300
2022-03-17,4592.80593385214,4646.6278783894695,4556.92463749392,4610.74658203125,53844700
2022-03-18,4628.686958312988,4628.686958312988,4538.983722686768,4592.8056640625,69493500
2022-03-21,4628.687167080966,4736.3310546875,4628.687167080966,4736.3310546875,72452300
2022-03-22,4736.331273764258,4736.331273764258,4664.5686787072245,4718.390625,39260600
2022-03-23,4718.391019018461,4718.391019018461,4628.687767706323,4646.62841796875,27348900
2022-03-24,4610.746732414448,4718.390625,4610.746732414448,4718.390625,37635100
2022-03-25,4700.449546813965,4718.390193939209,4574.865016937256,4592.8056640625,42984300
2022-03-28,4592.805970149254,4861.915694962687,4592.805970149254,4808.09375,68545500
2022-03-29,4736.331494513359,4808.0940929150765,4700.4501953125,4700.4501953125,24901500
2022-03-30,4700.4498098273025,4772.21240234375,4664.568513569079,4772.21240234375,34320500
2022-03-31,4790.153220057034,4790.153220057034,4718.390625,4718.390625,41346500
2022-04-01,4861.915694962687,4861.915694962687,4754.271805037313,4808.09375,35365600
2022-04-04,4861.916063916552,4897.79736328125,4790.153465187156,4897.79736328125,29374100
2022-04-05,4897.796710470448,4951.61865234375,4826.034121306046,4951.61865234375,28581200
2022-04-06,4897.796813964844,5023.38134765625,4879.856166294643,5023.38134765625,48854700
2022-04-07,4987.499946925951,5023.381241508152,4915.737357761549,4951.61865234375,41492600
2022-04-08,5023.38134765625,5077.203290666853,4951.618756975447,5023.38134765625,55006300
2022-04-11,5005.440540174498,5023.381187271898,4843.974716297901,4915.7373046875,51481700
2022-04-12,4933.678057553957,4987.5,4897.796762589928,4987.5,41879800
2022-04-13,4987.49978298611,5023.381076388889,4933.677842881944,5005.4404296875,52818100
2022-04-14,5005.441310369319,5059.263259943182,4933.6787109375,4933.6787109375,23891600
2022-04-18,4951.618756975447,5059.262642996652,4951.618756975447,5023.38134765625,32962100
2022-04-19,5059.262536090353,5059.262536090353,4879.856063179347,4951.61865234375,29237600
2022-04-20,4951.61865234375,5005.4405942170515,4897.796710470448,4951.61865234375,39881900
2022-04-21,4969.559404645647,5095.143938337053,4951.618756975447,5023.38134765625,51438900
2022-04-22,5005.441234832114,5095.1444827681735,4933.678636483267,5059.26318359375,39795300
2022-04-25,5059.262964471069,5131.025559711793,4933.678422799801,5077.20361328125,52305700
2022-04-26,5095.143663194444,5166.90625,5023.381076388889,5166.90625,39223700
2022-04-27,5148.966258908991,5166.906907894737,5059.263013980263,5113.0849609375,34988500
2022-04-28,5202.788166511964,5525.719845812707,5184.847517661922,5436.0166015625,118152200
2022-05-09,5468.422197057846,5468.422197057846,5192.2392578125,5192.2392578125,81089600
2022-05-10,4897.643823242188,5155.41455078125,4879.231628417969,5155.41455078125,118477400
2022-05-11,5173.826596467391,5321.124150815217,5081.765625,5081.765625,71287600
2022-05-12,5081.766287921989,5173.827271398837,4952.8809110544025,5044.94189453125,45587500
2022-05-13,5081.766303453947,5321.1248612253285,5044.941909950658,5247.47607421875,73260300
2022-05-17,5339.5364990234375,5376.360888671875,5155.41455078125,5155.41455078125,40279200
2022-05-18,5137.002499862456,5302.712257922535,5100.178109182439,5229.0634765625,44859900
2022-05-19,5100.177966308594,5247.475524902344,5044.941381835937,5155.41455078125,27558300
2022-05-20,5192.2394839638155,5302.712664473684,5192.2394839638155,5247.47607421875,37674800
2022-05-23,5247.4751995278775,5284.299586892986,5026.528875337231,5118.58984375,46368600
2022-05-24,5173.826721618226,5302.71208479021,5173.826721618226,5265.8876953125,52177200
2022-05-25,5229.0634765625,5284.300062582526,5192.239085882482,5229.0634765625,51200500
2022-05-27,5302.711829584776,5376.360604995675,5265.887441879326,5321.1240234375,34766600
2022-05-30,5357.9488163389005,5357.9488163389005,5247.4756448679955,5339.53662109375,37147800
2022-05-31,5339.536282286352,5505.246028977997,5339.536282286352,5413.18505859375,90800300
2022-06-02,5376.361241467577,5523.658809726962,5339.536849402731,5394.7734375,72733400
2022-06-03,5413.185229157749,5505.246202442744,5376.36083984375,5376.36083984375,43947400
2022-06-06,5302.711829584776,5339.536217290225,5210.6508603211505,5321.1240234375,53388400
2022-06-07,5376.360195583768,5450.008965386285,5302.71142578125,5302.71142578125,54814500
2022-06-08,5265.88761024608,5413.185165777439,5265.88761024608,5284.2998046875,33478600
2022-06-09,5265.887040879992,5413.184580485026,5265.887040879992,5302.71142578125,37787500
2022-06-10,5229.063592903881,5284.300180152865,5100.17822265625,5100.17822265625,57621000
2022-06-13,5081.765207962634,5229.062750222421,4952.87985848532,5173.826171875,59781700
2022-06-14,5063.353660884297,5155.414636536739,5063.353660884297,5137.00244140625,38001800
2022-06-15,5137.0024067892955,5137.0024067892955,4934.46826171875,4934.46826171875,50804600
2022-06-16,5044.94189453125,5118.5906813127285,4971.293107749772,5044.94189453125,74982600
2022-06-17,4916.055713241906,5118.58984375,4916.055713241906,5118.58984375,63931400
2022-06-20,5118.590418405912,5137.002614155574,4971.292852408619,5100.17822265625,44263700
2022-06-21,5081.766287921989,5137.0028780080975,5044.94189453125,5044.94189453125,31247000
2022-06-22,5044.941578584559,5100.178165211397,4989.70499195772,5008.1171875,35536800
2022-06-23,5044.941807528409,5063.35400390625,4971.293022017046,5063.35400390625,30137200
2022-06-24,5081.765910287921,5081.765910287921,4897.643957016619,4916.05615234375,42386000
2022-06-27,4934.468434269267,4971.292825569784,4823.995260367717,4897.64404296875,48277300
2022-06-28,4897.643871705924,4934.46826171875,4860.819481693097,4934.46826171875,36838200
2022-06-29,4879.231379582332,4934.4679612379805,4787.17041015625,4787.17041015625,46682700
2022-06-30,4805.582668779481,4897.643639445755,4787.1704746462265,4879.2314453125,52839200
2022-07-01,4916.056180405891,4916.056180405891,4787.170812380268,4805.5830078125,52387100
2022-07-04,4787.17041015625,4842.406991811899,4639.8728590745195,4787.17041015625,43087400
2022-07-05,4787.171018095355,4805.583214318799,4658.28564453125,4658.28564453125,39700000
2022-07-06,4639.873336226852,4713.522119341564,4455.751378440072,4474.16357421875,67773900
2022-07-07,4437.339125689338,4510.987907858455,4345.2781479779405,4382.1025390625,62871600
2022-07-08,4437.339038800994,4474.163429164488,4382.102453255753,4400.5146484375,78131700
2022-07-11,4400.51439420842,4474.1631706805265,4363.690005972366,4455.7509765625,49946600
2022-07-12,4455.7508084656765,4529.3995821593235,4455.7508084656765,4492.5751953125,22900800
2022-07-13,4492.57514082618,4492.57514082618,4290.041015625,4290.041015625,56747900
2022-07-14,4290.041067654969,4492.5751953125,4290.041067654969,4492.5751953125,59847700
2022-07-15,4418.926930147059,4474.163516773897,4363.69034352022,4382.1025390625,32403800
2022-07-18,4400.514478248185,4437.3388671875,4382.102283778527,4437.3388671875,27618400
2022-07-19,4437.339182661394,4529.400161554784,4437.339182661394,4474.16357421875,50725600
2022-07-20,4547.812157619522,4621.4609375,4492.575572709164,4621.4609375,70493600
2022-07-21,4566.224696356276,4603.049089068826,4455.7515182186235,4547.8125,55415500
2022-07-22,4547.812357333462,4547.812357333462,4455.751378440072,4474.16357421875,37583800
2022-07-25,4455.751378440072,4529.400161554784,4455.751378440072,4474.16357421875,24674200
2022-07-26,4492.5751953125,4510.987388735912,4474.163001889088,4492.5751953125,21937400
2022-07-27,4510.987388735912,4510.987388735912,4418.926421618852,4492.5751953125,35066000
2022-07-28,4510.98755891658,4529.399753034607,4437.338782444473,4455.7509765625,51909300
2022-07-29,4529.400270967144,4731.934429425024,4510.9880747437,4658.28564453125,150285200
2022-08-01,4731.934396868967,4823.9953773528,4676.697808578668,4768.7587890625,55511700
2022-08-02,4768.7587890625,4768.7587890625,4621.461220288369,4768.7587890625,53235100
2022-08-03,4750.346169211647,4860.8193359375,4695.1095858487215,4860.8193359375,40666300
2022-08-04,4934.468113754735,4934.468113754735,4750.346169211647,4860.8193359375,66966300
2022-08-05,4860.819251179245,4897.643639445755,4768.758280512971,4879.2314453125,46702100
2022-08-08,4879.23167669951,4934.46826171875,4805.582896673857,4934.46826171875,32971000
2022-08-09,4952.880772569445,5026.529557291667,4934.468576388889,4971.29296875,61001700
2022-08-10,4989.705304445141,5044.94189453125,4860.819927577555,5044.94189453125,37086500
2022-08-11,5137.002037432554,5155.414231115108,5081.765456384892,5118.58984375,42007400
2022-08-12,5118.58984375,5155.414231115108,5044.941069019784,5118.58984375,58469000
2022-08-15,5100.178396661931,5118.590593039773,5008.117414772727,5063.35400390625,35283300
2022-08-16,5063.353660884297,5192.239026797715,5063.353660884297,5137.00244140625,61907800
2022-08-18,5137.00244140625,5155.414636536739,5044.941465753808,5137.00244140625,25190000
2022-08-19,5137.00244140625,5155.414636536739,5081.765856014785,5137.00244140625,32914500
2022-08-22,5063.353831156927,5100.17822265625,5008.117243907943,5100.17822265625,48266600
2022-08-23,5081.765856014785,5173.8268316672265,5044.941465753808,5137.00244140625,56381000
2022-08-24,5100.1782780640515,5192.2392578125,5081.766082114362,5192.2392578125,30605000
2022-08-25,5192.239026797715,5192.239026797715,5118.590246275761,5137.00244140625,22793800
2022-08-26,5137.002789417614,5173.827182173295,5044.941807528409,5063.35400390625,31120500
2022-08-29,5008.116615155677,5081.765388907967,4971.2922282795325,5026.52880859375,29722100
2022-08-30,5044.941236413043,5173.826596467391,5044.941236413043,5081.765625,45566100
2022-08-31,5063.353660884297,5137.00244140625,4989.704880362343,5137.00244140625,55714900
2022-09-01,5137.002614155574,5173.827005654896,5081.766026906588,5100.17822265625,36691900
2022-09-02,5118.590418405912,5155.4148099052345,5063.353831156927,5100.17822265625,26077700
2022-09-05,5081.766200284091,5100.178396661931,5044.941807528409,5063.35400390625,24953800
2022-09-06,5063.353430706521,5118.590013586956,5044.941236413043,5081.765625,18626800
2022-09-07,5008.117216870301,5063.353803821076,4879.231847318491,4897.64404296875,77218400
2022-09-08,4897.64404296875,4971.292825569784,4879.231847318491,4897.64404296875,39405200
2022-09-09,4916.055813609893,4989.70458984375,4879.231425492965,4989.70458984375,31904200
2022-09-12,4989.704880362343,5137.00244140625,4952.880490101366,5137.00244140625,51563200
2022-09-13,5173.826078626845,5321.12361823188,5118.589501274957,5302.71142578125,70555900
2022-09-14,5229.06330583479,5376.360863745629,5192.238916357081,5265.8876953125,56832100
2022-09-15,5247.475845661569,5321.124629460328,5192.2392578125,5192.2392578125,63346200
2022-09-16,5155.414402173913,5192.238790760869,5081.765625,5081.765625,65885100
2022-09-19,5118.590696957236,5321.1248612253285,5100.178500205592,5247.47607421875,52232700
2022-09-20,5265.88761024608,5339.536388011759,5229.063221363241,5284.2998046875,47337700
2022-09-21,5247.475500573645,5302.71208479021,5229.06330583479,5265.8876953125,26007500
2022-09-22,5173.8266380389805,5321.124193570339,5155.41444359756,5284.2998046875,26295200
2022-09-23,5229.06330583479,5284.299890051355,5192.238916357081,5265.8876953125,22258800
2022-09-26,5155.414636536739,5173.8268316672265,5044.941465753808,5137.00244140625,61422800
2022-09-27,5155.414231115108,5192.238618480216,5118.58984375,5118.58984375,42809400
2022-09-28,5118.590360753677,5155.414751838235,5008.1171875,5008.1171875,50825400
2022-09-29,5044.941172019142,5081.765560136069,4934.468007668358,4989.70458984375,36653400
2022-09-30,4934.468027712264,4971.2924159787735,4860.819251179245,4879.2314453125,71017400
2022-10-03,4897.643639445755,4934.468027712264,4860.819251179245,4879.2314453125,27280600
2022-10-04,4952.88037109375,5008.116955157992,4934.468176405669,4952.88037109375,33322400
2022-10-05,5008.1171289794,5026.529324306531,4916.05615234375,4916.05615234375,31019300
2022-10-06,4916.055919300426,4971.292502663352,4860.8193359375,4860.8193359375,37002600
2022-10-07,4823.9953773528,4842.4075734495655,4750.346592965733,4768.7587890625,54850200
2022-10-10,4731.933828500601,4805.582604041467,4695.109440730168,4787.17041015625,34319700
2022-10-11,4713.522030651341,4842.407398676964,4713.522030651341,4805.5830078125,35320000
2022-10-12,4815.288447342519,4833.95235605315,4740.6328125,4740.6328125,72794100
2022-10-13,4759.29672121063,4777.960629921259,4684.64108636811,4740.6328125,44281200
2022-10-14,4852.616264763779,4852.616264763779,4740.6328125,4740.6328125,45496900
2022-10-17,4721.96839661357,4871.27965026143,4628.6488630836575,4796.6240234375,50710300
2022-10-18,4815.288447342519,4852.616264763779,4740.6328125,4740.6328125,42600400
2022-10-19,4796.624156264967,4871.27978515625,4777.960249042146,4871.27978515625,25542800
2022-10-20,4852.615743555448,4871.27965026143,4777.960116731518,4796.6240234375,32226200
2022-10-21,4833.952276541706,4983.263543770794,4815.28836813807,4908.60791015625,52148500
2022-10-24,4908.607401682918,5001.926934034304,4908.607401682918,4964.59912109375,37202900
2022-10-25,5001.92724609375,5001.92724609375,4927.271615555038,5001.92724609375,37836000
2022-10-26,5001.92745217443,5001.92745217443,4908.60791015625,4908.60791015625,36289700
2022-10-27,4908.607401682918,4983.263027564028,4871.279588742364,4964.59912109375,30429800
2022-10-28,4964.599478918178,4964.599478918178,4852.616032025287,4889.94384765625,28492900
2022-10-31,4889.943495212641,4964.59912109375,4889.943495212641,4964.59912109375,45774000
2022-11-01,4964.599635367158,4983.263543770794,4833.952276541706,4908.60791015625,59240700
2022-11-02,4871.27965026143,4889.943556967412,4759.296210025535,4796.6240234375,59695600
2022-11-03,4759.29638671875,4796.624201516544,4740.632479319853,4759.29638671875,29905800
2022-11-04,4740.632303319553,4796.6240234375,4740.632303319553,4796.6240234375,60465200
2022-11-07,4796.6235201322115,4852.615234375,4796.6235201322115,4852.615234375,41824000
2022-11-08,4852.615877933429,4871.27978515625,4815.288063487787,4871.27978515625,35241500
2022-11-09,4871.279939840768,4889.94384765625,4833.952124209804,4889.94384765625,45144800
2022-11-10,4889.943692379071,4889.943692379071,4815.288063487787,4871.27978515625,33770400
2022-11-11,4927.2715297965115,4945.935437106346,4815.2880859375,4815.2880859375,50938200
2022-11-14,4815.288132440476,4833.952039930556,4703.3046875,4703.3046875,46011200
2022-11-15,4703.3047110316265,4740.632526198544,4628.649080697791,4647.31298828125,65536000
2022-11-16,4609.9853515625,4628.649259868422,4553.993626644737,4609.9853515625,60298900
2022-11-17,4628.649057539683,4703.3046875,4516.665612599207,4703.3046875,35165100
2022-11-18,4684.640803448167,4703.3047110316265,4628.649080697791,4647.31298828125,29302300
2022-11-21,4684.640449373147,4740.632167891552,4665.976543200346,4721.96826171875,19074900
2022-11-22,4721.968618615086,4740.632526198544,4647.31298828125,4647.31298828125,33102700
2022-11-23,4684.640646657635,4703.304553616431,4628.64892578125,4628.64892578125,30863200
2022-11-24,4628.64892578125,4684.640646657635,4628.64892578125,4628.64892578125,21534300
2022-11-25,4609.9853515625,4628.649259868422,4572.657534950658,4609.9853515625,40948100
2022-11-28,4609.985173114333,4684.640803448167,4591.3212655308735,4647.31298828125,37901700
2022-11-29,4572.656754422779,4591.320659542872,4498.001133942407,4516.6650390625,121505900
2022-11-30,4516.6650390625,4628.648469783057,4498.001133942407,4516.6650390625,191276100
2022-12-01,4553.993626644737,4628.649259868422,4553.993626644737,4609.9853515625,88307900
2022-12-02,4609.985040656888,4609.985040656888,4516.665505420919,4572.6572265625,51843800
2022-12-05,4535.329277830006,4553.9931843231325,4479.337558350622,4498.00146484375,64357800
2022-12-06,4479.337599734043,4498.001506399601,4330.026346409574,4386.01806640625,69873000
2022-12-07,4330.026388509825,4404.682015897925,4255.370761121724,4274.03466796875,116677600
2022-12-08,4218.043123623348,4330.02656938326,4143.38749311674,4236.70703125,161238600
2022-12-09,4255.370938876652,4292.698754129956,4218.043123623348,4236.70703125,55355700
2022-12-12,4236.70703125,4274.034846503304,4199.379215996696,4236.70703125,92687900
2022-12-13,4255.370892569742,4404.6821519581545,4236.706985146191,4348.6904296875,113893000
2022-12-14,4423.346059381705,4442.009966805257,4311.362614840396,4348.6904296875,78775300
2022-12-15,4348.690273942619,4367.354180697737,4292.698553677263,4330.0263671875,61581800
2022-12-16,4311.3623046875,4330.026210768398,4255.370586444805,4311.3623046875,95271600
2022-12-19,4367.354042454769,4367.354042454769,4218.042793140076,4255.37060546875,57531200
2022-12-20,4236.706699304413,4292.698417797423,4236.706699304413,4255.37060546875,25876100
2022-12-21,4255.37060546875,4274.034511633086,4218.042793140076,4255.37060546875,34940600
2022-12-22,4255.370586444805,4311.3623046875,4236.706680363907,4311.3623046875,32103400
2022-12-23,4292.698754129956,4311.362661756608,4218.043123623348,4236.70703125,31969000
2022-12-26,4236.706875691371,4274.034689574115,4199.379061808628,4218.04296875,13540500
2022-12-27,4255.370938876652,4292.698754129956,4218.043123623348,4236.70703125,13680300
2022-12-28,4274.035028211805,4274.035028211805,4162.051577690972,4199.37939453125,29919100
2022-12-29,4180.715154867256,4236.706875691371,4143.387340984513,4218.04296875,32241500
2022-12-30,4236.706699304413,4292.698417797423,4218.042793140076,4255.37060546875,36384500
2023-01-02,4274.034511633086,4274.034511633086,4199.37888697574,4255.37060546875,12068800
2023-01-03,4236.706875691371,4255.370782632743,4199.379061808628,4218.04296875,22854400
2023-01-04,4218.043123623348,4255.370938876652,4199.379215996696,4236.70703125,32578900
2023-01-05,4218.043223110465,4255.371039244186,4012.740234375,4012.740234375,106047000
2023-01-06,4031.4046014908254,4124.724152451261,3994.076781106651,4068.732421875,59754600
2023-01-09,4106.059615946262,4106.059615946262,3938.0844498393694,3994.076171875,63437700
2023-01-10,4012.7401690415936,4012.7401690415936,3938.084537989657,3975.412353515625,62964600
2023-01-11,3975.4122203480115,3994.0761274857955,3882.092684659091,3900.756591796875,45514800
2023-01-12,3882.0927278037384,4012.7400792202106,3882.0927278037384,3994.076171875,61374300
2023-01-13,4012.740691298738,4106.060242259174,3956.748960722477,4068.732421875,52039800
2023-01-16,4124.723608834403,4180.71533203125,4087.3957933698384,4180.71533203125,48458700
2023-01-17,4180.715019707207,4218.042832383164,4106.059394355293,4143.38720703125,66999600
2023-01-18,4143.387340984513,4218.04296875,4143.387340984513,4218.04296875,28120700
2023-01-19,4218.043227497329,4386.0184002737715,4218.043227497329,4367.3544921875,95543300
2023-01-20,4386.018221580376,4404.68212890625,4311.362592276881,4404.68212890625,54173000
2023-01-24,4404.681797204642,4442.009609045359,4367.353985363924,4423.345703125,26217800
2023-01-25,4404.681952468488,4442.009765625,4367.354139311975,4442.009765625,18115800
2023-01-26,4423.346036232124,4442.009943557998,4367.354314254502,4404.68212890625,40168400
2023-01-27,4423.345879737367,4442.009786402926,4386.01806640625,4386.01806640625,31869800
2023-01-30,4386.01806640625,4404.681973071809,4311.362439744016,4386.01806640625,34817500
2023-01-31,4423.346166992187,4498.001798502604,4404.682259114583,4479.337890625,89064100
2023-02-01,4479.337890625,4479.337890625,4423.346166992187,4479.337890625,35355300
2023-02-02,4442.009609045359,4460.673514965718,4386.017891284283,4423.345703125,30039900
2023-02-03,4460.673693068484,4460.673693068484,4386.01806640625,4386.01806640625,24629700
2023-02-06,4386.0184002737715,4404.682308360042,4348.6905841012285,4367.3544921875,31033700
2023-02-07,4348.690253075133,4423.345879737367,4348.690253075133,4386.01806640625,29536700
2023-02-08,4386.018087452855,4404.681994207974,4311.362460432381,4330.0263671875,27235100
2023-02-09,4348.690477009912,4367.354384636564,4236.70703125,4236.70703125,48263600
2023-02-10,4180.714980811404,4255.37060546875,4143.38716848273,4255.37060546875,71158200
2023-02-13,4255.370761121724,4292.698574815775,4236.706854274699,4274.03466796875,22154800
2023-02-14,4292.698574815775,4330.026388509825,4255.370761121724,4274.03466796875,31292000
2023-02-15,4274.034846503304,4274.034846503304,4162.051400743392,4236.70703125,38862100
2023-02-16,4255.37060546875,4255.37060546875,4199.37888697574,4255.37060546875,19014100
2023-02-17,4255.370938876652,4274.034846503304,4199.379215996696,4236.70703125,31273200
2023-02-20,4236.7070552280975,4255.37096296038,4162.0514242989675,4180.71533203125,29576500
2023-02-21,4180.715176569507,4218.04299064602,4143.387362492994,4162.05126953125,26985200
2023-02-22,4143.387669270834,4218.043302951389,4143.387669270834,4199.37939453125,24822300
2023-02-23,4218.04296875,4255.370782632743,4162.051247925885,4218.04296875,33406700
2023-02-24,4236.706525985054,4330.02605298913,4218.042620584239,4292.6982421875,30869400
2023-02-27,4274.034646922144,4330.0263671875,4255.370740167025,4330.0263671875,28650400
2023-02-28,4628.648789702868,4684.640508933146,4553.9931640625,4553.9931640625,154669700
2023-03-01,4553.993473704269,4609.985196741616,4516.665658346037,4591.3212890625,49851200
2023-03-02,4591.3212890625,4609.985196741616,4535.329566025152,4591.3212890625,26943600
2023-03-03,4591.320659542872,4591.320659542872,4498.001133942407,4516.6650390625,32818500
2023-03-06,4553.993497620885,4572.65740539802,4516.665682066616,4535.32958984375,22141000
2023-03-07,4516.665391938025,4535.329298516282,4404.681952468488,4442.009765625,41630000
2023-03-08,4404.681797204642,4460.673514965718,4386.017891284283,4423.345703125,40374900
2023-03-09,4460.673651857495,4516.665371336878,4442.0097453643675,4498.00146484375,23104400
2023-03-10,4460.67333984375,4479.337245031381,4404.681624280857,4460.67333984375,33330500
2023-03-13,4404.681797204642,4460.673514965718,4367.353985363924,4423.345703125,28402600
2023-03-14,4404.681835091991,4423.34574117289,4292.698398606602,4311.3623046875,56988600
2023-03-15,4367.354022930194,4386.017929011093,4311.3623046875,4311.3623046875,40170800
2023-03-16,4311.362767928686,4386.0184002737715,4236.707135583601,4367.3544921875,33947700
2023-03-17,4386.0184002737715,4423.3462164463135,4367.3544921875,4367.3544921875,74811900
2023-03-20,4367.354159740691,4404.681973071809,4330.026346409574,4386.01806640625,22146000
2023-03-21,4367.354159740691,4460.673693068484,4367.354159740691,4386.01806640625,40671600
2023-03-24,4423.3458590467435,4479.337578781513,4404.681952468488,4442.009765625,60721800
2023-03-27,4442.009786402926,4460.673693068484,4386.01806640625,4386.01806640625,32493100
2023-03-28,4404.682308360042,4423.3462164463135,4367.3544921875,4367.3544921875,42944400
2023-03-29,4367.354139311975,4516.665391938025,4367.354139311975,4442.009765625,81945000
2023-03-30,4460.673850883872,4460.673850883872,4404.68212890625,4404.68212890625,40174400
2023-03-31,4442.010074869791,4498.001798502604,4423.346166992187,4479.337890625,40364100
2023-04-03,4516.665706380209,4553.993522135416,4460.673982747396,4479.337890625,44636200
2023-04-04,4498.00146484375,4516.665371336878,4442.0097453643675,4498.00146484375,35612700
2023-04-05,4498.001798502604,4516.665706380209,4460.673982747396,4479.337890625,27556300
2023-04-06,4479.337420886076,4479.337420886076,4423.345703125,4423.345703125,32964500
2023-04-10,4442.009434656119,4460.67333984375,4386.017719093227,4460.67333984375,40039500
2023-04-11,4442.010050958076,4553.993497620885,4423.346143180942,4535.32958984375,37545800
2023-04-12,4591.320937500001,4703.304375000001,4572.65703125,4665.9765625,126817700
2023-04-13,4647.31265625,4684.64046875,4609.98484375,4665.9765625,35138600
2023-04-14,4684.640646657635,4703.304553616431,4628.64892578125,4628.64892578125,45556300
2023-04-17,4628.649080697791,4684.640803448167,4628.649080697791,4647.31298828125,33965200
2023-04-18,4684.640583201605,4833.9518368494655,4684.640583201605,4796.6240234375,101792500
2023-04-26,4945.935523189716,5001.92724609375,4852.615985016325,5001.92724609375,182919200
2023-04-27,4983.263338459072,5020.591153728428,4945.935523189716,5001.92724609375,45762900
2023-04-28,5001.927068865741,5039.2548828125,4983.263161892361,5039.2548828125,64976400
2023-05-02,5057.918811812383,5057.918811812383,4927.271462429776,4983.26318359375,62972600
2023-05-03,5001.926776238207,5020.590682119693,4889.943340949292,4945.93505859375,106341300
2023-05-04,4927.271484375,4945.935391512784,4889.943670099432,4927.271484375,132167800
2023-05-05,5010.3701171875,5010.3701171875,5010.3701171875,5010.3701171875,82270600
2023-05-08,5010.370288584184,5030.737647480867,4928.900852997449,4990.0029296875,95087500
2023-05-09,4990.002547554348,5152.94140625,4949.267832880435,5152.94140625,96938100
2023-05-10,5173.308763586956,5234.410835597826,5132.574048913043,5152.94140625,52404700
2023-05-11,5173.3087851562495,5173.3087851562495,5030.737283203125,5091.83935546875,39596900
2023-05-12,5071.47216796875,5112.206884177334,5030.737451760166,5071.47216796875,67576500
2023-05-15,5112.207488773376,5173.3095703125,5030.738046721211,5173.3095703125,42039400
2023-05-16,5173.308613203436,5214.043326693227,5091.839186223854,5112.20654296875,19445400
2023-05-17,5173.308763586956,5173.308763586956,5112.206691576087,5152.94140625,29480000
2023-05-19,5214.043436293437,5336.247579331563,5173.308721947394,5275.1455078125,75548600
2023-05-22,5315.880831631747,5417.717629172585,5234.411393599076,5376.98291015625,63793800
2023-05-23,5376.98291015625,5417.717629172585,5336.2481911399145,5376.98291015625,49261900
2023-05-24,5356.615042354284,5438.08447265625,5295.512969627809,5438.08447265625,54136600
2023-05-25,5458.45234818892,5458.45234818892,5315.880831631747,5376.98291015625,43564900
2023-05-26,5376.98291015625,5376.98291015625,5315.880831631747,5376.98291015625,25356200
2023-05-29,5397.350269664417,5397.350269664417,5275.146112615412,5376.98291015625,27939400
2023-05-30,5356.614764873798,5376.9821213942305,5295.5126953125,5295.5126953125,23340800
2023-05-31,5295.513035973838,5376.982467296512,5254.7783203125,5254.7783203125,154796300
2023-06-05,5315.88075206044,5702.860576923077,5295.513392857143,5560.2890625,200252000
2023-06-06,5539.92138671875,5641.758176915786,5499.186670639935,5539.92138671875,65282100
2023-06-07,5539.92138671875,5580.656102797564,5438.084596521714,5539.92138671875,81991400
2023-06-08,5478.819481881343,5519.55419921875,5458.452123212638,5519.55419921875,32704900
2023-06-09,5499.186670639935,5539.92138671875,5458.451954561121,5539.92138671875,24893400
2023-06-12,5539.921557887454,5539.921557887454,5438.084764543934,5519.55419921875,37558000
2023-06-13,5519.5543710214115,5560.289089626735,5499.18701171875,5499.18701171875,23911800
2023-06-14,5499.186958644701,5621.39111328125,5499.186958644701,5621.39111328125,34146100
2023-06-15,5621.390795454545,5621.390795454545,5560.288721590909,5601.0234375,16414000
2023-06-16,5580.65625,5601.023608576643,5519.554174270073,5580.65625,63892800
2023-06-19,5539.921363636364,5601.0234375,5519.554005681818,5601.0234375,12514200
2023-06-20,5560.288744758157,5580.656102797564,5519.554028679343,5539.92138671875,24394300
2023-06-21,5519.554627566561,5682.493509561146,5499.187267317238,5641.7587890625,37629300
2023-06-22,5601.023633893566,5621.390992562269,5519.55419921875,5519.55419921875,51199300
2023-06-23,5519.55419921875,5560.288916556158,5458.452123212638,5519.55419921875,32156800
2023-06-26,5539.92138671875,5621.390818876379,5519.554028679343,5539.92138671875,31726400
2023-06-27,5539.921557887454,5580.656275224862,5519.55419921875,5519.55419921875,36422700
2023-07-03,5519.554344093406,5560.2890625,5499.18698489011,5560.2890625,37348600
2023-07-04,5560.288916556158,5560.288916556158,5458.452123212638,5519.55419921875,20047800
2023-07-05,5519.55419921875,5519.55419921875,5458.452123212638,5519.55419921875,34751800
2023-07-06,5519.554028679343,5539.92138671875,5499.186670639935,5539.92138671875,35473800
2023-07-07,5519.554344093406,5560.2890625,5499.18698489011,5560.2890625,28755500
2023-07-10,5560.288916556158,5560.288916556158,5519.55419921875,5519.55419921875,15301300
2023-07-11,5519.554028679343,5539.92138671875,5499.186670639935,5539.92138671875,32949200
2023-07-12,5519.55419921875,5560.288916556158,5499.186840550046,5519.55419921875,29210200
2023-07-13,5519.554028679343,5560.288744758157,5499.186670639935,5539.92138671875,31298400
2023-07-14,5519.5543710214115,5560.289089626735,5458.452293113425,5499.18701171875,56060600
2023-07-17,5499.186545382725,5519.553902958217,5438.08447265625,5438.08447265625,41698600
2023-07-18,5438.085163305014,5458.4525234672055,5275.146282007486,5356.61572265625,68904700
2023-07-20,5356.615086581059,5356.615086581059,5254.778297862787,5315.88037109375,64069100
2023-07-21,5295.513035973838,5315.880393804506,5193.676246820494,5254.7783203125,64037700
2023-07-24,5214.043893129771,5376.9827647900765,5214.043893129771,5336.248046875,40830500
2023-07-25,5376.9821213942305,5397.349477914663,5295.5126953125,5295.5126953125,23958900
2023-07-26,5356.615550648082,5397.350269664417,5295.513472123579,5376.98291015625,38599800
2023-07-27,5376.982444324713,5376.982444324713,5295.513013350096,5315.88037109375,27816700
2023-07-28,5295.512824292453,5397.349609375,5275.145467275944,5397.349609375,28288300
2023-07-31,5499.186815693431,5662.125684306569,5478.819457116789,5580.65625,87828900
2023-08-01,5601.0234375,5621.390795454545,5539.921363636364,5601.0234375,29425300
2023-08-02,5560.288891423358,5580.65625,5519.554174270073,5580.65625,29463700
2023-08-03,5539.9217032967035,5621.39114010989,5519.554344093406,5560.2890625,29272000
2023-08-04,5560.288744758157,5580.656102797564,5499.186670639935,5539.92138671875,16646300
2023-08-07,5560.288721590909,5621.390795454545,5499.186647727272,5601.0234375,32608000
2023-08-08,5580.65625,5621.390967153285,5560.288891423358,5580.65625,16515100
2023-08-09,5580.656079545454,5601.0234375,5560.288721590909,5601.0234375,13781700
2023-08-10,5580.656448929398,5601.02380823206,5499.18701171875,5499.18701171875,32076700
2023-08-11,5499.18701171875,5519.5543710214115,5417.717574508101,5499.18701171875,42320900
2023-08-14,5458.451954561121,5539.92138671875,5458.451954561121,5539.92138671875,27616200
2023-08-15,5478.8193359375,5519.554052189824,5438.084619685177,5478.8193359375,32385400
2023-08-16,5438.084933810764,5499.18701171875,5417.717574508101,5499.18701171875,24913200
2023-08-18,5438.084517555676,5458.45187529933,5295.513013350096,5315.88037109375,69001300
2023-08-21,5315.880222158543,5336.247579331563,5234.410793466458,5275.1455078125,34702500
2023-08-22,5254.778611044847,5376.9827647900765,5254.778611044847,5336.248046875,37704700
2023-08-23,5336.248046875,5376.9827647900765,5315.880687917462,5336.248046875,27624900
2023-08-24,5336.247579331563,5376.982293677606,5275.1455078125,5275.1455078125,33278500
2023-08-25,5275.145678143169,5295.513035973838,5214.043604651163,5254.7783203125,35673300
2023-08-28,5295.513208292801,5295.513208292801,5214.043774319066,5234.4111328125,14871100
2023-08-29,5254.778171539307,5254.778171539307,5193.676099777222,5214.04345703125,29937800
2023-08-30,5254.7783203125,5315.880393804506,5214.043604651163,5254.7783203125,41993300
2023-08-31,5254.7783203125,5275.145678143169,5214.043604651163,5254.7783203125,44502000
2023-09-01,5275.145970002385,5356.615405832538,5275.145970002385,5336.248046875,26069500
2023-09-04,5356.615550648082,5376.98291015625,5315.880831631747,5376.98291015625,17384000
2023-09-05,5376.98291015625,5417.717629172585,5336.2481911399145,5376.98291015625,23070700
2023-09-06,5356.615086581059,5397.349802068367,5315.88037109375,5315.88037109375,18421300
2023-09-07,5275.145528793335,5295.512886047363,5173.308742523193,5214.04345703125,49921600
2023-09-08,5254.778171539307,5254.778171539307,5173.308742523193,5214.04345703125,32416900
2023-09-11,5214.044117647059,5234.411477481618,5132.574678308823,5193.6767578125,33422100
2023-09-12,5193.676292782738,5193.676292782738,5132.57421875,5132.57421875,30225600
2023-09-13,5152.9415767609125,5152.9415767609125,5071.4721447172615,5132.57421875,40040900
2023-09-14,5152.94140625,5193.676120923913,5091.83933423913,5152.94140625,40259300
2023-09-15,5091.839502728174,5152.9415767609125,5051.104786706349,5132.57421875,132198700
2023-09-18,5112.2068607390875,5152.9415767609125,5091.839502728174,5132.57421875,35517300
2023-09-19,5132.574849286417,5193.676930825542,5112.207488773376,5173.3095703125,31439200
2023-09-20,5173.308934771825,5214.043650793651,5132.57421875,5132.57421875,39764900
2023-09-21,5132.5744156376,5152.941774429813,5051.10498046875,5051.10498046875,46231100
2023-09-22,5051.10498046875,5112.207056845387,5030.737621676537,5051.10498046875,30610900
2023-09-25,5071.471998046874,5112.206712890625,5051.104640625,5091.83935546875,32700500
2023-09-26,5071.472339260962,5132.5744156376,5051.10498046875,5051.10498046875,43217400
2023-09-27,5051.104833587398,5091.839549987297,4990.002758987551,5010.3701171875,31688400
2023-09-29,5091.839526073042,5112.206884177334,5051.104809864458,5071.47216796875,20902300
2023-10-02,5112.20654296875,5173.308613203436,5091.839186223854,5112.20654296875,23884400
2023-10-03,5112.207056845387,5112.207056845387,5051.10498046875,5051.10498046875,25350100
2023-10-04,5030.737995916924,5051.10535622428,4928.901194380144,4949.2685546875,55496200
2023-10-05,4990.002633882261,5030.737349260892,4908.533203125,4908.533203125,55924900
2023-10-06,4928.901194380144,5010.370635609568,4928.901194380144,4949.2685546875,18104300
2023-10-09,5010.370288584184,5071.472365274235,4969.635570790816,4990.0029296875,43718300
2023-10-10,5030.737175555269,5030.737175555269,4928.900390625,4928.900390625,36797700
2023-10-11,4949.267747611054,4990.002461583162,4928.900390625,4928.900390625,45959600
2023-10-12,4968.649553571428,4989.352260044643,4927.244140625,4927.244140625,71954600
2023-10-13,4968.649483525104,4989.352189706459,4927.244071162395,4947.94677734375,32794800
2023-10-16,4906.541716746795,4947.947132077991,4823.730886084401,4844.43359375,52414600
2023-10-17,4865.136301415599,4906.541716746795,4844.43359375,4844.43359375,40295600
2023-10-18,4844.433665001341,4968.649912821888,4823.73095703125,4823.73095703125,53751300
2023-10-19,4823.730750204694,4844.433457287118,4720.217214792576,4740.919921875,60258300
2023-10-20,4699.514091625549,4761.622207373904,4678.811386376096,4720.216796875,56606100
2023-10-23,4740.920281546456,4761.6229901994975,4637.40673828125,4637.40673828125,57516800
2023-10-24,4637.406654094827,4844.433736866918,4637.406654094827,4803.0283203125,57283100
2023-10-25,4823.730608258928,4906.541434151785,4782.3251953125,4782.3251953125,51542400
2023-10-26,4782.325336039847,4803.028043122271,4699.514507710152,4740.919921875,18969800
2023-10-27,4761.622628957423,4782.325336039847,4740.919921875,4740.919921875,35328800
2023-10-30,4761.6229037580815,4823.731028589708,4699.514778926455,4803.0283203125,17820800
2023-10-31,4844.433314732143,4885.838727678572,4782.3251953125,4782.3251953125,46118000
2023-11-01,4885.839153421336,4968.649986530172,4803.0283203125,4803.0283203125,91836500
2023-11-02,4844.433736866918,4885.839153421336,4803.0283203125,4803.0283203125,46166200
2023-11-03,4844.433937202066,4906.542064602092,4823.731228068724,4885.83935546875,43395900
2023-11-06,4906.54150390625,4927.244210673786,4885.838797138713,4906.54150390625,29757300
2023-11-07,4906.541788911615,4927.244496881706,4782.325541091068,4823.73095703125,30298200
2023-11-08,4803.028043122271,4823.730750204694,4699.514507710152,4740.919921875,38367700
2023-11-09,4782.325265370245,4823.730678923233,4740.919851817255,4761.62255859375,20420100
2023-11-10,4740.919782366072,4782.3251953125,4740.919782366072,4782.3251953125,15229800
2023-11-13,4823.7309678339325,4823.7309678339325,4678.81201171875,4678.81201171875,24673700
2023-11-14,4699.51513671875,4740.9205564255235,4678.812426865364,4699.51513671875,12066000
2023-11-15,4761.62255859375,4844.433385699728,4720.21714504076,4761.62255859375,34814300
2023-11-16,4761.622833120977,4823.73095703125,4740.920125150886,4823.73095703125,17422800
2023-11-17,4803.027617872807,4823.730323122259,4720.216796875,4720.216796875,27116700
2023-11-20,4740.920195480872,4844.433736866918,4720.217487203663,4803.0283203125,22940000
2023-11-21,4803.027901785715,4844.433314732143,4761.622488839285,4782.3251953125,17153300
2023-11-22,4782.325976132296,4782.325976132296,4678.812426865364,4699.51513671875,36329500
2023-11-23,4699.514091625549,4740.919502124452,4699.514091625549,4720.216796875,43425400
2023-11-24,4720.217214792576,4761.622628957423,4720.217214792576,4740.919921875,9347300
2023-11-27,4740.920208333333,4761.622916666666,4637.406666666667,4658.109375,63360900
2023-11-28,4699.514512070665,4699.514512070665,4596.0009765625,4596.0009765625,86907600
2023-11-29,4637.4064621040725,4678.811876944287,4575.29833984375,4575.29833984375,75070800
2023-11-30,4616.703615541812,4616.703615541812,4471.78466796875,4471.78466796875,161684600
2023-12-01,4513.190077275815,4761.62255859375,4513.190077275815,4761.62255859375,145374400
2023-12-04,4761.62255859375,4823.730678923233,4740.919851817255,4761.62255859375,57590700
2023-12-05,4782.325336039847,4803.028043122271,4699.514507710152,4740.919921875,25787200
2023-12-06,4720.217214792576,4823.730750204694,4720.217214792576,4740.919921875,41363700
2023-12-07,4761.62326627891,4761.62326627891,4637.40700715859,4699.51513671875,40599000
2023-12-08,4699.51513671875,4720.217846572136,4658.1097170119765,4699.51513671875,26972000
2023-12-11,4678.812155587332,4699.514864240374,4575.298612322126,4637.40673828125,39510200
2023-12-12,4699.514440425309,4699.514440425309,4596.0009064952355,4616.70361328125,19272900
2023-12-13,4596.001047263858,4637.4064621040725,4575.29833984375,4575.29833984375,31196600
2023-12-14,4637.406666666667,4678.812083333333,4616.7039583333335,4658.109375,65510200
2023-12-15,4658.109303702296,4720.21742775166,4637.40659568584,4678.81201171875,93580400
2023-12-18,4678.812155587332,4678.812155587332,4596.001320975167,4637.40673828125,39134200
2023-12-19,4658.109375,4678.812083333333,4637.406666666667,4658.109375,33668300
2023-12-20,4678.812083333333,4720.2175,4658.109375,4658.109375,27178500
2023-12-21,4637.4063907657655,4637.4063907657655,4533.892855257602,4596.0009765625,114749900
2023-12-22,4596.0009765625,4637.4063907657655,4554.5955623592345,4596.0009765625,38055800
2023-12-27,4596.0009765625,4616.703683664133,4554.5955623592345,4596.0009765625,34332400
2023-12-28,4616.704029628208,4637.40673828125,4596.001320975167,4637.40673828125,31643200
2023-12-29,4637.40659568584,4699.514719735204,4616.703887669386,4678.81201171875,36245000
2024-01-02,4658.108681126645,4720.216796875,4616.703270627741,4720.216796875,36479600
2024-01-03,4720.217572893415,4720.217572893415,4637.40673828125,4637.40673828125,37187300
2024-01-04,4637.405975877194,4761.622207373904,4637.405975877194,4720.216796875,52008000
2024-01-05,4740.920208333333,4761.622916666666,4658.109375,4658.109375,39167600
2024-01-08,4658.109026853279,4699.514440425309,4596.0009064952355,4616.70361328125,39614600
2024-01-09,4637.4063200672645,4637.4063200672645,4575.298199709221,4616.70361328125,36777600
2024-01-10,4554.595632423642,4616.703754683965,4513.1902175834275,4575.29833984375,75423900
2024-01-11,4596.0009765625,4658.109097867399,4575.298269460867,4596.0009765625,39941000
2024-01-12,4596.001320975167,4658.109446934291,4596.001320975167,4637.40673828125,28821000
2024-01-15,4637.4064621040725,4637.4064621040725,4554.595632423642,4575.29833984375,79502600
2024-01-16,4575.298410866477,4575.298410866477,4533.892995383522,4554.595703125,44840900
2024-01-17,4554.595495153357,4575.298201949508,4430.379254376447,4471.78466796875,114587100
2024-01-18,4471.785228924419,4471.785228924419,4409.677100744913,4451.08251953125,71517600
2024-01-19,4451.082101982331,4471.784809433411,4388.973979629089,4430.37939453125,52865000
2024-01-22,4430.379256691088,4492.487377111991,4326.86572265625,4326.86572265625,169967200
2024-01-23,4264.757883955793,4306.163300304878,4202.6497594321645,4244.05517578125,176612600
2024-01-24,4264.758028979372,4285.460737857912,4123.979608605296,4202.64990234375,246293300
2024-01-25,4202.649484162283,4264.757604617884,4161.244070525217,4181.94677734375,81025300
2024-01-26,4181.947193465209,4202.64990234375,4132.260692156712,4202.64990234375,71861600
2024-01-29,4202.649931066177,4202.649931066177,4066.012051533976,4082.57421875,132819200
2024-01-30,4074.2930376838235,4285.460664636948,4057.7308708639707,4223.3525390625,165689300
2024-01-31,4244.05517578125,4264.757883955793,4181.947051257622,4244.05517578125,79343600
2024-02-01,4223.352467606707,4285.4605921303355,4202.6497594321645,4244.05517578125,55358600
2024-02-02,4264.757803330399,4409.6767578125,4244.055095547242,4409.6767578125,104840200
2024-02-05,4409.676694123641,4430.37940160779,4264.757741734601,4285.46044921875,88826000
2024-02-06,4285.460239955357,4368.271065848215,4264.757533482143,4347.568359375,46257400
2024-02-07,4347.568634463028,4409.6767578125,4347.568634463028,4409.6767578125,68376900
2024-02-12,4388.97412109375,4430.379537330483,4326.865996738649,4388.97412109375,80552600
2024-02-13,4388.974412184495,4388.974412184495,4264.758155235877,4306.16357421875,63689100
2024-02-15,4409.676841177592,4409.676841177592,4202.6497594321645,4244.05517578125,124120800
2024-02-16,4244.0554457444405,4306.16357421875,4223.352736253005,4306.16357421875,75502700
2024-02-19,4306.163300304878,4347.568716653964,4202.6497594321645,4244.05517578125,89709800
2024-02-20,4244.0554457444405,4347.568993201622,4244.0554457444405,4306.16357421875,41623800
2024-02-21,4306.162946428572,4388.973772321428,4285.460239955357,4347.568359375,68374800
2024-02-22,4368.271484375,4388.9741928317535,4368.271484375,4368.271484375,41938600
2024-02-23,4347.568716653964,4368.2714248285065,4223.352467606707,4244.05517578125,81214600
2024-02-26,4264.757883955793,4306.163300304878,4202.6497594321645,4244.05517578125,50291500
2024-02-27,4244.055034250453,4285.46044921875,4181.946911798007,4285.46044921875,46555200
2024-02-28,4409.6765498841205,4492.487377111991,4306.163015849282,4326.86572265625,216020000
2024-02-29,4347.568429463217,4388.973843077153,4306.163015849282,4326.86572265625,85412900
2024-03-01,4326.86572265625,4368.271136270185,4264.757602235347,4326.86572265625,64835200
2024-03-04,4347.568993201622,4368.271702693059,4285.4608647273135,4306.16357421875,57118400
2024-03-05,4326.866081686581,4326.866081686581,4223.3525390625,4223.3525390625,53172900
2024-03-06,4244.055034250453,4306.163156702898,4223.352326766304,4285.46044921875,29210000
2024-03-07,4285.4605921303355,4306.163300304878,4223.352467606707,4244.05517578125,55244400
2024-03-08,4264.7578125,4285.46052032767,4244.05510467233,4264.7578125,39983000
2024-03-13,4264.7578125,4306.16322815534,4244.05510467233,4264.7578125,63672300
2024-03-14,4285.460650547986,4388.9741928317535,4264.7579420912325,4368.271484375,79465800
2024-03-15,4388.973986639493,4388.973986639493,4285.46044921875,4285.46044921875,164222200
2024-03-18,4306.16322815534,4347.5686438106795,4264.7578125,4264.7578125,50943600
2024-03-19,4264.757602235347,4347.568429463217,4264.757602235347,4326.86572265625,48398600
2024-03-20,4326.866067461493,4368.271484375,4326.866067461493,4368.271484375,56191300
2024-03-21,4388.973979629089,4471.784809433411,4368.271272178008,4430.37939453125,67351800
2024-03-22,4451.08251953125,4451.08251953125,4409.677100744913,4451.08251953125,46341000
2024-03-25,4492.487516884492,4492.487516884492,4409.676687080169,4430.37939453125,39759600
2024-03-26,4451.08224544885,4451.08224544885,4347.568704857016,4388.97412109375,57175300
2024-03-27,4388.9741928317535,4409.676901288507,4347.5687759182465,4368.271484375,47174800
2024-03-28,4368.271351638349,4368.271351638349,4223.35239684466,4264.7578125,107123600
2024-04-01,4285.4608647273135,4326.8662837101865,4264.758155235877,4306.16357421875,42828200
2024-04-02,4326.866067461493,4368.271484375,4285.460650547986,4368.271484375,41029100
2024-04-03,4368.271065848215,4368.271065848215,4306.162946428572,4347.568359375,39260600
2024-04-04,4347.568571671195,4347.568571671195,4264.757741734601,4285.46044921875,48395600
2024-04-05,4264.7579420912325,4409.676901288507,4264.7579420912325,4368.271484375,59190300
2024-04-16,4285.460664636948,4326.866081686581,4223.3525390625,4223.3525390625,137258300
2024-04-17,4264.757883955793,4285.4605921303355,4223.352467606707,4244.05517578125,47211000
2024-04-18,4264.757956112132,4264.757956112132,4181.947122012868,4223.3525390625,81583700
2024-04-19,4181.946959203603,4202.6496669224325,4032.8874636280293,4057.730712890625,185008500
2024-04-22,4090.8551471748738,4132.260563644255,4090.8551471748738,4099.13623046875,57689200
2024-04-23,4132.2603505907955,4202.649554959577,4132.2603505907955,4161.244140625,49438000
2024-04-24,4140.541713737907,4181.947130875286,4066.011962890625,4066.011962890625,65796800
2024-04-25,4066.011897293245,4123.979480350378,4066.011897293245,4099.13623046875,52139300
2024-04-26,4123.979535212283,4123.979535212283,4041.168701171875,4041.168701171875,70877700
2024-04-29,4074.292770522388,4181.946847792288,4057.730604788557,4161.244140625,68303100
2024-04-30,4181.9469811893205,4326.86593598301,4123.979399271845,4264.7578125,142632100
2024-05-02,4326.865864187047,4368.271279155344,4285.46044921875,4285.46044921875,100889100
2024-05-03,4326.86572265625,4347.568429463217,4306.163015849282,4326.86572265625,44094400
2024-05-06,4347.568790211397,4347.568790211397,4202.649830537684,4223.3525390625,70400000
2024-05-07,4223.352190980817,4244.05489779935,4161.244070525217,4181.94677734375,58780600
2024-05-08,4202.6497594321645,4264.757883955793,4140.541634908536,4244.05517578125,86738900
2024-05-13,4264.758028979372,4285.460737857912,4202.64990234375,4202.64990234375,143316000
2024-05-14,4226.128053356987,4235.158241505185,4135.826171875,4135.826171875,264535600
2024-05-15,4126.796046107547,4171.946987531043,4090.67529296875,4090.67529296875,109962400
2024-05-16,4144.856488853503,4262.248938428875,4099.7055467091295,4253.21875,149039700
2024-05-17,4253.218542480468,4343.520422363281,4235.158166503906,4334.490234375,101492400
2024-05-20,4334.490209651899,4361.580773462223,4271.278894094476,4280.30908203125,58021800
2024-05-21,4289.339417802526,4307.399794298537,4244.1884765625,4244.1884765625,57558000
2024-05-22,4262.248938428875,4271.279126857749,4244.188561571125,4253.21875,25932300
2024-05-27,4244.188669728708,4262.249047046703,4108.73583984375,4108.73583984375,86050000
2024-05-28,4117.765932476442,4153.886686270094,4072.6149902343755,4072.614990234375,42542400
2024-05-29,4334.490260650224,4334.490260650224,3946.1921748003083,4027.4638671875,148814900
2024-05-30,4018.4337050826457,4018.4337050826457,3892.0110716643153,3901.041259765625,112636300
2024-05-31,3919.1016239619753,3946.1921881829107,3873.95068359375,3873.95068359375,144592700
2024-06-03,3910.071516384549,4090.6752815755212,3910.071516384549,4063.584716796875,77444200
2024-06-04,4072.614854837609,4180.977112615993,4045.524290393013,4135.826171875,92676800
2024-06-05,4117.765964673913,4190.007472826087,4108.735776154891,4153.88671875,65856400
2024-06-06,4171.94724635074,4171.94724635074,4090.6755467465046,4117.76611328125,43632400
2024-06-07,4108.735924436335,4126.796302126165,4090.6755467465046,4117.76611328125,34027900
2024-06-10,4117.765932476442,4117.765932476442,4063.584801785962,4072.614990234375,19932200
2024-06-11,4063.584657866379,4063.584657866379,3928.1318359375,3928.1318359375,71234400
2024-06-12,3928.1319210507454,3982.3130509962725,3873.950791105218,3937.162109375,65665400
2024-06-13,3982.312926972393,4045.524243273542,3973.282738929372,4027.4638671875,55824400
2024-06-14,4045.5246394230767,4090.675584059495,3982.3133169320913,3991.343505859375,57967500
2024-06-19,4018.433837890625,4072.61496828915,3991.343272691362,4018.433837890625,48727600
2024-06-20,4009.4036494908705,4036.4942146901335,3937.162142292837,4018.433837890625,35160300
2024-06-21,4018.4336910800043,4090.675195638746,3982.312938800633,4054.554443359375,98313200
2024-06-24,4045.5244779909704,4063.5848551248587,3982.3131580223617,4000.37353515625,36677200
2024-06-25,4009.4037131569603,4009.4037131569603,3937.1622048117897,3973.282958984375,50385000
2024-06-26,3973.2831280048076,4018.4340726412256,3946.1925612229566,3991.343505859375,38397100
2024-06-27,4000.37353515625,4009.403723723194,3973.2829694554175,4000.37353515625,21784700
2024-06-28,4000.373303058436,4117.765747617713,4000.373303058436,4027.4638671875,127293900
2024-07-01,4054.5548100987558,4171.947265625,4054.5548100987558,4171.947265625,141627300
2024-07-02,4162.9167992463435,4171.946987531043,4072.614916399352,4090.67529296875,72229800
2024-07-03,4108.73552251436,4135.82608639907,4081.64495862965,4126.7958984375,30743200
2024-07-04,4135.8264058207415,4162.916971797734,4108.73583984375,4108.73583984375,44755400
2024-07-05,4126.795983726802,4162.916736319597,4099.705419282205,4135.826171875,53196500
2024-07-08,4153.886571423761,4190.00732421875,4117.765818628772,4190.00732421875,69535000
2024-07-09,4171.94724635074,4171.94724635074,4099.705735591419,4117.76611328125,84784500
2024-07-10,4126.796131823032,4135.826320295292,4081.6451894617294,4099.70556640625,44563900
2024-07-11,4108.735744028028,4153.886686270094,4063.584801785962,4072.614990234375,71140800
2024-07-12,4072.6150009894686,4126.796131823032,4063.5848125172083,4099.70556640625,54299700
2024-07-15,4099.705458263423,4108.735646497483,4027.4639523909395,4036.494140625,53234000
2024-07-16,4045.524543378995,4054.554732091895,3955.2226562499995,3955.22265625,83814800
2024-07-17,3991.3431150154147,4036.494055230521,3973.282738929372,4027.4638671875,49379700
2024-07-18,4036.494247100427,4099.70556640625,4027.4640586281666,4099.70556640625,54184300
2024-07-19,4081.6451046840507,4099.70548125345,4045.524351545254,4090.67529296875,40785800
2024-07-22,4090.6754523083173,4099.70564094476,4045.5245091261063,4081.645263671875,33128600
2024-07-23,4072.61496828915,4090.6753450886586,4018.433837890625,4018.433837890625,46427300
2024-07-24,4036.4941632605546,4117.7658578228475,4027.4639749758553,4090.67529296875,50741700
2024-07-25,4090.675195638746,4090.675195638746,4018.4336910800043,4054.554443359375,40364400
2024-07-26,4063.584916452007,4171.9471808907265,4063.584916452007,4162.9169921875,92236800
2024-07-29,4171.9471808907265,4180.977369593954,4135.8264260778205,4162.9169921875,42232800
2024-07-30,4162.916885712073,4162.916885712073,4081.6451894617294,4099.70556640625,40995800
2024-07-31,4171.947137347723,4271.279212046477,4144.856571520789,4262.2490234375,170406600
2024-08-01,4244.188330284151,4280.30908203125,4208.067578537052,4280.30908203125,50775700
2024-08-02,4253.219069621202,4280.309636943631,4217.098313191298,4235.15869140625,47509800
2024-08-05,4190.00762404057,4199.0378128854845,4081.6453579015897,4117.76611328125,93952300
2024-08-06,4153.8868034842735,4171.9471808907265,4099.705671264914,4162.9169921875,56748800
2024-08-07,4153.886971854752,4180.9775390625,4117.766215577753,4180.9775390625,72464900
2024-08-08,4171.946826789953,4289.339269968025,4153.886450916403,4280.30908203125,116387300
2024-08-09,4298.36962890625,4325.460193794314,4271.279064018186,4298.36962890625,44489500
2024-08-12,4298.36962890625,4316.430005498293,4262.2488757221645,4298.36962890625,34027600
2024-08-13,4334.490382090336,4334.490382090336,4280.309252314207,4298.36962890625,43904800
2024-08-14,4334.490509969325,4451.882961280995,4307.399944282017,4415.76220703125,91874600
2024-08-15,4415.76220703125,4442.852772718558,4370.61126421907,4415.76220703125,46694800
2024-08-16,4424.792102222711,4506.06379389619,4424.792102222711,4488.00341796875,65502100
2024-08-19,4488.003399992226,4560.244903412624,4460.912836209577,4537.66943359375,54296700
2024-08-20,4560.245264862805,4650.547151295732,4537.669793254573,4627.9716796875,94493800
2024-08-21,4650.547216556342,4718.273632331435,4582.82080078125,4582.82080078125,94502800
2024-08-22,4537.669709472656,4560.245180664062,4506.064049804687,4515.09423828125,63177200
2024-08-23,4560.245054955576,4673.122407801011,4560.245054955576,4605.39599609375,52275100
2024-08-26,4627.971890643962,4695.698308555825,4627.971890643962,4650.54736328125,30540900
2024-08-27,4650.54736328125,4673.122835918538,4582.820945369387,4650.54736328125,30475700
2024-08-28,4650.546782688121,4650.546782688121,4515.093963774875,4537.66943359375,64090900
2024-08-29,4560.245328856219,4582.82080078125,4515.094385006158,4582.82080078125,42502100
2024-08-30,4582.820525524663,4627.971466662837,4537.669584386489,4605.39599609375,74429400
2024-09-02,4605.396352914663,4718.273714505709,4605.396352914663,4695.6982421875,84858600
2024-09-03,4718.273566120427,4718.273566120427,4627.9716796875,4627.9716796875,34864300
2024-09-04,4560.2451171875,4605.396058941831,4537.6696463103335,4560.2451171875,45331200
2024-09-05,4582.82080078125,4627.971744631312,4560.245328856219,4582.82080078125,34711100
2024-09-06,4560.2451171875,4627.971529818998,4560.2451171875,4560.2451171875,32014300
2024-09-09,4560.244903412624,4605.395843050373,4515.093963774875,4537.66943359375,55466500
2024-09-10,4582.820373231499,4605.395843050373,4515.093963774875,4537.66943359375,58871700
2024-09-11,4537.66943359375,4560.244903412624,4515.093963774875,4537.66943359375,27381100
2024-09-12,4537.66943359375,4582.820373231499,4537.66943359375,4537.66943359375,24718300
2024-09-13,4537.669856931188,4582.82080078125,4537.669856931188,4582.82080078125,24921900
2024-09-17,4582.82080078125,4605.396272706281,4537.669856931188,4582.82080078125,35574000
2024-09-18,4605.395814732143,4763.4241024925595,4582.820345052083,4740.8486328125,123540100
2024-09-19,4763.42431640625,4763.42431640625,4695.697904324645,4763.42431640625,57254000
2024-09-20,4763.423886531848,4763.423886531848,4695.697480562201,4718.27294921875,47509500
2024-09-23,4740.8484178753,4763.423886531848,4718.27294921875,4718.27294921875,23362800
2024-09-24,4740.848845712381,4763.42431640625,4718.2733750185125,4763.42431640625,43482600
2024-09-25,4785.999355188397,4785.999355188397,4650.546543249103,4718.27294921875,63437200
2024-09-26,4740.8486328125,4763.4241024925595,4673.122223772321,4740.8486328125,56030300
2024-09-27,4763.42429007736,4763.42429007736,4560.245054955576,4605.39599609375,57476200
2024-09-30,4605.396058941831,4605.396058941831,4515.094175433168,4560.2451171875,66737800
2024-10-01,4605.396144701087,4673.12255859375,4582.820673403533,4673.12255859375,39024000
2024-10-02,4650.54736328125,4650.54736328125,4560.245472732099,4650.54736328125,39888600
2024-10-03,4673.122223772321,4740.8486328125,4605.395814732143,4740.8486328125,56763900
2024-10-04,4740.849253830401,4740.849253830401,4605.396418006675,4650.54736328125,35939300
2024-10-07,4650.546937231924,4673.122407801011,4582.820525524663,4605.39599609375,27889100
2024-10-08,4605.395605936005,4718.27294921875,4582.820137279456,4718.27294921875,42347600
2024-10-09,4718.273632331435,4718.273632331435,4582.82080078125,4582.82080078125,33544900
2024-10-10,4605.396208079268,4627.9716796875,4582.820736471036,4627.9716796875,27734400
2024-10-11,4627.971744631312,4650.547216556342,4582.82080078125,4582.82080078125,39320000
2024-10-14,4627.0189488780425,4627.0189488780425,4530.3349708417845,4539.54296875,71369100
2024-10-15,4539.54296875,4576.37496038286,4511.9189750253545,4539.54296875,61263600
2024-10-16,4557.959481516193,4567.16748046875,4511.919486753402,4567.16748046875,80530100
2024-10-17,4557.958984375,4576.374980271465,4539.542988478535,4557.958984375,54164800
2024-10-18,4567.166952489837,4567.166952489837,4530.3349609375,4530.3349609375,39805400
2024-10-21,4557.959127987132,4696.0791015625,4539.543131510417,4696.0791015625,88954300
2024-10-22,4719.098785545024,4857.21875,4696.078791469195,4857.21875,132222000
2024-10-23,4857.218775335347,4880.23876953125,4765.1387985517395,4880.23876953125,64519100
2024-10-24,4880.238744075829,4880.238744075829,4788.158767772512,4857.21875,50777100
2024-10-25,4857.218698601974,4857.218698601974,4788.158717105263,4811.1787109375,27247500
2024-10-28,4834.19873046875,4834.19873046875,4719.098760695685,4834.19873046875,40165900
2024-10-29,4834.199099657012,4834.199099657012,4719.09912109375,4719.09912109375,45247600
2024-10-30,4719.099191518931,4788.1591796875,4650.03920335036,4788.1591796875,33200300
2024-10-31,4880.239066329656,4880.239066329656,4696.0791015625,4696.0791015625,77263000
2024-11-01,4719.099072987223,4765.139063943196,4650.039086553264,4673.05908203125,54219100
2024-11-04,4673.059129668445,4719.09912109375,4585.583145960366,4719.09912109375,52362100
2024-11-05,4719.099168270683,4788.159156099034,4673.059176385114,4765.13916015625,31165800
2024-11-06,4765.139039294554,4765.139039294554,4627.019067141089,4650.0390625,32975900
2024-11-07,4650.039013671875,4673.059008789062,4603.9990234375,4603.9990234375,46053500
2024-11-08,4650.039471041772,4673.059468423166,4557.959481516193,4567.16748046875,32828900
2024-11-11,4567.167002012073,4594.790995975855,4465.87902414487,4576.375,49885000
2024-11-12,4603.998993963783,4603.998993963783,4539.543008048289,4576.375,43239600
2024-11-13,4603.9990477301,4627.01904296875,4557.959057252799,4627.01904296875,24479600
2024-11-14,4627.018968986743,4627.018968986743,4539.542988478535,4557.958984375,38255700
2024-11-15,4548.7509765625,4567.166972419029,4530.334980705971,4548.7509765625,14867600
2024-11-18,4557.95896456643,4576.37496038286,4521.12697293357,4539.54296875,17408700
2024-11-19,4539.543008048289,4576.375,4511.919014084507,4576.375,36816800
2024-11-20,4576.375029296875,4627.019018554687,4557.959033203125,4603.9990234375,18634300
2024-11-21,4594.790915771984,4594.790915771984,4502.7109375,4502.7109375,27662900
2024-11-22,4511.918955257128,4567.166942464358,4475.086963785641,4521.126953125,21241800
2024-11-25,4557.959196671196,4765.13916015625,4548.751198294082,4765.13916015625,84518400
2024-11-26,4742.119140625,4788.159132281553,4696.079148968446,4742.119140625,45059300
2024-11-28,4788.159108231707,4811.17910394436,4719.09912109375,4719.09912109375,30554200
2024-11-29,4719.099097158394,4719.099097158394,4627.019114774816,4696.0791015625,48756800
2024-12-02,4696.078943414726,4742.118933056047,4511.918984849443,4548.7509765625,47373200
2024-12-03,4585.583145960366,4719.09912109375,4576.375147675305,4719.09912109375,46752800
2024-12-04,4696.078741776316,4811.1787109375,4673.058747944079,4811.1787109375,51733400
2024-12-05,4811.1791757436895,4811.1791757436895,4719.099191518931,4788.1591796875,21948400
2024-12-06,4742.119140625,4765.1391364532765,4650.039157311893,4742.119140625,36599600
2024-12-09,4742.11872944079,4811.1787109375,4696.078741776316,4811.1787109375,37208600
2024-12-10,4788.158717105263,4811.1787109375,4742.11872944079,4811.1787109375,41536400
2024-12-11,4765.138748604911,4834.19873046875,4765.138748604911,4834.19873046875,41090000
2024-12-12,4742.119092754289,4811.179079541973,4650.039110370711,4696.0791015625,37254100
2024-12-13,4696.079125381098,4742.119116806402,4650.039133955793,4719.09912109375,27732300
2024-12-16,4673.059129668445,4742.119116806402,4603.999142530488,4719.09912109375,35937800
2024-12-17,4696.078983904367,4742.118973942645,4557.959013789533,4585.5830078125,48682400
2024-12-18,4585.58302734375,4650.039013671875,4567.16703125,4603.9990234375,27412000
2024-12-19,4557.958914334657,4557.958914334657,4475.086934074026,4493.5029296875,39151900
2024-12-20,4493.50291966119,4511.918915233573,4465.878926302617,4484.294921875,44851200
2024-12-23,4511.918994633838,4557.958984375,4484.295000789141,4557.958984375,29678900
2024-12-24,4548.750916527921,4585.582907754867,4493.5029296875,4493.5029296875,22600500
2024-12-27,4502.71097711714,4548.750966658215,4493.502979208924,4539.54296875,14456700
2024-12-30,4539.542938855229,4548.750936702806,4493.5029496173465,4511.9189453125,23926400
2025-01-02,4521.126992582071,4576.374980271465,4511.918994633838,4557.958984375,17924000
2025-01-03,4557.958984375,4576.374980271465,4530.334990530303,4557.958984375,12711800
2025-01-06,4557.9588939525465,4603.99888278035,4475.0869140625,4475.0869140625,18412500
2025-01-07,4475.0869736089935,4530.3349609375,4465.87897572091,4530.3349609375,20452200
2025-01-08,4493.502858627859,4521.126851611227,4429.046875,4429.046875,23739400
2025-01-09,4447.46298966785,4557.95896456643,4447.46298966785,4539.54296875,23802600
2025-01-10,4548.750936702806,4567.166932397959,4475.086953922194,4511.9189453125,31951800
2025-01-13,4521.126788651316,4530.33478618421,4346.174835526316,4373.798828125,46247300
2025-01-14,4392.2148231907895,4465.8788034539475,4373.798828125,4373.798828125,28096700
2025-01-15,4410.631007638537,4548.7509765625,4401.423009710274,4548.7509765625,27497200
2025-01-16,4627.018897885182,4627.018897885182,4493.5029296875,4493.5029296875,30520200
2025-01-17,4475.086993136387,4576.374970347292,4456.670997279858,4548.7509765625,23691900
2025-01-20,4548.7509467286145,4567.166942464358,4511.918955257128,4521.126953125,11873200
2025-01-21,4539.542948860743,4576.37494033223,4511.918955257128,4521.126953125,21762200
2025-01-22,4530.335484658518,4585.5834783738665,4493.503488848287,4567.16748046875,33116700
2025-01-23,4567.166932397959,4585.582928093112,4511.9189453125,4511.9189453125,17049700
2025-01-24,4511.918915233573,4567.166901950718,4484.294921875,4484.294921875,19663900
2025-01-30,4484.2948299392,4484.2948299392,4401.4228515625,4401.4228515625,28147100
2025-01-31,4410.630869547526,4456.6708577473955,4410.630869547526,4419.8388671875,27064100
2025-02-03,4419.838826155462,4419.838826155462,4364.590840828519,4383.0068359375,33116100
2025-02-04,4392.214874267578,4456.6708577473955,4383.0068766276045,4419.8388671875,20631500
2025-02-05,4465.878792935786,4465.878792935786,4355.382822801293,4364.5908203125,20436200
2025-02-06,4364.591125085852,4364.591125085852,4162.015165693681,4189.63916015625,61645400
2025-02-07,4244.88724483367,4300.13523500504,4171.223257938508,4281.71923828125,33223300
2025-02-10,4244.887168567081,4281.719161352913,4162.015184798961,4208.05517578125,40230000
2025-02-11,4226.471210471462,4281.719200150827,4208.055213911673,4244.88720703125,32956400
2025-02-12,4309.34322383486,4309.34322383486,4254.095233785695,4272.51123046875,30762900
2025-02-13,4272.511249329399,4300.135244475926,4217.263259036346,4290.92724609375,21320200
2025-02-14,4290.927264873798,4355.38325383113,4272.511268028846,4309.34326171875,31409000
2025-02-17,4309.342835245253,4401.422810357331,4300.1348377340455,4364.5908203125,30270200
2025-02-18,4364.590881347656,4456.6708577473955,4364.590881347656,4419.8388671875,31828200
2025-02-19,4438.255258892952,4456.67125581782,4244.887291181849,4327.75927734375,47951400
2025-02-20,4327.759295964645,4364.5912899728555,4281.719303454383,4346.17529296875,23653800
2025-02-21,4364.590830592106,4419.838815789474,4235.678865131579,4373.798828125,31937400
2025-02-24,4373.799269655918,4392.215266580784,4290.927283494016,4327.75927734375,22303600
2025-02-25,4336.967140599301,4373.799133300781,4189.63916979338,4198.84716796875,42728600
2025-02-26,4198.847187158843,4235.679180028657,4162.015194289028,4217.26318359375,19351300
2025-02-27,4189.639198452818,4226.47119140625,4125.183210784314,4226.47119140625,37731000
2025-02-28,4281.719121869826,4281.719121869826,4023.895174746482,4171.22314453125,70620000
2025-03-03,4171.22328538161,4346.175255408653,4143.599290114183,4309.34326171875,65345600
2025-03-04,4309.343271088753,4327.759267973747,4226.471285106277,4318.55126953125,40873900
2025-03-05,4327.758988360969,4511.9189453125,4318.550990513392,4511.9189453125,86703900
2025-03-06,4511.9189453125,4567.166932397959,4475.086953922194,4511.9189453125,51276300
2025-03-07,4511.9189750253545,4576.37496038286,4410.63099803499,4539.54296875,59830500
2025-03-10,4511.9188122379455,4511.9188122379455,4373.798848598008,4392.21484375,53139600
2025-03-11,4346.174886067708,4419.8388671875,4327.758890787761,4419.8388671875,35571600
2025-03-12,4383.006886694387,4447.462870322245,4364.590891372141,4429.046875,29264500
2025-03-13,4410.6307974365745,4429.046792415433,4309.342825052854,4355.3828125,41066600
2025-03-14,4355.383196149553,4355.383196149553,4244.887216543222,4254.09521484375,35967600
2025-03-17,4290.92720804586,4300.135206346388,4244.887216543222,4254.09521484375,23856300
2025-03-18,4263.30324155746,4281.71923828125,4106.767269405242,4281.71923828125,66583100
2025-03-19,4281.719275761261,4327.759267973747,4244.887281991271,4318.55126953125,37556400
2025-03-20,4318.551288191679,4373.79927908539,4272.511295780255,4336.96728515625,23310500
2025-03-21,4346.174925748966,4456.6708984375,4263.302946232567,4456.6708984375,57730500
2025-03-24,4401.423255513726,4401.423255513726,4180.43129289379,4318.55126953125,29695400
2025-03-25,4327.759230090725,4327.759230090725,4244.88724483367,4281.71923828125,26320300
2025-03-26,4290.926900227864,4456.6708577473955,4290.926900227864,4419.8388671875,30508200
2025-03-27,4419.838986280488,4530.3349609375,4410.630988392403,4530.3349609375,44551200
2025-04-08,4419.839041573661,4419.839041573661,4097.559111458915,4125.18310546875,94752400
2025-04-09,4125.183238636364,4290.92720804586,4115.975240335836,4254.09521484375,46086300
2025-04-10,4373.79927908539,4456.671265425955,4318.551288191679,4336.96728515625,43115600
2025-04-11,4290.927292744825,4364.591280603105,4254.095298815684,4336.96728515625,31446100
2025-04-14,4364.591008493915,4539.54296875,4336.96701476927,4539.54296875,39843200
2025-04-15,4539.542908592145,4557.958904164528,4419.838937371663,4484.294921875,56488100
2025-04-16,4465.878834744378,4475.086832341789,4318.550873185801,4401.4228515625,44479500
2025-04-17,4392.2148231907895,4392.2148231907895,4336.966837993421,4373.798828125,28099700
2025-04-21,4373.798868900052,4429.046854612474,4364.590871281315,4410.630859375,14313200
2025-04-22,4373.798817823708,4401.422810357331,4346.174825290084,4364.5908203125,29906300
2025-04-23,4392.214894401582,4456.670878176867,4392.214894401582,4438.2548828125,38609800
2025-04-24,4447.462829205974,4456.67082678197,4392.21484375,4392.21484375,42307000
2025-04-25,4410.630929703575,4521.126902890303,4410.630929703575,4475.0869140625,45465200
2025-04-28,4493.502939672801,4539.5429288087935,4484.294941845604,4502.7109375,22380800
2025-04-29,4521.126841227214,4521.126841227214,4419.8388671875,4419.8388671875,46881000
2025-04-30,4419.8388671875,4456.6708577473955,4401.422871907552,4419.8388671875,46038900
2025-05-02,4429.046854612474,4475.086842706159,4383.006866518789,4410.630859375,61301400
2025-05-05,4419.838846757322,4429.046844354733,4392.214853965089,4401.4228515625,30747900
2025-05-06,4401.422820723685,4419.838815789474,4373.798828125,4373.798828125,53222000
2025-05-07,4401.422902109213,4456.670888328157,4392.214904406056,4447.462890625,47790800
2025-05-08,4475.086832341789,4539.542815523667,4401.4228515625,4401.4228515625,92459500
2025-05-09,4410.630849159911,4447.462839549556,4401.4228515625,4401.4228515625,38964000
2025-05-14,4475.086863305613,4493.502858627859,4419.838877338877,4429.046875,92389200
2025-05-15,4438.2548828125,4465.878875859051,4429.046885130316,4438.2548828125,69701600
2025-05-16,4456.670938460554,4493.5029296875,4429.046945040343,4493.5029296875,64271600
2025-05-19,4502.710986921179,4567.166972419029,4493.502988992915,4548.7509765625,97782400
2025-05-20,4567.166891718107,4567.166891718107,4475.0869140625,4475.0869140625,127610600
2025-05-21,4522.276017967077,4610.755331362086,4492.782913502075,4591.09326171875,115335300
2025-05-22,4600.924216218952,4630.417320169074,4551.76904296875,4551.76904296875,52032700
2025-05-23,4689.403258504747,4699.234292589663,4650.079122165084,4659.91015625,42300400
2025-05-26,4689.403237727934,4699.234271769292,4610.754965397066,4650.0791015625,40971400
2025-05-27,4630.417460729721,4650.079530626663,4581.262285987367,4620.58642578125,38680100
2025-05-28,4630.41727408183,4768.0517578125,4581.262101320876,4768.0517578125,188036300
2025-06-02,4699.234375,4718.8964435146445,4650.079203713389,4699.234375,115876200
2025-06-03,4669.741600523604,4679.572635472075,4571.431251038896,4620.58642578125,51574100
2025-06-04,4679.572452040401,4679.572452040401,4532.10693359375,4532.10693359375,55901000
2025-06-05,4561.60003728308,4591.093140972411,4532.10693359375,4532.10693359375,38381400
2025-06-10,4591.09312054178,4591.09312054178,4522.27587890625,4522.27587890625,60469600
2025-06-11,4532.10693359375,4551.769002719971,4502.61382990442,4532.10693359375,50550100
2025-06-12,4532.106831868489,4541.9378662109375,4482.95166015625,4482.95166015625,54629900
2025-06-13,4502.613749230717,4522.27581800465,4482.951680456784,4492.78271484375,38510500
2025-06-16,4492.78279534131,4551.769002719971,4482.9517607782,4532.10693359375,29939400
2025-06-17,4561.600016983696,4561.600016983696,4512.444844386889,4522.27587890625,29978400
2025-06-18,4532.1068931695945,4541.937927645016,4512.44482421875,4512.44482421875,19386900
2025-06-19,4512.444701340025,4522.275735547737,4423.965393470613,4453.45849609375,30832700
2025-06-20,4453.458413444808,4453.458413444808,4404.303243318485,4414.13427734375,50116600
2025-06-23,4394.472576890519,4394.472576890519,4325.655332957111,4355.1484375,28820000
2025-06-24,4394.47265625,4423.965761325503,4355.148516149328,4394.47265625,37523200
2025-06-25,4453.458866401006,4453.458866401006,4345.317481124161,4394.47265625,33217200
2025-06-26,4364.979511938202,4374.810546875,4335.486407127809,4374.810546875,26909800
2025-06-30,4394.4722298177085,4443.627400173611,4374.810161675347,4423.96533203125,41865200
2025-07-01,4414.134686622191,4433.796756495786,4364.979511938202,4374.810546875,27410600
2025-07-02,4374.8102425058505,4473.120585034072,4364.979208253028,4463.28955078125,34231600
2025-07-03,4463.289611682851,4512.444783617683,4453.4585772958835,4492.78271484375,24120100
2025-07-04,4522.275919067911,4571.431092101258,4492.782815247903,4541.93798828125,25298100
2025-07-07,4541.938107221555,4600.92431640625,4512.445002629207,4600.92431640625,20181800
2025-07-08,4591.093241810287,4591.093241810287,4541.938067915102,4581.26220703125,21173700
2025-07-09,4600.924395027807,4640.24853515625,4591.093359995696,4640.24853515625,32577400
2025-07-10,4640.248455862714,4650.079490726829,4600.92431640625,4600.92431640625,21464100
2025-07-11,4640.2485154591295,4640.2485154591295,4600.924375497611,4630.41748046875,19382400
2025-07-14,4630.417460729721,4669.741600523604,4571.431251038896,4620.58642578125,32985800
2025-07-15,4620.58642578125,4620.58642578125,4551.7691811419545,4620.58642578125,25045900
2025-07-16,4620.5860402960525,4728.727415707237,4610.755006167763,4669.7412109375,53394000
2025-07-17,4669.741292487604,4738.558532587422,4650.079223887657,4709.0654296875,37859000
2025-07-18,4728.727415707237,4758.2205180921055,4669.7412109375,4669.7412109375,23680400
2025-07-21,4728.727436482405,4728.727436482405,4640.248128939075,4679.572265625,17018900
2025-07-22,4679.572615438433,4679.572615438433,4600.924336187367,4610.75537109375,47232600
2025-07-23,4659.910570549242,4866.3623046875,4640.248500631313,4866.3623046875,94669900
2025-07-24,4905.686156984839,4989.2499492380875,4895.855122602104,4964.67236328125,72459700
2025-07-25,4915.51708984375,4964.672260742188,4866.361918945313,4915.51708984375,28079000
2025-07-28,4940.094877355239,5013.82763671875,4905.686256318934,5013.82763671875,59414600
2025-07-29,5013.82763671875,5038.405223173254,4940.094877355239,5013.82763671875,36861000
2025-07-30,5013.827736271238,5062.98291015625,4989.250149328732,5062.98291015625,53075600
2025-07-31,5062.982809627758,5087.560396082261,5013.82763671875,5013.82763671875,44048400
2025-08-01,5038.405017089844,5062.982602539062,4876.192953125,4915.51708984375,33392000
2025-08-04,4915.517140858209,4964.672312266791,4856.530935167911,4940.0947265625,21561700
2025-08-05,4964.672312266791,4964.672312266791,4905.686106576492,4940.0947265625,20210600
2025-08-06,4940.094965720663,4940.094965720663,4817.20703125,4817.20703125,24786300
2025-08-07,4836.869219380041,4940.09508686681,4836.869219380041,4876.193359375,25930000
2025-08-08,4866.3622451410065,4905.6863844956815,4836.869140625,4836.869140625,20639400
2025-08-11,4836.869100765306,4846.7001355229595,4787.7139269770405,4817.20703125,21955000
2025-08-12,4817.206727908943,4940.094654641314,4807.375693770353,4905.68603515625,22725500
2025-08-13,5013.827785326087,5161.293308423913,4940.095023777174,5087.560546875,103458500
2025-08-14,5038.405223173254,5062.982809627758,4989.250050264247,5013.82763671875,31796500
2025-08-15,5013.827483675373,5038.405069379664,4940.0947265625,4940.0947265625,16434700
2025-08-19,5185.8706253535065,5480.801656179298,5112.137867647059,5431.646484375,260942000
2025-08-20,5431.646484375,5456.22407027715,5357.913726668552,5431.646484375,74517000
2025-08-21,5431.646684027778,5554.534618055556,5407.069097222223,5529.95703125,76746200
2025-08-22,5554.5342824835525,5677.422209087172,5505.379111842106,5603.689453125,73126900
2025-08-25,5652.8447265625,5677.422312330163,5579.111969259511,5652.8447265625,60737900
2025-08-26,5628.267378472223,5628.267378472223,5382.491510416667,5529.95703125,79136200
2025-08-27,5554.534361683239,5628.267118696733,5407.06884765625,5407.06884765625,33172600
2025-08-28,5431.646585096693,5554.534516886211,5431.646585096693,5480.8017578125,18032900
2025-08-29,5357.91367631392,5529.9567760120735,5333.336090642756,5407.06884765625,62869000
2025-09-01,5112.138188073394,5407.069237385321,5112.138188073394,5357.9140625,67904000
2025-09-02,5407.068796375571,5456.223967251713,5308.758454623287,5382.4912109375,21623300
2025-09-03,5431.646433327414,5554.534361683239,5357.91367631392,5407.06884765625,45471600
2025-09-04,5407.06884765625,5407.06884765625,5308.758504971591,5407.06884765625,26987400
2025-09-08,5505.379536290323,5505.379536290323,5259.6036641345045,5333.33642578125,57081800
2025-09-09,5308.758554864254,5505.379242081448,5259.6033830599545,5431.646484375,49240100
2025-09-10,5431.646381813642,5431.646381813642,5308.758454623287,5382.4912109375,22964700
2025-09-11,5382.491362700592,5505.379293355856,5357.913776569539,5456.22412109375,28151500
2025-09-12,5529.957130196861,5603.68989193282,5505.379542951541,5579.1123046875,30653500
2025-09-15,5579.112204861111,5603.689791666667,5505.379444444445,5529.95703125,26368000
2025-09-16,5554.53466796875,5579.112254995161,5505.37949391593,5554.53466796875,15987900
2025-09-17,5554.5342824835525,5603.689453125,5505.379111842106,5603.689453125,23879700
2025-09-18,5603.689689602018,5628.267275959922,5456.224171454596,5480.8017578125,27261300
2025-09-19,5480.801576572735,5652.844675388919,5480.801576572735,5628.26708984375,52162200
2025-09-22,5628.267038445724,5628.267038445724,5529.956697162829,5603.689453125,35106300
2025-09-23,5579.112263307733,5849.465721001059,5554.534676244703,5800.310546875,41044200
2025-09-24,5849.465721001059,5849.465721001059,5751.155372748941,5800.310546875,61167600
2025-09-25,5800.310293222403,5800.310293222403,5652.844777293019,5677.42236328125,35805100
2025-09-26,5775.73291015625,5898.620844414893,5677.422562749335,5775.73291015625,42677800
2025-09-29,5775.732707234172,5800.310293222403,5652.844777293019,5677.42236328125,20892700
2025-09-30,5652.844777293019,5726.577535257711,5603.689605316558,5677.42236328125,41266900
2025-10-01,5726.577828159416,5751.155415404735,5554.53471744218,5579.1123046875,26508200
2025-10-02,5652.8446237664475,5652.8446237664475,5529.956697162829,5603.689453125,29346300
2025-10-03,5652.844877447693,5751.155223142436,5652.844877447693,5726.57763671875,27951100
2025-10-06,5800.310395989806,5824.887982413492,5702.000050295064,5726.57763671875,21809400
2025-10-07,5824.887826936141,5947.775755774456,5628.267140794837,5652.8447265625,43328700
2025-10-08,5726.577432024427,5775.732603114765,5554.534333208242,5628.26708984375,30080700
2025-10-09,5677.422659958465,5824.88818359375,5652.845072685918,5824.88818359375,27699300
2025-10-10,5824.88813393803,5849.465721001059,5751.155372748941,5800.310546875,27133800
2025-10-13,5751.155172413793,5824.887931034483,5677.422413793103,5702.0,29034500
2025-10-14,5800.0,6025.0,5800.0,5825.0,53096200
2025-10-15,5950.0,5950.0,5750.0,5775.0,96604500
2025-10-16,5850.0,5850.0,5750.0,5750.0,15044500
2025-10-17,5725.0,5800.0,5575.0,5625.0,31793700
2025-10-20,5625.0,5925.0,5625.0,5925.0,29959700
2025-10-21,6000.0,6050.0,5900.0,6000.0,46181700
2025-10-22,6050.0,6300.0,6000.0,6175.0,98615300
2025-10-23,6075.0,6400.0,6075.0,6325.0,60009000
2025-10-24,6375.0,6675.0,6350.0,6575.0,93344500
2025-10-27,6600.0,6725.0,6375.0,6600.0,64262300
2025-10-28,6600.0,6600.0,6275.0,6325.0,37953500
2025-10-29,6250.0,6500.0,6225.0,6475.0,39818900
2025-10-30,6425.0,6450.0,6250.0,6275.0,28976800
2025-10-31,6250.0,6300.0,6125.0,6150.0,64790000
2025-11-03,6150.0,6450.0,6150.0,6350.0,59085000
2025-11-04,6300.0,6375.0,6250.0,6300.0,62249200
2025-11-05,6250.0,6325.0,6175.0,6250.0,43439100
2025-11-06,6300.0,6350.0,6200.0,6325.0,48979900
2025-11-07,6325.0,6450.0,6300.0,6425.0,42960800
2025-11-10,6500.0,6500.0,6400.0,6425.0,45533400
2025-11-11,6550.0,6600.0,6450.0,6525.0,43529600
2025-11-12,6550.0,6575.0,6400.0,6450.0,37083400
2025-11-13,6425.0,6425.0,6350.0,6375.0,21200000
2025-11-14,6375.0,6450.0,6325.0,6400.0,23431700
2025-11-17,6400.0,6500.0,6375.0,6450.0,40681500
2025-11-18,6475.0,6550.0,6400.0,6425.0,27510900
2025-11-19,6425.0,6475.0,6275.0,6400.0,45476700
2025-11-20,6450.0,6500.0,6375.0,6425.0,30547700
2025-11-21,6400.0,6425.0,6325.0,6425.0,43653200
2025-11-24,6500.0,6525.0,6425.0,6475.0,71721700
2025-11-25,6425.0,6475.0,6375.0,6450.0,20954400
2025-11-26,6500.0,6600.0,6425.0,6600.0,29331000
2025-11-27,6600.0,6600.0,6450.0,6575.0,23737100
2025-11-28,6600.0,6600.0,6500.0,6550.0,38378700
2025-12-01,6375.0,6500.0,6325.0,6375.0,38669000
2025-12-02,6575.0,6625.0,6500.0,6625.0,53567600
2025-12-03,6600.0,6650.0,6550.0,6600.0,24386200
2025-12-04,6575.0,6725.0,6550.0,6725.0,38510600
2025-12-05,6725.0,6900.0,6700.0,6700.0,67707300
2025-12-08,6825.0,6825.0,6625.0,6725.0,38776000
2025-12-09,6775.0,6775.0,6450.0,6600.0,38482800
2025-12-10,6700.0,6725.0,6550.0,6625.0,34524000
2025-12-11,6650.0,6675.0,6350.0,6450.0,42116700
2025-12-12,6550.0,6600.0,6425.0,6600.0,28841900
2025-12-15,6725.0,6725.0,6525.0,6600.0,38096700
2025-12-16,6575.0,6600.0,6500.0,6600.0,34723600
2025-12-17,6550.0,6600.0,6500.0,6600.0,32681400
2025-12-18,6600.0,6600.0,6475.0,6500.0,20454400
2025-12-19,6575.0,6575.0,6425.0,6525.0,61201100
2025-12-22,6450.0,6600.0,6450.0,6575.0,30755900
2025-12-23,6500.0,6575.0,6450.0,6500.0,13756700
2025-12-24,6450.0,6675.0,6450.0,6625.0,20273000
2025-12-29,6625.0,6725.0,6600.0,6675.0,20982300
2025-12-30,6675.0,6725.0,6600.0,6700.0,23486000
2026-01-02,6600.0,6800.0,6600.0,6800.0,19569100
2026-01-05,6775.0,6875.0,6675.0,6875.0,30633400
2026-01-06,6875.0,6900.0,6700.0,6900.0,33964700
2026-01-07,6800.0,7075.0,6800.0,7025.0,55249800
2026-01-08,7025.0,7100.0,6975.0,7000.0,30845500
2026-01-09,7000.0,7100.0,6825.0,6875.0,29171000
2026-01-12,6925.0,7000.0,6900.0,7000.0,24915100
2026-01-13,7075.0,7300.0,7025.0,7300.0,65659900
2026-01-14,7200.0,7225.0,7025.0,7125.0,40658400
2026-01-15,7200.0,7200.0,7000.0,7050.0,26410300
2026-01-19,7200.0,7475.0,7175.0,7400.0,51590900
2026-01-20,7350.0,7375.0,7225.0,7275.0,21167100
2026-01-21,6300.0,6800.0,6300.0,6600.0,269454100
2026-01-22,6700.0,6850.0,6625.0,6775.0,70220500
2026-01-23,6800.0,6900.0,6650.0,6825.0,52227800
2026-01-26,6850.0,6875.0,6700.0,6875.0,55468700
2026-01-27,6775.0,6800.0,6225.0,6300.0,145465800
2026-01-28,6200.0,6475.0,5775.0,6175.0,200262500
2026-01-29,6200.0,6475.0,5725.0,6475.0,136295200
2026-01-30,6525.0,6550.0,6300.0,6350.0,101087200
2026-02-02,6350.0,6400.0,6175.0,6275.0,71571500
2026-02-03,6375.0,6600.0,6325.0,6575.0,23701800
