Date,Open,High,Low,Close,Volume
2021-02-04,6103.343744301605,6173.902631518965,6028.374926633161,6046.0146484375,80950500
2021-02-05,6059.2447062262745,6129.803596546231,6046.014914291282,6098.93408203125,51602000
2021-02-08,6218.001444381097,6222.411374483495,6068.063820899567,6103.34326171875,45604000
2021-02-09,6173.902416502507,6200.361998287518,6134.213043824991,6156.2626953125,75574000
2021-02-10,6218.001444381097,6218.001444381097,6085.703541309158,6103.34326171875,44984500
2021-02-11,6160.672994924146,6160.672994924146,6032.785008630087,6068.064453125,36926000
2021-02-15,6023.964463177849,6076.883623908548,5926.946001838235,5997.5048828125,83922000
2021-02-16,6068.064717669308,6125.39381747287,6023.965410128108,6120.98388671875,47221000
2021-02-17,6076.884240545743,6138.623267663043,6041.604796478714,6085.7041015625,66011500
2021-02-18,6041.605165703879,6085.70447348274,5940.1767578125,5940.1767578125,91204000
2021-02-19,5979.865315934066,6041.604338369963,5962.225595238095,6019.5546875,70487500
2021-02-22,6085.703520515003,6120.982961213641,5988.68505859375,5988.68505859375,68913000
2021-02-23,6015.1447573260075,6037.194408195971,5975.455385760073,6019.5546875,58360000
2021-02-24,6019.555549706668,6028.37541131796,5931.35693359375,5931.35693359375,71869000
2021-02-25,5944.5853286959355,5971.044907310309,5891.666171467188,5913.7158203125,78688000
2021-02-26,5913.716046624674,6006.32457531902,5860.796887370762,5918.1259765625,173631500
2021-03-01,6023.964320467751,6213.59130859375,5997.50474072924,6213.59130859375,205539000
2021-03-02,6279.740862214897,6315.020305261048,6173.902533076443,6187.13232421875,81446500
2021-03-03,6231.231929757255,6248.871652134487,6173.90283203125,6173.90283203125,84470000
2021-03-04,6090.11421094622,6173.902893066406,5926.94677734375,5926.94677734375,120802500
2021-03-05,5926.946001838235,6107.753134334789,5926.946001838235,5997.5048828125,111871500
2021-03-08,6129.803586687361,6129.803586687361,5926.94677734375,5926.94677734375,90883000
2021-03-09,5909.306744121404,5922.536535339586,5821.10813600019,5825.51806640625,135582000
2021-03-10,5926.945609619686,5926.945609619686,5838.747014238441,5913.7158203125,50302000
2021-03-12,6063.654209540142,6068.064139874353,5922.53643884539,5966.6357421875,74328000
2021-03-15,6010.734918959231,6015.144849200581,5878.43701171875,5878.43701171875,57416000
2021-03-16,5918.126036261792,5918.126036261792,5838.747296580189,5843.1572265625,70755500
2021-03-17,5865.207176035363,5878.436966657999,5825.517804167454,5829.927734375,71474500
2021-03-18,5838.747014238441,5926.945609619686,5829.927154700316,5913.7158203125,70067500
2021-03-19,5971.045935275286,5971.045935275286,5843.1579499555055,5962.22607421875,125853000
2021-03-22,5856.387769070997,5891.667213462991,5829.928185777001,5838.748046875,67523500
2021-03-23,5926.94661557502,5926.94661557502,5781.418908496168,5790.23876953125,127762500
2021-03-24,5746.1386950001215,5777.008204489762,5662.350026385385,5679.98974609375,152050000
2021-03-25,5644.711047880691,5679.990491929945,5582.972020794496,5618.25146484375,119101500
2021-03-26,5618.251058006138,5684.400010808408,5556.512035390686,5657.9404296875,134467500
2021-03-29,5653.531438095765,5746.139987393745,5609.43212890625,5609.43212890625,113370500
2021-03-30,5618.251130033229,5693.2199441702505,5618.251130033229,5640.30078125,83115500
2021-03-31,5635.890518151649,5640.300448134553,5419.80394898934,5481.54296875,223390500
2021-04-01,5481.543420557229,5530.05265436747,5428.6242564006025,5490.36328125,112286000
2021-04-05,5512.4131922408105,5547.692636671151,5428.62451171875,5428.62451171875,73311500
2021-04-06,5410.984266889066,5441.853777784114,5362.475035482563,5437.44384765625,80215000
2021-04-07,5428.623926171875,5534.462248046875,5410.984205859375,5512.41259765625,107908000
2021-04-08,5544.96719323044,5558.382436439869,5477.890977183298,5486.83447265625,123697500
2021-04-09,5647.817484800277,5652.289232610887,5495.778059239541,5544.96728515625,116961000
2021-04-12,5629.929868643086,5629.929868643086,5419.757744873248,5424.2294921875,110411500
2021-04-13,5410.814644368489,5419.7581396484375,5348.210177408854,5366.09716796875,119211500
2021-04-14,5460.003637133847,5638.87353515625,5419.757910078806,5638.87353515625,135519500
2021-04-15,5638.873875320337,5643.345623040655,5527.0801823124,5616.51513671875,102686500
2021-04-16,5697.007160420817,5697.007160420817,5558.382967349353,5612.0439453125,79293500
2021-04-19,5612.043036501944,5616.514783941388,5571.79730954695,5607.5712890625,47095000
2021-04-20,5544.966810971331,5589.684285253358,5531.551568686723,5576.26904296875,72721000
2021-04-21,5544.966291565288,5567.325026611922,5513.6640625,5513.6640625,68397000
2021-04-22,5544.967081280169,5612.043295973074,5527.080090695394,5558.38232421875,63758000
2021-04-23,5616.514625513498,5719.364813719557,5567.325405067121,5714.89306640625,108498500
2021-04-26,5719.3652650625245,5723.837012728719,5616.5150687400555,5620.98681640625,108742000
2021-04-27,5697.007332223361,5755.140060103191,5683.592087328016,5728.3095703125,132650000
2021-04-28,5723.837519778481,5728.309267840808,5647.817802718923,5652.28955078125,87660000
2021-04-29,5777.497748269306,5777.497748269306,5688.062798605694,5732.7802734375,57355000
2021-04-30,5768.5553049985365,5768.5553049985365,5705.950828820258,5728.3095703125,65829500
2021-05-03,5795.384518045775,5795.384518045775,5674.647340586487,5714.89306640625,42065500
2021-05-04,5679.119438171387,5750.667399597168,5670.1759429931635,5723.8369140625,50123500
2021-05-05,5741.723565175098,5750.667059824903,5723.836575875486,5746.1953125,51685000
2021-05-06,5723.836575875486,5768.554049124514,5723.836575875486,5746.1953125,38115500
2021-05-07,5777.497885131836,5777.497885131836,5710.421671295166,5723.8369140625,48864000
2021-05-10,5723.836643302181,5741.7236328125,5719.364895924601,5741.7236328125,68180500
2021-05-11,5723.837287808642,5795.38525390625,5638.874078067733,5795.38525390625,70680000
2021-05-17,5813.2724609375,5813.2724609375,5701.478759765625,5813.2724609375,129058500
2021-05-18,5723.836561032864,5773.025781479239,5692.534329839715,5714.89306640625,73563000
2021-05-19,5705.949201819838,5723.836189913318,5665.70347860951,5674.64697265625,64912500
2021-05-20,5714.893690916438,5755.139421134159,5679.119708500685,5705.9501953125,64950000
2021-05-21,5768.5544456625885,5768.5544456625885,5598.628035635319,5688.06298828125,92620000
2021-05-24,5683.591718518404,5705.950458559782,5625.45899441082,5656.76123046875,59210000
2021-05-25,5634.402084050453,5759.611019251574,5634.402084050453,5683.59130859375,87470000
2021-05-27,5759.610702003589,5795.384681519139,5607.5712890625,5607.5712890625,537971500
2021-05-28,5661.232286326893,5697.006266019322,5661.232286326893,5670.17578125,102108500
2021-05-31,5688.063272058824,5714.893759191176,5656.761037071078,5701.478515625,101442000
2021-06-02,5813.272451119006,5826.687695236973,5741.724482489849,5781.97021484375,141732500
2021-06-03,5808.800328480114,5902.70703125,5750.667607717804,5902.70703125,133810500
2021-06-04,5920.594296162614,5920.594296162614,5813.272345174772,5884.8203125,62108500
2021-06-07,5866.933025459419,5875.876520925058,5750.6675844061065,5840.1025390625,62576000
2021-06-08,5880.347663084419,5880.347663084419,5750.6669921875,5750.6669921875,64348000
2021-06-09,5688.063116146631,5844.57428679532,5688.063116146631,5840.1025390625,77198000
2021-06-10,5862.461031910876,5920.59375,5804.328313821752,5920.59375,73262500
2021-06-11,5875.876358433153,5884.819853651468,5777.497911031684,5786.44140625,72780500
2021-06-14,5831.158718067472,5831.158718067472,5723.836778471139,5732.7802734375,61478500
2021-06-15,5764.082668204212,5786.44140625,5728.30868733095,5786.44140625,87799000
2021-06-16,5741.724109240407,5755.139352486296,5688.063136256852,5710.421875,48984000
2021-06-17,5714.89339269846,5714.89339269846,5612.043198620162,5661.232421875,68448500
2021-06-18,5634.402490427371,5674.648222501853,5616.515498394268,5656.76123046875,118043000
2021-06-21,5634.402046875,5634.402046875,5553.910589062501,5589.6845703125,60823500
2021-06-22,5589.684326942035,5714.893255865536,5580.740832018928,5670.17578125,65824000
2021-06-23,5629.93008055465,5670.175807897773,5571.79736328125,5571.79736328125,52451000
2021-06-24,5643.345102405395,5643.345102405395,5544.96666163446,5553.91015625,56010000
2021-06-25,5571.797417710016,5598.627902867528,5536.0234375,5536.0234375,68939500
2021-06-28,5455.532351556049,5500.249829847492,5415.28662109375,5415.28662109375,84420500
2021-06-29,5410.814520975497,5446.588501279466,5401.871025899503,5406.3427734375,53704000
2021-06-30,5366.096829616183,5428.701292628371,5366.096829616183,5388.45556640625,65795000
2021-07-01,5419.757797912344,5433.1730399863845,5366.096829616183,5388.45556640625,58153000
2021-07-02,5428.702226082223,5491.306699859119,5401.871737320697,5455.53271484375,67392500
2021-07-05,5455.532090706833,5482.362576398834,5428.701605014832,5464.4755859375,39710500
2021-07-06,5464.475847214338,5464.475847214338,5415.28662109375,5415.28662109375,34279500
2021-07-07,5527.079680415292,5527.079680415292,5392.927260987737,5424.2294921875,35595000
2021-07-08,5366.097938746883,5401.871925005195,5348.210945617727,5379.51318359375,47297000
2021-07-09,5375.040879360466,5383.984375,5357.153888081396,5383.984375,40707500
2021-07-12,5428.701283459532,5527.079725169672,5383.983809954923,5518.13623046875,65981500
2021-07-13,5518.136461887407,5522.608209425403,5379.512288209522,5406.3427734375,65946500
2021-07-14,5383.984295114253,5392.927790621087,5348.210313086915,5357.15380859375,59321000
2021-07-15,5366.097071749796,5468.947265625,5361.625324190004,5468.947265625,49724000
2021-07-16,5518.136557321502,5518.136557321502,5415.286362168832,5464.4755859375,47998500
2021-07-19,5464.475546907525,5464.475546907525,5370.56884765625,5370.56884765625,47119000
2021-07-21,5410.814999090058,5473.41947015391,5375.041015625,5375.041015625,55009500
2021-07-22,5468.947211283383,5504.72119140625,5410.814493583723,5504.72119140625,60792000
2021-07-23,5527.080095924814,5536.023591225662,5388.4559187616505,5397.3994140625,79938000
2021-07-26,5401.871080740008,5419.758071073585,5370.56884765625,5370.56884765625,48171500
2021-07-27,5370.56884765625,5419.758071073585,5366.097100072856,5370.56884765625,53107500
2021-07-28,5370.569188554949,5375.040936422189,5339.266953484271,5348.21044921875,74133000
2021-07-29,5415.286336532492,5442.116822097475,5348.210122620033,5401.87109375,84605000
2021-07-30,5401.871067577471,5455.532038447445,5330.323106417504,5339.2666015625,105685000
2021-08-02,5419.758692389366,5424.230440485398,5281.134501412411,5330.32373046875,119981500
2021-08-03,5388.455889013553,5527.080065411412,5352.681908007654,5495.77783203125,110071500
2021-08-04,5495.777682834201,5500.249430338542,5419.757975260417,5473.4189453125,41112000
2021-08-05,5518.136420355902,5643.345350477431,5491.305935329861,5634.40185546875,93768000
2021-08-06,5688.063273640422,5688.063273640422,5486.834620091822,5509.193359375,67285000
2021-08-09,5486.834563618321,5544.96728515625,5460.0040767546625,5544.96728515625,52858500
2021-08-10,5589.684380425347,5634.40185546875,5468.947197808159,5634.40185546875,60446000
2021-08-12,5473.4189453125,5652.288845486111,5473.4189453125,5634.40185546875,118325500
2021-08-13,5679.119303639332,5755.139010853402,5656.76056622343,5732.7802734375,86929000
2021-08-16,5741.7236328125,5741.7236328125,5638.873443128165,5741.7236328125,69282000
2021-08-18,5831.159067234848,6045.802959280303,5777.498094223485,5902.70703125,186354500
2021-08-19,5902.70703125,5902.70703125,5840.102562736743,5902.70703125,100926000
2021-08-20,5902.70703125,5902.70703125,5822.215571732955,5902.70703125,120163500
2021-08-23,5826.687454061552,5893.763671875,5826.687454061552,5893.763671875,68253000
2021-08-24,5875.876544744318,5902.70703125,5813.272076231061,5902.70703125,59561500
2021-08-25,5902.70703125,5907.1787790009475,5889.291787997159,5902.70703125,80751500
2021-08-26,5866.93310546875,5884.82009664396,5786.441645180306,5866.93310546875,74337000
2021-08-27,5804.328341763873,5840.102322298627,5804.328341763873,5822.21533203125,71572500
2021-08-30,5840.102065284653,5884.819538985148,5831.158570544554,5871.404296875,74564500
2021-08-31,5831.158772662214,5875.876247912691,5826.6870251371665,5857.9892578125,115373500
2021-09-01,5857.989054764851,5902.706528465346,5844.573812654703,5871.404296875,67362500
2021-09-02,5835.630655551176,5880.348131838924,5773.0261887483275,5849.0458984375,53257000
2021-09-03,5866.933049242424,5902.70703125,5826.687319483902,5902.70703125,35764500
2021-09-06,5902.706882723384,5907.178630361811,5857.989406339116,5880.34814453125,36780000
2021-09-07,5898.235203294449,5907.178698674728,5875.87646484375,5875.87646484375,53902000
2021-09-08,5857.989285865926,5898.235013784089,5741.7238496579,5759.61083984375,77888000
2021-09-09,5732.780538759275,5875.87646484375,5732.780538759275,5875.87646484375,110074000
2021-09-10,5808.800440501582,5871.4049102221525,5808.800440501582,5831.1591796875,41483500
2021-09-13,5866.933173627002,5866.933173627002,5835.630938706737,5862.46142578125,29929000
2021-09-14,5893.763306316845,5898.235053893717,5808.800102356284,5853.517578125,51990500
2021-09-15,5853.517770204845,5857.989517928454,5799.856797521531,5808.80029296875,44514000
2021-09-16,5884.8204296875,5884.8204296875,5795.38546875,5813.2724609375,58672500
2021-09-17,5804.328692664398,5844.574423199051,5795.385196990031,5831.1591796875,117540000
2021-09-20,5875.876261300541,5893.763251441486,5822.215290877705,5889.29150390625,73157500
2021-09-21,5822.215604385353,5844.574343265481,5786.441622177147,5804.32861328125,57115500
2021-09-22,5813.272199477975,5884.820165010012,5813.272199477975,5862.46142578125,68722000
2021-09-23,5862.461572710867,5893.763808415653,5853.518076795212,5884.8203125,60998500
2021-09-24,5813.271795807233,5889.29150390625,5813.271795807233,5889.29150390625,60539500
2021-09-27,5889.292060457827,5898.23555637348,5862.461572710867,5884.8203125,55052500
2021-09-28,5849.046171036234,5866.933162384969,5813.272188338765,5831.1591796875,80186000
2021-09-29,5831.159337006079,5884.8203125,5826.687589048252,5884.8203125,74079000
2021-09-30,5902.7078822544645,6260.44775390625,5898.236133858817,6260.44775390625,156848000
2021-10-01,6171.011666743713,6171.011666743713,6001.085258529031,6045.802734375,103954500
2021-10-04,6027.915951082076,6224.6728515625,6027.915951082076,6224.6728515625,74719000
2021-10-05,6179.955091483307,6211.25732421875,6135.237616146958,6211.25732421875,54986500
2021-10-06,6242.560254450295,6421.43017578125,6233.616758383748,6421.43017578125,174312000
2021-10-07,6416.95772309543,6416.95772309543,6331.994519793121,6403.54248046875,107263500
2021-10-08,6439.316647376543,6528.751600812328,6416.957909017597,6519.80810546875,94643500
2021-10-11,6475.0911036569605,6519.8085836545915,6466.1476076574345,6488.50634765625,47201000
2021-10-12,6488.505951428022,6546.638671875,6479.562455974641,6546.638671875,91067000
2021-10-13,6618.186773255814,7378.38390261628,6618.186773255814,6729.98046875,210893300
2021-10-14,6797.056552419355,7065.361416330646,6797.056552419355,6931.208984375,138811900
2021-10-15,6975.926853553921,7043.003073299632,6662.904494740605,6841.7744140625,142378200
2021-10-18,6841.774164244186,6864.132903343024,6685.262990552326,6729.98046875,116644300
2021-10-19,6685.262356770833,6729.979830729167,6573.468671875,6707.62109375,134601200
2021-10-21,6707.621971336571,6752.339451145481,6573.469531909839,6618.18701171875,106120100
2021-10-22,6662.9042514534885,6752.339207848838,6640.545512354652,6729.98046875,96730700
2021-10-25,6618.186773255814,6729.98046875,6618.186773255814,6729.98046875,60329800
2021-10-26,6797.056686046512,6797.056686046512,6707.621729651163,6729.98046875,70103000
2021-10-27,6774.697000183515,6774.697000183515,6640.544584338297,6662.9033203125,57067000
2021-10-28,6573.468898967161,6640.545112221928,6573.468898967161,6595.82763671875,75271900
2021-10-29,6662.903957201087,6685.2626953125,6595.827742866848,6685.2626953125,60639200
2021-11-01,6752.339451145481,6752.339451145481,6618.18701171875,6618.18701171875,38593400
2021-11-02,6595.828171821489,6640.545650952483,6484.0344739940065,6528.751953125,90535400
2021-11-03,6528.751760469812,6618.186716092687,6484.034282658376,6573.46923828125,61621500
2021-11-04,6640.545112221928,6685.262587725106,6595.82763671875,6595.82763671875,61081400
2021-11-05,6685.262056286703,6685.262056286703,6595.827112389891,6662.9033203125,43120400
2021-11-08,6707.62153852104,6797.056492367987,6662.904061597566,6774.69775390625,85441700
2021-11-09,6797.056596091205,6864.1328125,6774.697857288274,6864.1328125,101785800
2021-11-10,6864.133153977737,6864.133153977737,6774.698194316789,6841.7744140625,47503900
2021-11-11,6886.491551302932,6931.209028908795,6797.056596091205,6864.1328125,55790000
2021-11-12,6931.209120639535,6931.209120639535,6729.98046875,6729.98046875,52590100
2021-11-15,6819.414778645833,6819.414778645833,6707.62109375,6707.62109375,67344200
2021-11-16,6618.186480978261,6685.2626953125,6551.110266644022,6685.2626953125,98616900
2021-11-17,6730.130337252474,6797.431640625,6662.82903387995,6797.431640625,61968100
2021-11-18,6662.829276419975,6730.130582242399,6640.3955078125,6640.3955078125,78839600
2021-11-19,6662.82861328125,6685.262379655935,6617.961080531882,6662.82861328125,68203700
2021-11-22,6662.82924037155,6752.564314315949,6640.395471885451,6707.69677734375,66328300
2021-11-23,6640.395471885451,6730.130545829849,6640.395471885451,6707.69677734375,43477500
2021-11-24,6797.431851288148,6797.431851288148,6662.82924037155,6707.69677734375,35181400
2021-11-25,6685.262379655935,6752.563678779988,6662.82861328125,6662.82861328125,40216100
2021-11-26,6640.394410438144,6685.2619402384025,6505.791821037371,6528.2255859375,113288400
2021-11-29,6528.226664775127,6662.829276419975,6438.491590345228,6640.3955078125,87907900
2021-11-30,6573.093115737758,6662.8281753382735,6528.2255859375,6528.2255859375,144923700
2021-12-01,6528.226875200664,6685.263260514769,6528.226875200664,6550.66064453125,76538100
2021-12-02,6617.961051432291,6730.1298828125,6550.659752604167,6730.1298828125,66831000
2021-12-03,6752.5635328389835,6752.5635328389835,6595.52717161017,6617.9609375,63283700
2021-12-06,6685.262904575893,6707.696672712053,6595.52783203125,6595.52783203125,56944100
2021-12-07,6685.262904575893,6707.696672712053,6595.52783203125,6595.52783203125,51258200
2021-12-08,6685.262379655935,6707.696146030619,6640.394846906566,6662.82861328125,74775000
2021-12-09,6640.395368303572,6685.262904575893,6595.52783203125,6595.52783203125,54886400
2021-12-10,6573.093405720339,6617.9609375,6528.225873940678,6617.9609375,91092400
2021-12-13,6617.961952523009,6640.395721853596,6550.66064453125,6550.66064453125,59977100
2021-12-14,6550.66064453125,6617.961952523009,6528.226875200664,6550.66064453125,49763600
2021-12-15,6550.66064453125,6617.961952523009,6528.226875200664,6550.66064453125,52477600
2021-12-16,6617.960645538015,6640.394410438144,6528.2255859375,6528.2255859375,95171400
2021-12-17,6573.093518880209,6730.1298828125,6550.659752604167,6730.1298828125,107096800
2021-12-20,6595.52717161017,6640.39470338983,6573.093405720339,6617.9609375,74753000
2021-12-21,6573.093405720339,6640.39470338983,6573.093405720339,6617.9609375,52386100
2021-12-22,6662.82832331218,6662.82832331218,6573.09326171875,6573.09326171875,33232000
2021-12-23,6573.094413861836,6595.528183192423,6550.66064453125,6550.66064453125,37136400
2021-12-24,6550.66064453125,6595.528183192423,6550.66064453125,6550.66064453125,30802100
2021-12-27,6550.660295758928,6595.52783203125,6550.660295758928,6595.52783203125,20722100
2021-12-28,6617.96160016741,6640.395368303572,6573.09406389509,6595.52783203125,39343800
2021-12-29,6595.528183192423,6617.961952523009,6550.66064453125,6550.66064453125,42079500
2021-12-30,6595.528183192423,6595.528183192423,6550.66064453125,6550.66064453125,49954700
2022-01-03,6573.09326171875,6640.394557913823,6550.6594963203925,6573.09326171875,54287400
2022-01-04,6573.094201990077,6685.26304502745,6573.094201990077,6640.3955078125,70624000
2022-01-05,6685.26220703125,6752.5635044174705,6617.9609096450295,6685.26220703125,76164900
2022-01-06,6730.130545829849,6752.564314315949,6662.82924037155,6707.69677734375,63657100
2022-01-07,6774.997839435254,6909.600445516749,6730.130304074755,6864.73291015625,143433300
2022-01-10,6797.430980481599,6864.732277318051,6774.99721486945,6819.86474609375,45351900
2022-01-11,6864.733534775772,6909.60107421875,6842.299765054282,6909.60107421875,110334600
2022-01-12,6909.60107421875,6909.60107421875,6864.733534775772,6909.60107421875,62606000
2022-01-13,6909.60107421875,6954.468613661729,6864.733534775772,6909.60107421875,50025200
2022-01-14,6909.6005175159235,7044.203125,6864.732981687898,7044.203125,65898700
2022-01-17,7089.070375504032,7089.070375504032,6909.600239415323,6954.4677734375,63902600
2022-01-18,6976.902067004275,6976.902067004275,6774.998148666531,6887.1669921875,71476300
2022-01-19,6864.733223483306,6932.034529595887,6797.4319173707245,6887.1669921875,60389700
2022-01-20,6932.03431942072,6976.90185546875,6842.299247324659,6976.90185546875,59925500
2022-01-21,6976.9011399371075,7133.9375,6909.599842767296,7133.9375,63370500
2022-01-24,7021.769706530449,7044.2034755608975,6976.902168469552,6999.3359375,40278300
2022-01-25,6887.166783372689,6976.90185546875,6842.299247324659,6976.90185546875,106796900
2022-01-26,6909.60107421875,6954.468613661729,6864.733534775772,6909.60107421875,53350200
2022-01-27,6842.299554286859,6999.3359375,6842.299554286859,6999.3359375,71945100
2022-01-28,6999.335623492766,7021.769391516781,6909.600551396705,6976.90185546875,70595000
2022-01-31,6976.901428022541,6976.901428022541,6842.298828125,6842.298828125,68122000
2022-02-02,6976.902168469552,6999.3359375,6887.167092347757,6999.3359375,65308100
2022-02-03,6999.334989381067,7021.768755372674,6909.599925414644,6932.03369140625,35100600
2022-02-04,6954.4674573978555,6999.334989381067,6909.599925414644,6932.03369140625,39324700
2022-02-07,6976.902168469552,6999.3359375,6909.600861378205,6999.3359375,56813200
2022-02-08,6954.4674573978555,7044.20252136428,6932.03369140625,6932.03369140625,61883100
2022-02-09,7044.202437106918,7133.9375,6999.334905660377,7133.9375,108922200
2022-02-10,7133.937909526209,7133.937909526209,6954.4677734375,6954.4677734375,93277000
2022-02-11,6887.1664415060895,7021.76904296875,6864.732674595647,7021.76904296875,71968800
2022-02-14,6954.468613661729,6976.902383383219,6909.60107421875,6909.60107421875,57710700
2022-02-15,6954.468362475198,7066.63720703125,6932.034593563988,7066.63720703125,55617000
2022-02-16,7044.203229085031,7156.3720703125,7021.769460839538,7156.3720703125,77055100
2022-02-17,7044.203264067444,7111.504569138153,6999.335727353639,7089.07080078125,48704600
2022-02-18,7133.938652158912,7133.938652158912,7044.203574773265,7111.5048828125,56813400
2022-02-21,7111.50373427673,7156.371265723271,7089.069968553459,7133.9375,43821700
2022-02-22,7089.07080078125,7133.938337495055,7044.203264067444,7089.07080078125,80095500
2022-02-23,7089.070731026785,7268.540876116072,7066.636962890625,7223.67333984375,99240300
2022-02-24,7290.974006652832,7313.407772827148,7111.5038772583,7178.80517578125,124947700
2022-02-25,7133.938267299107,7335.842180524553,7111.504499162947,7223.67333984375,135899900
2022-03-01,7178.805803571428,7335.842180524553,7178.805803571428,7223.67333984375,136616800
2022-03-02,7380.709752767437,7380.709752767437,7156.3720703125,7156.3720703125,100301000
2022-03-04,7156.372105851958,7201.2396425657635,7089.07080078125,7089.07080078125,132983400
2022-03-07,6999.3361531047085,7044.203692547687,6909.60107421875,6909.60107421875,130990900
2022-03-08,6909.600445516749,7044.203051598243,6864.73291015625,6864.73291015625,119256500
2022-03-09,6909.6005175159235,7133.938196656051,6864.732981687898,7044.203125,132814500
2022-03-10,7111.5048828125,7156.3724215053235,6999.336036080442,7111.5048828125,86484000
2022-03-11,6932.033608490567,7133.9375,6932.033608490567,7133.9375,61053900
2022-03-14,7223.673165997485,7268.540701190016,7133.938095612422,7246.10693359375,78432100
2022-03-15,7313.40869140625,7358.276229390338,7246.107384430119,7313.40869140625,111214500
2022-03-16,7425.577182676734,7425.577182676734,7246.107039288777,7358.27587890625,149761300
2022-03-17,7448.010369873046,7448.010369873046,7178.80517578125,7178.80517578125,132439400
2022-03-18,7178.805874208861,7268.540947636471,7089.07080078125,7089.07080078125,143981700
2022-03-21,6999.335727353639,7133.938337495055,6999.335727353639,7089.07080078125,85485500
2022-03-22,7089.071113466089,7133.938652158912,7066.6373441196765,7111.5048828125,60010900
2022-03-23,7111.504569138153,7133.938337495055,7021.769495710541,7089.07080078125,82208000
2022-03-24,7044.203574773265,7133.938652158912,6999.336036080442,7111.5048828125,95245100
2022-03-25,7089.069968553459,7133.9375,7089.069968553459,7133.9375,85101200
2022-03-28,7129.383075182951,7197.7158203125,7106.605493473102,7197.7158203125,83911500
2022-03-29,7174.9382262017325,7197.715807872214,7129.383062860768,7152.16064453125,62180600
2022-03-30,7197.715569196429,7197.715569196429,7129.382826450893,7174.93798828125,71430600
2022-03-31,7220.492692618534,7288.825431034483,7174.937533674569,7266.0478515625,112691900
2022-04-01,7357.1591473407925,7357.1591473407925,7152.160904845229,7220.49365234375,105575400
2022-04-04,7220.49340202235,7220.49340202235,7129.383075182951,7197.7158203125,57321200
2022-04-05,7197.7158203125,7197.7158203125,7152.160656892801,7197.7158203125,48528300
2022-04-06,7129.382544732863,7152.160124747984,7061.0498046875,7061.0498046875,119263000
2022-04-07,7038.272224672379,7129.382544732863,7015.4946446572585,7061.0498046875,68619400
2022-04-08,7106.605481190287,7174.9382262017325,7083.827899519805,7152.16064453125,69791600
2022-04-11,7129.382289454389,7174.937447853458,7038.27197265625,7038.27197265625,62776200
2022-04-12,7038.272723858174,7106.60546875,7015.495142227564,7106.60546875,73471300
2022-04-13,7106.60546875,7152.160632011219,7061.050305488782,7106.60546875,57622100
2022-04-14,7106.60544338474,7106.60544338474,7015.4951171875,7015.4951171875,93342900
2022-04-18,7015.4951171875,7038.27269873681,6947.162372539569,7015.4951171875,68464700
2022-04-19,7015.49435835041,7015.49435835041,6947.16162109375,6947.16162109375,98632000
2022-04-20,7038.272685929841,7038.272685929841,6947.162359898386,6969.93994140625,124388800
2022-04-21,7106.605739846214,7220.49365234375,7061.050574847201,7220.49365234375,129323400
2022-04-22,7152.160407366072,7220.493150111607,7106.605245535715,7174.93798828125,85956100
2022-04-25,7174.937301635742,7288.8251953125,7129.382144165039,7288.8251953125,91279600
2022-04-26,7220.492741887019,7402.71337890625,7220.492741887019,7402.71337890625,128360900
2022-04-27,7357.158484482184,7471.04638671875,7357.158484482184,7471.04638671875,89463100
2022-04-28,7516.601277043269,7516.601277043269,7357.158219651442,7402.71337890625,133730600
2022-05-09,7174.937149850945,7197.714728104441,6924.3837890625,6924.3837890625,456796600
2022-05-10,6605.498371314368,6924.384499584718,6605.498371314368,6856.0517578125,268445700
2022-05-11,6856.052033866932,7015.495104421977,6787.719289343341,6969.93994140625,156535200
2022-05-12,6856.051177244416,6878.828755906357,6628.275390625,6628.275390625,240529600
2022-05-13,6605.497830231442,6810.496038755866,6605.497830231442,6673.83056640625,212968600
2022-05-17,6628.276156038851,6810.496806376689,6628.276156038851,6742.1640625,159657600
2022-05-18,6833.273708230198,6901.6064453125,6719.385813093028,6901.6064453125,153514300
2022-05-19,6742.163590604027,6810.496329697987,6719.386010906041,6787.71875,140908900
2022-05-20,6764.941643792229,6810.496806376689,6742.1640625,6742.1640625,86520200
2022-05-23,6787.718478548729,6810.496057335806,6696.608163400424,6719.3857421875,71603500
2022-05-24,6673.831305471407,6810.496792955463,6673.831305471407,6696.60888671875,108710800
2022-05-25,6742.163320974577,6787.718478548729,6696.608163400424,6719.3857421875,76747400
2022-05-27,6856.051287257633,6901.6064453125,6810.496129202765,6901.6064453125,84336900
2022-05-30,6901.6064453125,6924.3840243399345,6810.496129202765,6901.6064453125,105411400
2022-05-31,6924.384324596775,7061.0498046875,6856.051584551412,7061.0498046875,286292700
2022-06-02,6947.161603367368,6992.716761422236,6856.051287257633,6901.6064453125,149226300
2022-06-03,6924.3837890625,6992.7165238229845,6901.606210809005,6924.3837890625,80563100
2022-06-06,6878.829068791946,6901.606648489933,6764.941170302013,6787.71875,81140300
2022-06-07,6651.053005826271,6810.496057335806,6651.053005826271,6719.3857421875,129242500
2022-06-08,6833.273476048519,6924.3837890625,6764.940741288035,6924.3837890625,108910500
2022-06-09,6833.2734375,6901.606171875,6833.2734375,6833.2734375,107828300
2022-06-10,6742.164049213436,6787.719211708121,6696.60888671875,6696.60888671875,111768600
2022-06-13,6651.053724224064,6742.164049213436,6628.276142976722,6696.60888671875,85539500
2022-06-14,6651.053737331081,6742.1640625,6605.498574746622,6742.1640625,80865100
2022-06-15,6651.052987681314,6719.385723856122,6651.052987681314,6673.83056640625,130367100
2022-06-16,6742.163392120462,6924.3840243399345,6719.385813093028,6901.6064453125,132666300
2022-06-17,6764.940703125,6878.82859375,6764.940703125,6833.2734375,117839400
2022-06-20,6924.384042008197,6969.939200179303,6833.273725665984,6947.16162109375,88138700
2022-06-21,6924.384778390523,6969.93994140625,6878.829615374796,6969.93994140625,44295700
2022-06-22,6947.161328125,6969.93890625,6833.2734375,6833.2734375,53041800
2022-06-23,6787.719016040282,6901.606918993978,6787.719016040282,6856.0517578125,60443000
2022-06-24,6924.384484740803,6924.384484740803,6810.49658203125,6810.49658203125,57956600
2022-06-27,6810.496792955463,6833.274374202806,6696.60888671875,6696.60888671875,76354100
2022-06-28,6651.0537109375,6742.164035744863,6651.0537109375,6651.0537109375,146078100
2022-06-29,6673.830547948883,6742.163283934708,6628.275390625,6628.275390625,98517800
2022-06-30,6651.0536974676725,6742.164022090517,6605.49853515625,6605.49853515625,101343900
2022-07-01,6651.0536974676725,6673.831278623384,6605.49853515625,6605.49853515625,68738800
2022-07-04,6605.497977615249,6628.275556848404,6377.722185283688,6423.27734375,102238600
2022-07-05,6468.833048221983,6673.831278623384,6468.833048221983,6605.49853515625,69172900
2022-07-06,6651.0537109375,6673.831292139341,6537.165804928297,6651.0537109375,66801100
2022-07-07,6582.720416001871,6605.497995295995,6468.83251953125,6468.83251953125,86126800
2022-07-08,6491.61011595826,6537.16527466674,6446.054957249781,6514.3876953125,64312400
2022-07-11,6559.9430921052635,6559.9430921052635,6491.6103515625,6491.6103515625,36830800
2022-07-12,6537.166015625,6605.498761432927,6514.388433689024,6537.166015625,34269000
2022-07-13,6468.832979910714,6491.610560825893,6377.72265625,6377.72265625,71988200
2022-07-14,6400.49951171875,6468.832246719306,6377.721933385232,6400.49951171875,83316300
2022-07-15,6468.832979910714,6468.832979910714,6377.72265625,6377.72265625,57419900
2022-07-18,6400.499798541303,6514.3876953125,6400.499798541303,6514.3876953125,60077700
2022-07-19,6468.833269817073,6537.166015625,6468.833269817073,6537.166015625,59641000
2022-07-20,6559.943412162162,6742.1640625,6537.1658308699325,6742.1640625,105792900
2022-07-21,6742.1640625,6742.1640625,6605.498574746622,6742.1640625,64337100
2022-07-22,6742.163302581058,6742.163302581058,6651.052987681314,6673.83056640625,38956500
2022-07-25,6696.608873341182,6719.386454543022,6651.0537109375,6651.0537109375,31247600
2022-07-26,6605.498548533819,6719.386454543022,6605.498548533819,6651.0537109375,44379900
2022-07-27,6673.83056640625,6696.608145131186,6628.275408956378,6673.83056640625,58465500
2022-07-28,6719.386467966093,6787.719211708121,6673.831305471407,6696.60888671875,86909700
2022-07-29,6742.164049213436,6810.496792955463,6696.60888671875,6696.60888671875,131553000
2022-08-01,6696.6079687500005,6833.2734375,6696.6079687500005,6833.2734375,104841600
2022-08-02,6924.3837890625,6947.1613673159945,6833.273476048519,6924.3837890625,106466900
2022-08-03,6947.16162109375,6947.16162109375,6901.606462922644,6947.16162109375,60170600
2022-08-04,6992.717560596955,7106.60546875,6969.939978966347,7106.60546875,164221000
2022-08-05,7129.382826450893,7174.93798828125,7038.272502790179,7174.93798828125,118734200
2022-08-08,7174.93798828125,7220.493150111607,7061.050083705357,7174.93798828125,84328900
2022-08-09,7174.938238602651,7266.048565442049,7174.938238602651,7197.7158203125,92875800
2022-08-10,7106.605493473102,7197.7158203125,7038.272748343552,7197.7158203125,104376300
2022-08-11,7152.159704820165,7243.27001953125,7129.382126142394,7243.27001953125,73204700
2022-08-12,7220.49365234375,7266.048817342765,7152.160904845229,7220.49365234375,59381200
2022-08-15,7243.27001953125,7266.047598209021,7197.714862175708,7243.27001953125,81411000
2022-08-16,7243.270272090517,7266.0478515625,7152.159954202586,7266.0478515625,83556700
2022-08-18,7197.714880371093,7311.602774047851,7174.937301635742,7288.8251953125,86136900
2022-08-19,7334.381310571598,7334.381310571598,7197.7158203125,7197.7158203125,58194900
2022-08-22,7152.15972290039,7288.8251953125,7129.382144165039,7288.8251953125,97293300
2022-08-23,7288.826147151899,7288.826147151899,7197.7158203125,7197.7158203125,71671800
2022-08-24,7243.27001953125,7311.602755564563,7197.714862175708,7243.27001953125,108892400
2022-08-25,7288.8254643962855,7379.935782701239,7197.715146091332,7357.158203125,99503500
2022-08-26,7311.602774047851,7402.713088989258,7288.8251953125,7288.8251953125,80472400
2022-08-29,7288.826207822086,7425.49169921875,7243.271044023198,7425.49169921875,57762100
2022-08-30,7379.935331852064,7539.378379145165,7357.157753667336,7448.26806640625,124467000
2022-08-31,7357.158484482184,7493.823967166063,7334.380904034871,7471.04638671875,137659900
2022-09-01,7425.49169921875,7516.602026816527,7402.714117319306,7425.49169921875,74960800
2022-09-02,7425.490507456307,7493.8232421875,7425.490507456307,7493.8232421875,71430600
2022-09-05,7493.823746695619,7562.15648602719,7471.046166918429,7539.37890625,62906000
2022-09-06,7562.15648602719,7607.711645581571,7516.60132647281,7539.37890625,67079900
2022-09-07,7516.601358442164,7630.4892578125,7516.601358442164,7630.4892578125,117931700
2022-09-08,7653.2656016092815,7744.375906390344,7607.71044921875,7607.71044921875,132777400
2022-09-09,7744.377157182836,7744.377157182836,7539.378938316231,7630.4892578125,91234600
2022-09-12,7584.934098064366,7676.044417560634,7584.934098064366,7630.4892578125,52395300
2022-09-13,7630.489305065525,7812.709945186492,7630.489305065525,7767.15478515625,124485200
2022-09-14,7630.489056755515,7881.042428768382,7630.489056755515,7744.376953125,116642400
2022-09-15,7744.376562500001,8086.040234375,7744.376562500001,7972.15234375,190404800
2022-09-16,7926.598575027737,7949.376157139885,7698.82275390625,7698.82275390625,363127600
2022-09-19,7721.600381310965,7972.15378601427,7698.822799065209,7881.04345703125,102530600
2022-09-20,7789.93212890625,7881.042446203399,7789.93212890625,7789.93212890625,89238400
2022-09-21,7767.155751636246,7835.488500184366,7676.045420238754,7721.6005859375,90933700
2022-09-22,7630.490254540007,7767.155751636246,7630.490254540007,7721.6005859375,61908500
2022-09-23,7630.4892578125,7721.599577308769,7630.4892578125,7630.4892578125,60567600
2022-09-26,7471.046214298962,7744.37717335868,7471.046214298962,7676.04443359375,106228200
2022-09-27,7630.488494505365,7698.82122729198,7562.15576171875,7562.15576171875,89567100
2022-09-28,7516.601826435811,7676.044895481418,7516.601826435811,7584.9345703125,89153400
2022-09-29,7584.934098064366,7698.821997434701,7584.934098064366,7630.4892578125,62643700
2022-09-30,7630.4890736362395,7812.709708230537,7539.37875633909,7789.93212890625,176524800
2022-10-03,7698.821794577206,7767.154532398897,7698.821794577206,7744.376953125,115079600
2022-10-04,7767.154549581963,7858.264866879112,7767.154549581963,7789.93212890625,80524500
2022-10-05,7767.155500242697,7789.933082354845,7676.045171794101,7698.82275390625,63788000
2022-10-06,7721.599593437037,7744.37717335868,7676.04443359375,7676.04443359375,43967400
2022-10-07,7584.934288955316,7630.4894498499425,7471.04638671875,7471.04638671875,112043400
2022-10-10,7425.49029614552,7630.488494505365,7402.712718549981,7562.15576171875,80238200
2022-10-11,7471.046401515152,7562.156723484849,7425.491240530303,7516.6015625,64060000
2022-10-12,7471.046663851351,7584.9345703125,7448.269082559122,7584.9345703125,47569700
2022-10-13,7539.37890625,7630.489225358761,7539.37890625,7539.37890625,62282800
2022-10-14,7562.156723484849,7607.711884469697,7516.6015625,7516.6015625,70642900
2022-10-17,7516.6015625,7562.156723484849,7448.268821022728,7516.6015625,56387500
2022-10-18,7539.378184123211,7721.598804887519,7516.600606527673,7562.15576171875,85665300
2022-10-19,7516.60132647281,7607.711645581571,7493.823746695619,7539.37890625,66753500
2022-10-20,7516.601160386029,7744.376953125,7516.601160386029,7744.376953125,91812300
2022-10-21,7698.822799065209,7949.376203768515,7698.822799065209,7881.04345703125,122777800
2022-10-24,7972.1538415115865,8108.8193359375,7949.376259107268,8108.8193359375,89416500
2022-10-25,8040.485058313128,8086.04021445088,7926.59716796875,7926.59716796875,84696300
2022-10-26,7858.264866879112,7881.042446203399,7789.93212890625,7789.93212890625,98962100
2022-10-27,7789.9316995554955,7926.59716796875,7789.9316995554955,7926.59716796875,77003400
2022-10-28,7881.04203125,7972.15234375,7881.04203125,7972.15234375,84980600
2022-10-31,8063.262184836648,8063.262184836648,7994.9294544566765,8017.70703125,138922800
2022-11-01,8199.927645596592,8199.927645596592,7949.3743008700285,8017.70703125,118118400
2022-11-02,8017.7075,8040.485078125,7949.374765625,7972.15234375,68323600
2022-11-03,7926.596724076705,8040.484608043324,7926.596724076705,8017.70703125,81856300
2022-11-04,7994.9306640625,8017.7082443019945,7903.820343104523,7994.9306640625,84458300
2022-11-07,7949.37480413577,8063.262695312501,7903.819647665078,8063.2626953125,94794000
2022-11-08,8063.26265625,8086.040234375,7949.374765625,7972.15234375,42525500
2022-11-09,7903.819895741638,8086.04052734375,7903.819895741638,8086.04052734375,96599500
2022-11-10,7949.3743008700285,8017.70703125,7949.3743008700285,8017.70703125,89463000
2022-11-11,8108.817851783193,8131.5954300185385,8040.485117077154,8063.2626953125,59597900
2022-11-14,8086.040234375,8108.8178125,7972.15234375,7972.15234375,49208200
2022-11-15,7994.9294544566765,8063.262184836648,7972.151877663353,8017.70703125,59092900
2022-11-16,7858.264884061591,7903.820042809774,7789.932145939317,7835.4873046875,143424800
2022-11-17,7858.265167498657,8040.485809063844,7835.487587303009,7949.37548828125,72679800
2022-11-18,7949.375518712376,8108.81858069228,7949.375518712376,8040.48583984375,83556900
2022-11-21,8086.04096945514,8108.818549650788,7949.37548828125,7949.37548828125,35901000
2022-11-22,8108.8193359375,8154.3745007461375,8063.264171128862,8108.8193359375,84684200
2022-11-23,8108.818106294014,8177.1508431448065,8086.04052734375,8086.04052734375,84642100
2022-11-24,8177.152105034722,8199.9296875,8154.374522569444,8199.9296875,53520800
2022-11-25,8199.928457956128,8199.928457956128,8108.818141756616,8177.15087890625,75048300
2022-11-28,8245.484613054015,8291.03977666205,8177.151867641966,8222.70703125,96209700
2022-11-29,8177.15087890625,8268.261195105762,8131.595720806494,8177.15087890625,91562100
2022-11-30,8086.0399734333,8564.369098622312,8063.262396043347,8473.2587890625,644359600
2022-12-01,8450.483094618055,8518.815842013888,8199.9296875,8199.9296875,155775400
2022-12-02,8140.4755859375,8209.075099302141,8140.4755859375,8140.4755859375,130982100
2022-12-05,8049.010060541311,8140.476083956553,8026.1435546875,8026.1435546875,114656300
2022-12-06,7980.411238348794,8003.2777461950645,7843.212191271164,7934.67822265625,180553800
2022-12-07,7774.611917529586,7843.211434448965,7728.87890625,7728.87890625,229308700
2022-12-08,7660.27880859375,7843.210839843749,7637.412304687499,7774.611328125,172590100
2022-12-09,7774.6119089376825,7866.077931395773,7728.878897708637,7843.21142578125,90851300
2022-12-12,7797.478884642152,7957.54443359375,7751.745870655981,7957.54443359375,102851800
2022-12-13,7888.944912614494,7957.54443359375,7820.345391635237,7957.54443359375,104580200
2022-12-14,7866.0783174818835,7957.544344429348,7797.478797271286,7888.94482421875,118164300
2022-12-15,7843.210839843749,7866.077343749999,7774.611328125,7774.611328125,113255700
2022-12-16,7706.012581758721,7911.811137354652,7683.146075581396,7866.078125,181516700
2022-12-19,7911.8115234375,7957.544538023843,7866.078508851156,7911.8115234375,67482900
2022-12-20,7820.344920166727,7911.8109426248175,7820.344920166727,7843.21142578125,41243700
2022-12-21,7866.0786991174355,7957.544730502522,7843.212191271164,7934.67822265625,33617700
2022-12-22,7911.8109426248175,7934.67744823934,7843.21142578125,7843.21142578125,59591500
2022-12-23,7797.47783203125,7843.210839843749,7774.611328125,7774.611328125,47393000
2022-12-26,7774.6119089376825,7888.944437010296,7774.6119089376825,7843.21142578125,20495900
2022-12-27,7866.078125,7911.811137354652,7843.211618822675,7866.078125,27193800
2022-12-28,7911.8115234375,7911.8115234375,7820.345494264811,7911.8115234375,40420200
2022-12-29,7797.478414552204,7866.077931395773,7774.6119089376825,7843.21142578125,47020900
2022-12-30,7843.211231610928,7911.810746756213,7820.3447265625,7820.3447265625,44681400
2023-01-02,7843.211231610928,7866.077736659357,7774.611716465643,7820.3447265625,10653900
2023-01-03,7820.3447265625,7866.077736659357,7797.478221514071,7820.3447265625,27399100
2023-01-04,7797.478629654754,7843.2116421453975,7637.4130859375,7637.4130859375,90918800
2023-01-05,7637.412304687499,7660.27880859375,7454.4802734375,7545.9462890625,128838500
2023-01-06,7408.74764683735,7614.546192582831,7408.74764683735,7591.6796875,69286600
2023-01-09,7614.546378051035,7728.87890625,7614.546378051035,7728.87890625,86916900
2023-01-10,7683.146215596331,7706.012722190368,7454.481149655963,7477.34765625,101759100
2023-01-11,7363.0152253605775,7454.481253004808,7317.2822115384615,7431.61474609375,96069100
2023-01-12,7454.481149655963,7568.813682626147,7431.6146430619265,7477.34765625,103804600
2023-01-13,7454.48116326184,7477.347669897613,7340.148630082977,7363.01513671875,119748200
2023-01-16,7363.015415308665,7500.214460314417,7363.015415308665,7454.4814453125,105710700
2023-01-17,7477.347352723818,7660.279398050395,7454.480847057996,7614.54638671875,88695900
2023-01-18,7500.213667168675,7614.546192582831,7477.347162085844,7591.6796875,96814600
2023-01-19,7637.412892384573,7637.412892384573,7545.946869721284,7614.54638671875,66391800
2023-01-20,7568.813182417169,7614.546192582831,7545.946677334337,7591.6796875,96859500
2023-01-24,7591.68008524886,7637.4130978106,7523.08056640625,7523.08056640625,42474500
2023-01-25,7591.679889958079,7591.679889958079,7500.2138671875,7500.2138671875,66124500
2023-01-26,7523.080069482854,7751.7451171875,7523.080069482854,7751.7451171875,77582300
2023-01-27,7957.54443359375,8094.743475552264,7820.345391635237,7957.54443359375,196804700
2023-01-30,7980.410940586836,8026.143954573006,7843.211898628323,7957.54443359375,68544300
2023-01-31,7888.944145810287,7934.677155351217,7751.7451171875,7751.7451171875,200589000
2023-02-01,7843.210839843749,7843.210839843749,7728.878320312499,7774.611328125,77396200
2023-02-02,7706.012400610207,7797.478423169379,7683.145894970415,7728.87890625,99109500
2023-02-03,7820.345391635237,7957.54443359375,7774.612377649067,7957.54443359375,71716700
2023-02-06,8003.277150676038,8003.277150676038,7911.8111260968835,7980.41064453125,117757700
2023-02-07,8026.14412986626,8094.74365234375,8003.277622373764,8094.74365234375,116014700
2023-02-08,8071.875976562499,8094.742480745396,8049.009472379603,8071.8759765625,54495500
2023-02-09,8071.876072572858,8140.4755859375,8049.009568117977,8140.4755859375,72381700
2023-02-10,8117.608984928293,8140.47548911119,7957.543455648017,8071.8759765625,62060900
2023-02-13,8117.60986328125,8140.47636993838,8026.143836652729,8117.60986328125,63775000
2023-02-14,8094.742962203212,8186.208984375,8071.876456660265,8186.208984375,81678200
2023-02-15,8117.60986328125,8140.47636993838,8003.277329995598,8117.60986328125,38037000
2023-02-16,8071.876968559178,8094.743475552264,7957.54443359375,7957.54443359375,66040400
2023-02-17,8026.143656820827,8094.743175255193,7980.41064453125,7980.41064453125,43588900
2023-02-20,7980.409863281249,8071.875878906249,7957.543359374999,8003.2763671875,40077000
2023-02-21,8026.143954573006,8049.010461566092,7957.54443359375,7957.54443359375,25390500
2023-02-22,7957.544730502522,8003.2777461950645,7888.945206963706,7934.67822265625,38671900
2023-02-23,7888.944619952095,8003.277150676038,7888.944619952095,7980.41064453125,53412300
2023-02-24,8026.144254041336,8094.743777580151,7934.67822265625,7934.67822265625,44123400
2023-02-27,7934.677531272258,8026.1435546875,7911.811025418448,8026.1435546875,59983900
2023-02-28,8026.14287109375,8026.14287109375,7934.67685546875,8003.2763671875,106349400
2023-03-01,7980.410655886628,8003.277162063954,7866.078125,7866.078125,67034700
2023-03-02,7866.0783174818835,7957.544344429348,7866.0783174818835,7888.94482421875,56672000
2023-03-03,7911.810650580752,7934.677155351217,7751.7451171875,7751.7451171875,95376900
2023-03-06,7820.344534737724,7820.344534737724,7683.1455078125,7683.1455078125,92652000
2023-03-07,7637.413175769659,7751.745708341061,7637.413175769659,7706.0126953125,106115600
2023-03-08,7683.145886479592,7843.21142578125,7683.145886479592,7843.21142578125,79350900
2023-03-09,7911.8109426248175,7911.8109426248175,7820.344920166727,7843.21142578125,54201400
2023-03-10,7774.611917529586,7820.3449288091715,7728.87890625,7728.87890625,59580100
2023-03-13,7728.878706368786,7888.944241707785,7728.878706368786,7820.3447265625,82077700
2023-03-14,7706.012409382039,7751.7454207136825,7614.54638671875,7614.54638671875,90495300
2023-03-15,7728.878915047861,7751.7454207136825,7614.54638671875,7614.54638671875,86747400
2023-03-16,7591.6796875,7637.412697665663,7545.946677334337,7591.6796875,105894000
2023-03-17,7660.27880859375,7728.878320312499,7614.545800781249,7660.27880859375,198558600
2023-03-20,7683.1455078125,7751.745021275112,7660.279003324963,7683.1455078125,37277900
2023-03-21,7683.1453125,7774.611328125,7660.27880859375,7774.611328125,91617400
2023-03-24,7957.543455648017,8071.875976562499,7888.943943099327,8071.8759765625,145603600
2023-03-27,8071.876968559178,8071.876968559178,7957.54443359375,7957.54443359375,110692800
2023-03-28,8049.010761887608,8049.010761887608,7934.67822265625,7934.67822265625,98296600
2023-03-29,8093.277673894709,8209.8955078125,8046.630540327593,8209.8955078125,101068200
2023-03-30,8303.190432453966,8303.190432453966,8209.896157932011,8233.2197265625,118912100
2023-03-31,8233.218744419642,8256.542310267858,8139.924481026786,8163.248046875,97146900
2023-04-03,8233.219074596058,8233.219074596058,8163.248374245383,8209.8955078125,60288900
2023-04-04,8233.218909978188,8233.218909978188,8069.953945757657,8186.57177734375,60975800
2023-04-05,8186.571938238718,8209.895505014327,8139.9248046875,8139.9248046875,36922100
2023-04-06,8116.600915178572,8186.5716127232145,8116.600915178572,8163.248046875,45489400
2023-04-10,8139.924807461825,8209.8955078125,8116.6012406782675,8209.8955078125,32996000
2023-04-11,8233.2197265625,8233.2197265625,8163.2490206710345,8233.2197265625,44554300
2023-04-12,8303.189453125,8303.189453125,8233.218755486307,8303.189453125,91903600
2023-04-13,8349.836260285365,8349.836260285365,8279.865565366772,8326.5126953125,51726500
2023-04-14,8396.4833984375,8396.4833984375,8349.83626844618,8396.4833984375,110354200
2023-04-17,8419.8076171875,8443.131183994114,8303.189783154432,8419.8076171875,83946900
2023-04-18,8443.130864726028,8559.748694349315,8419.80729880137,8513.1015625,91178700
2023-04-26,8513.101567807405,8583.072265625,8396.483738111414,8583.072265625,186928200
2023-04-27,8489.777674607241,8559.74836972763,8466.45410956711,8536.4248046875,54842400
2023-04-28,8489.77700923688,8513.100572449068,8443.1298828125,8443.1298828125,145775300
2023-05-02,8489.77700923688,8489.77700923688,8303.188503539364,8443.1298828125,83645900
2023-05-03,8443.130520176821,8443.130520176821,8279.865565366772,8326.5126953125,83728800
2023-05-04,8326.512703450522,8419.80696343316,8279.865573459201,8396.4833984375,67565000
2023-05-05,8396.4833984375,8443.13052842882,8349.83626844618,8396.4833984375,64815100
2023-05-08,8396.4833984375,8466.45409342448,8349.83626844618,8396.4833984375,84754500
2023-05-09,8349.836260285365,8373.159825258228,8303.189130339637,8326.5126953125,40929600
2023-05-10,8326.5126953125,8349.836260285365,8303.189130339637,8326.5126953125,45322600
2023-05-11,8303.190432453966,8303.190432453966,8209.896157932011,8233.2197265625,81993900
2023-05-12,8163.248374245383,8279.866208163176,8139.924807461825,8209.8955078125,96525600
2023-05-15,8279.866042612624,8279.866042612624,8139.924644709313,8186.57177734375,64830300
2023-05-16,8209.895339439656,8233.218905744881,8116.60107421875,8116.60107421875,49497000
2023-05-17,8186.57177734375,8256.542476295406,8163.248211026531,8186.57177734375,69996100
2023-05-19,8303.189138454862,8396.4833984375,8233.218443467882,8396.4833984375,123592500
2023-05-22,8396.4833984375,8466.45409342448,8326.512703450522,8396.4833984375,91000000
2023-05-23,8443.130864726028,8536.425128424658,8419.80729880137,8513.1015625,102980500
2023-05-24,8583.072584833795,8583.072584833795,8419.8076171875,8419.8076171875,77392900
2023-05-25,8489.77700923688,8536.424135661257,8443.1298828125,8443.1298828125,76325700
2023-05-26,8559.74836972763,8583.07193476776,8489.777674607241,8536.4248046875,55675900
2023-05-29,8629.71906484802,8629.71906484802,8466.45410956711,8536.4248046875,79148200
2023-05-30,8583.072592905406,8699.690427048143,8536.425459248312,8629.7197265625,97189500
2023-05-31,8676.365514934392,8699.68907814658,8443.1298828125,8443.1298828125,722827900
2023-06-05,8536.425133746603,8699.690095320992,8489.778001868206,8583.072265625,163535600
2023-06-06,8443.13054452698,8583.07193476776,8443.13054452698,8536.4248046875,74872200
2023-06-07,8513.101887126546,8559.749020754636,8466.454753498454,8489.7783203125,87492200
2023-06-08,8466.454430650685,8513.1015625,8466.454430650685,8513.1015625,53188400
2023-06-09,8559.749020754636,8559.749020754636,8489.7783203125,8489.7783203125,44632400
2023-06-12,8536.4248046875,8536.4248046875,8489.777674607241,8536.4248046875,38082300
2023-06-13,8559.74836972763,8559.74836972763,8489.777674607241,8536.4248046875,45552600
2023-06-14,8489.778645833334,8513.102213541668,8443.131510416668,8466.455078125,72223700
2023-06-15,8489.77700923688,8489.77700923688,8443.1298828125,8443.1298828125,59073000
2023-06-16,8489.77700923688,8489.77700923688,8373.159193175932,8443.1298828125,112769400
2023-06-19,8396.4833984375,8443.13052842882,8396.4833984375,8396.4833984375,32330600
2023-06-20,8419.806319600311,8443.1298828125,8349.835629963743,8443.1298828125,54990100
2023-06-21,8443.130864726028,8513.1015625,8396.483732876713,8513.1015625,42676300
2023-06-22,8513.100572449068,8536.424135661257,8443.1298828125,8443.1298828125,48291100
2023-06-23,8419.806319600311,8536.424135661257,8419.806319600311,8443.1298828125,47813500
2023-06-26,8419.807942708334,8513.102213541668,8419.807942708334,8466.455078125,36389900
2023-06-27,8443.13054452698,8536.4248046875,8443.13054452698,8536.4248046875,36225100
2023-07-03,8419.807942708334,8466.455078125,8419.807942708334,8466.455078125,108855900
2023-07-04,8536.424135661257,8536.424135661257,8443.1298828125,8443.1298828125,35049300
2023-07-05,8443.1298828125,8466.453446024689,8419.806319600311,8443.1298828125,44609200
2023-07-06,8443.131510416668,8489.778645833334,8419.807942708334,8466.455078125,52532400
2023-07-07,8419.8076171875,8489.77831760734,8419.8076171875,8419.8076171875,37641300
2023-07-10,8489.77700923688,8489.77700923688,8443.1298828125,8443.1298828125,28981500
2023-07-11,8489.77831760734,8489.77831760734,8419.8076171875,8419.8076171875,43703500
2023-07-12,8466.454756152078,8559.7490234375,8443.131189330721,8559.7490234375,61566500
2023-07-13,8583.072260273973,8606.39582619863,8513.1015625,8513.1015625,65230900
2023-07-14,8559.748699685802,8583.072265625,8513.101567807405,8583.072265625,55554500
2023-07-17,8583.072590258855,8629.719723901566,8559.7490234375,8559.7490234375,62550100
2023-07-18,8583.07193476776,8629.71906484802,8489.777674607241,8536.4248046875,52924600
2023-07-20,8583.07193476776,8606.39549980789,8513.10123964737,8536.4248046875,83476600
2023-07-21,8536.4248046875,8559.74836972763,8513.10123964737,8536.4248046875,42667800
2023-07-24,8583.072587568682,8583.072587568682,8489.7783203125,8489.7783203125,62061200
2023-07-25,8559.74836972763,8676.36619492828,8536.4248046875,8536.4248046875,122802700
2023-07-26,8559.74871010194,8723.013671875,8513.10157816678,8723.013671875,113868700
2023-07-27,8769.661458333334,8769.661458333334,8606.396484375,8606.396484375,77848400
2023-07-28,8583.072260273973,8606.39582619863,8513.1015625,8513.1015625,74510200
2023-07-31,8559.748694349315,8583.072260273973,8489.777996575343,8513.1015625,80868000
2023-08-01,8559.748694349315,8559.748694349315,8489.777996575343,8513.1015625,49756400
2023-08-02,8513.101567807405,8583.072265625,8513.101567807405,8583.072265625,60629900
2023-08-03,8536.425459248312,8676.366860219596,8536.425459248312,8629.7197265625,64596100
2023-08-04,8629.71906484802,8653.042629888148,8513.10123964737,8536.4248046875,52675900
2023-08-07,8536.42513898248,8653.04296875,8536.42513898248,8653.04296875,55589300
2023-08-08,8653.042963442596,8676.366529381794,8583.072265625,8583.072265625,43373400
2023-08-09,8653.042335023272,8769.66015625,8629.718770777927,8769.66015625,77056800
2023-08-10,8769.66015625,8792.983720495346,8723.013027759309,8769.66015625,76738100
2023-08-11,8792.983720495346,8816.307284740691,8746.336592004654,8769.66015625,68898600
2023-08-14,8699.69010590742,8723.013671875,8606.3958420371,8723.013671875,75495400
2023-08-15,8699.689776020665,8746.336906186996,8676.3662109375,8676.3662109375,59303700
2023-08-16,8653.042645854335,8699.689776020665,8629.71908077117,8676.3662109375,53440000
2023-08-18,8629.7197265625,8723.01399387669,8629.7197265625,8629.7197265625,79328900
2023-08-21,8606.396157080211,8629.719723901566,8559.7490234375,8559.7490234375,73573000
2023-08-22,8536.424820438508,8699.689776020665,8536.424820438508,8676.3662109375,65664600
2023-08-23,8676.3662109375,8699.689776020665,8653.042645854335,8676.3662109375,63749800
2023-08-24,8629.719397503397,8699.690095320992,8583.072265625,8583.072265625,53725900
2023-08-25,8583.072270889488,8653.04296875,8559.748704935984,8653.04296875,50379000
2023-08-28,8629.719397503397,8629.719397503397,8583.072265625,8583.072265625,44423100
2023-08-29,8653.043293391047,8676.366860219596,8583.072592905406,8629.7197265625,45428500
2023-08-30,8676.366529381794,8676.366529381794,8583.072265625,8583.072265625,56227000
2023-08-31,8583.072590258855,8606.396157080211,8489.778322973432,8559.7490234375,136107200
2023-09-01,8583.072916666668,8653.043619791668,8559.749348958334,8606.396484375,42152700
2023-09-04,8606.396484375,8653.043619791668,8559.749348958334,8606.396484375,40610600
2023-09-05,8629.720052083334,8629.720052083334,8583.072916666668,8606.396484375,42007200
2023-09-06,8583.07193476776,8629.71906484802,8536.4248046875,8536.4248046875,49318400
2023-09-07,8513.101889794789,8559.7490234375,8489.778322973432,8559.7490234375,61405200
2023-09-08,8489.777996575343,8536.425128424658,8443.130864726028,8513.1015625,80732300
2023-09-11,8466.454430650685,8513.1015625,8466.454430650685,8513.1015625,53155900
2023-09-12,8489.7783203125,8513.101887126546,8466.454753498454,8489.7783203125,66479000
2023-09-13,8443.131510416668,8466.455078125,8396.484375,8466.455078125,69490200
2023-09-14,8396.484053056318,8513.101887126546,8396.484053056318,8489.7783203125,112757900
2023-09-15,8443.13052842882,8489.77765842014,8396.4833984375,8396.4833984375,121005300
2023-09-18,8443.13052842882,8466.45409342448,8396.4833984375,8396.4833984375,34272200
2023-09-19,8396.484375,8466.455078125,8373.160807291668,8466.455078125,33325800
2023-09-20,8513.10123964737,8559.74836972763,8466.45410956711,8536.4248046875,54305500
2023-09-21,8513.1015625,8536.425128424658,8466.454430650685,8513.1015625,40607000
2023-09-22,8513.102213541668,8536.42578125,8466.455078125,8466.455078125,42445300
2023-09-25,8466.45409342448,8466.45409342448,8396.4833984375,8396.4833984375,56132200
2023-09-26,8396.484047660615,8419.807614459673,8349.8369140625,8349.8369140625,73544700
2023-09-27,8303.189777728874,8396.484044894367,8279.8662109375,8279.8662109375,84345000
2023-09-29,8233.2197265625,8303.190432453966,8233.2197265625,8233.2197265625,118960000
2023-10-02,8303.190104166668,8489.778645833334,8279.866536458334,8466.455078125,93663000
2023-10-03,8466.454435929008,8583.072265625,8419.807304050611,8583.072265625,98380200
2023-10-04,8583.072265625,8629.719397503397,8513.101567807405,8583.072265625,112582800
2023-10-05,8583.072916666668,8583.072916666668,8466.455078125,8466.455078125,72855700
2023-10-06,8489.77831760734,8489.77831760734,8419.8076171875,8419.8076171875,53344400
2023-10-09,8419.806319600311,8513.100572449068,8419.806319600311,8443.1298828125,43774500
2023-10-10,8396.483390231093,8396.483390231093,8326.5126953125,8326.5126953125,71966100
2023-10-11,8326.5126953125,8419.806955203958,8326.5126953125,8326.5126953125,84305800
2023-10-12,8396.482756388123,8489.77700923688,8396.482756388123,8443.1298828125,71064500
2023-10-13,8489.778645833334,8513.102213541668,8419.807942708334,8466.455078125,62941800
2023-10-16,8513.101887126546,8513.101887126546,8443.13118668441,8489.7783203125,29429200
2023-10-17,8443.13118125873,8466.454748057786,8349.8369140625,8349.8369140625,59606000
2023-10-18,8326.512687036548,8349.83625198623,8256.5419921875,8256.5419921875,50919200
2023-10-19,8233.218744419642,8256.542310267858,8163.248046875,8163.248046875,89509700
2023-10-20,8139.925446661734,8419.808270042653,8139.925446661734,8373.1611328125,64554500
2023-10-23,8279.865557137182,8326.512687036548,8256.5419921875,8256.5419921875,50633500
2023-10-24,8186.57177734375,8279.866042612624,8186.57177734375,8186.57177734375,76963200
2023-10-25,8233.219077354754,8326.513344520246,8233.219077354754,8279.8662109375,54748400
2023-10-26,8326.513338892371,8349.83690566798,8139.9248046875,8139.9248046875,63199400
2023-10-27,8139.924640523976,8209.895339439656,8116.60107421875,8116.60107421875,52450700
2023-10-30,8116.600602489407,8256.5419921875,8116.600602489407,8256.5419921875,51958200
2023-10-31,8209.895178571429,8233.218744419642,8139.924481026786,8163.248046875,64907600
2023-11-01,8163.248035519622,8186.571601335393,8023.306640625,8023.306640625,67027600
2023-11-02,8139.92416743909,8303.189122086866,8139.92416743909,8256.5419921875,56050900
2023-11-03,8326.513019004564,8349.83658488413,8256.54232136587,8303.189453125,60414100
2023-11-06,8373.159193175932,8443.1298828125,8349.835629963743,8443.1298828125,84994200
2023-11-07,8396.484701427577,8419.808270042653,8303.19042696727,8373.1611328125,60648200
2023-11-08,8349.83626844618,8396.4833984375,8303.189138454862,8396.4833984375,31829300
2023-11-09,8303.189138454862,8443.13052842882,8303.189138454862,8396.4833984375,46076800
2023-11-10,8349.837569714944,8396.484706975922,8233.2197265625,8233.2197265625,50754600
2023-11-13,8279.8662109375,8326.513344520246,8256.542644146128,8279.8662109375,20827700
2023-11-14,8303.189130339637,8349.836260285365,8279.865565366772,8326.5126953125,37195700
2023-11-15,8373.159193175932,8443.1298828125,8349.835629963743,8443.1298828125,84977900
2023-11-16,8443.131510416668,8466.455078125,8349.837239583334,8466.455078125,48714300
2023-11-17,8419.807942708334,8466.455078125,8373.160807291668,8466.455078125,57050500
2023-11-20,8373.160478102993,8419.80761168574,8279.8662109375,8279.8662109375,49216000
2023-11-21,8233.218909978188,8303.189608929843,8186.57177734375,8186.57177734375,107614800
2023-11-22,8186.571943772007,8279.8662109375,8186.571943772007,8279.8662109375,40364800
2023-11-23,8256.542000393909,8373.159825258228,8256.542000393909,8326.5126953125,55542100
2023-11-24,8326.5126953125,8373.159825258228,8303.189130339637,8326.5126953125,43631900
2023-11-27,8303.189777728874,8349.83691131162,8279.8662109375,8279.8662109375,35679000
2023-11-28,8279.8662109375,8349.83691131162,8256.542644146128,8279.8662109375,69070600
2023-11-29,8303.189453125,8349.83658488413,8303.189453125,8303.189453125,54715600
2023-11-30,8326.513995582347,8373.1611328125,8303.19042696727,8373.1611328125,205312100
2023-12-01,8326.513347263442,8373.160480861558,8303.189780464385,8349.8369140625,80566400
2023-12-04,8389.676060267857,8459.98060825893,8366.2412109375,8366.2412109375,54747400
2023-12-05,8389.675358804425,8389.675358804425,8272.501121949614,8342.8056640625,94363900
2023-12-06,8295.937083851208,8389.676485928621,8249.0673828125,8249.0673828125,81852800
2023-12-07,8202.196435685199,8272.5009765625,8178.761588726098,8272.5009765625,91322500
2023-12-08,8249.066964285714,8295.93666294643,8202.197265625,8202.197265625,43891600
2023-12-11,8131.892717633928,8225.632114955357,8131.892717633928,8202.197265625,78642800
2023-12-12,8155.32666015625,8202.196353605425,8155.32666015625,8155.32666015625,87589300
2023-12-13,8155.326937364914,8202.196632407242,8131.89208984375,8131.89208984375,51560500
2023-12-14,8225.632656034186,8483.416015625,8202.197805162294,8483.416015625,115332800
2023-12-15,8553.719591590447,8647.458984375,8506.849895198171,8647.458984375,275013500
2023-12-18,8624.0244140625,8647.459263013756,8577.154716159986,8624.0244140625,111712200
2023-12-19,8553.719317461993,8670.8935546875,8553.719317461993,8670.8935546875,65174500
2023-12-20,8670.893974714381,8717.763671875,8647.459126134072,8717.763671875,72938100
2023-12-21,8717.764368297587,8741.19921875,8670.894667392762,8741.19921875,88116700
2023-12-22,8694.329517845175,8764.634069202413,8694.329517845175,8741.19921875,64449600
2023-12-27,8788.068359375,8811.503208333334,8741.198661458333,8788.068359375,64464700
2023-12-28,8741.198385035737,8834.937777904754,8741.198385035737,8811.5029296875,70184600
2023-12-29,8834.937777904754,8858.372626122007,8764.633233252993,8811.5029296875,79903400
2024-01-02,8811.502652519894,8834.9375,8764.632957559681,8834.9375,30545200
2024-01-03,8834.937353776737,8834.937353776737,8741.197965407753,8764.6328125,34603300
2024-01-04,8811.503071405014,8881.8076171875,8788.06822281085,8881.8076171875,56501800
2024-01-05,8905.243299200392,8998.98270234987,8881.808448413021,8975.5478515625,85290100
2024-01-08,8998.98270234987,9022.417553137238,8881.808448413021,8975.5478515625,50896000
2024-01-09,8998.982142857143,9022.4169921875,8975.547293526786,9022.4169921875,59848600
2024-01-10,9045.851700548103,9045.851700548103,8952.1123046875,8952.1123046875,52774900
2024-01-11,9022.417553137238,9045.852403924608,8975.5478515625,8975.5478515625,39381500
2024-01-12,9045.851008778995,9092.720703125,8998.98131443299,9092.720703125,68253400
2024-01-15,9139.59011989878,9139.59011989878,9045.850734053663,9116.1552734375,88399500
2024-01-16,9092.720703125,9139.590397471005,9069.285855951997,9092.720703125,44869200
2024-01-17,9139.5908203125,9139.5908203125,9045.851427283653,9139.5908203125,107706100
2024-01-18,9069.287109375,9139.591660610466,9022.417408551357,9069.287109375,71048900
2024-01-19,9163.026088169643,9163.026088169643,8998.982142857143,9022.4169921875,63176500
2024-01-22,8998.982142857143,9045.851841517857,8928.677594866072,9022.4169921875,52868300
2024-01-23,8858.372360229492,8998.9814453125,8858.372360229492,8998.9814453125,92348600
2024-01-24,8998.981299212597,8998.981299212597,8881.807063545768,8928.6767578125,84906000
2024-01-25,8858.373463199014,8975.54771535773,8858.373463199014,8905.2431640625,63212700
2024-01-26,8811.502506684492,8858.372200868984,8717.763118315508,8764.6328125,78977300
2024-01-29,8811.503210896597,8952.1123046875,8788.068361931446,8952.1123046875,73452800
2024-01-30,8905.243432237694,9045.8525390625,8881.808581100226,9045.8525390625,73136400
2024-01-31,9092.721398478403,9092.721398478403,8952.1123046875,8952.1123046875,102581200
2024-02-01,9045.851008778995,9116.155550298003,8975.546467259986,9092.720703125,104208700
2024-02-02,9163.025244644008,9186.46009181701,9022.416161605992,9092.720703125,99324000
2024-02-05,9069.287254711979,9069.287254711979,8928.678149987762,8975.5478515625,57983300
2024-02-06,9139.591238839286,9139.591238839286,9022.4169921875,9022.4169921875,87651000
2024-02-07,9092.720703125,9116.155550298003,9045.851008778995,9092.720703125,92953500
2024-02-12,9139.590267259247,9186.4599609375,9092.720573580995,9186.4599609375,87949400
2024-02-13,9139.59011989878,9186.459812821337,9092.720426976222,9116.1552734375,66072400
2024-02-15,9327.069469781092,9350.504317695115,9233.330078125,9233.330078125,164748900
2024-02-16,9350.504183515233,9373.939031092965,9256.764793204304,9327.0693359375,142277200
2024-02-19,9280.199495648734,9350.504037282437,9209.894954015032,9256.7646484375,53341300
2024-02-20,9233.331047381547,9397.375,9233.331047381547,9397.375,63997700
2024-02-21,9327.069059367168,9373.938753132832,9233.32967183584,9350.50390625,75371600
2024-02-22,9350.504037282437,9350.504037282437,9256.7646484375,9256.7646484375,66913000
2024-02-23,9280.200053673665,9303.634902294052,9186.460659192113,9209.8955078125,55192300
2024-02-26,9139.590267259247,9256.764501454878,9116.15542042012,9186.4599609375,41356000
2024-02-27,9139.590412381329,9280.199495648734,9139.590412381329,9256.7646484375,43735800
2024-02-28,9350.504604492187,9373.939453125,9280.20005859375,9373.939453125,54043100
2024-02-29,9373.938884493671,9373.938884493671,9233.329801226266,9256.7646484375,126671200
2024-03-01,9280.200053673665,9303.634902294052,9186.460659192113,9209.8955078125,51520600
2024-03-04,9186.460516826923,9209.895365084134,9139.5908203125,9139.5908203125,43822900
2024-03-05,9280.199348294005,9280.199348294005,9163.025114098373,9186.4599609375,61952900
2024-03-06,9280.199640782035,9373.939031092965,9163.025402893372,9327.0693359375,70242200
2024-03-07,9420.808738425927,9537.98297646605,9373.939043209877,9491.11328125,118369300
2024-03-08,9608.28822544643,9655.157924107143,9491.113978794643,9514.548828125,100947200
2024-03-13,9748.89703125,9748.89703125,9373.939453125,9373.939453125,141622600
2024-03-14,9420.80848025121,9678.591796875,9397.373633285411,9678.591796875,110681100
2024-03-15,9561.418526785714,9655.157924107143,9420.809430803572,9514.548828125,154176800
2024-03-18,9537.983677455357,9631.723074776786,9514.548828125,9514.548828125,62444100
2024-03-19,9514.548549792691,9608.287944371928,9514.548549792691,9537.9833984375,55004800
2024-03-20,9467.678433641975,9514.548128858025,9444.24358603395,9491.11328125,66269700
2024-03-21,9537.98297646605,9584.8526716821,9420.808738425927,9491.11328125,90279400
2024-03-22,9373.939317759901,9491.113559231899,9327.069621171102,9467.6787109375,91968200
2024-03-25,9661.8759765625,9661.8759765625,9518.026706439981,9661.8759765625,66971000
2024-03-26,9637.900390625,9637.900390625,9542.000884250621,9637.900390625,65742700
2024-03-27,9613.926219854993,9661.8759765625,9589.95134150124,9661.8759765625,39514100
2024-03-28,9613.926219854993,9685.850854916253,9565.976463147488,9661.8759765625,79229700
2024-04-01,9661.875456059644,9685.850333121827,9422.126685437817,9446.1015625,79248700
2024-04-02,9518.026635988794,9542.00151416509,9398.152245107323,9494.0517578125,76763100
2024-04-03,9350.201617864173,9398.151369750656,9134.427734375,9134.427734375,177418400
2024-04-04,9182.37791481599,9446.1015625,9182.37791481599,9446.1015625,75993500
2024-04-05,9542.001341841604,9542.001341841604,9422.126953125,9422.126953125,70428600
2024-04-16,8966.60412887533,9182.378025024736,8870.704619475593,9086.478515625,283265900
2024-04-17,9158.40261031824,9278.276990034448,9134.427734375,9134.427734375,95620700
2024-04-18,9134.428270324868,9182.378025024736,9062.503638275066,9086.478515625,127134000
2024-04-19,8966.60412887533,9110.453392974934,8918.654374175461,9086.478515625,147784300
2024-04-22,9014.553267045454,9038.528142755682,8966.603515625,8966.603515625,128908000
2024-04-23,9014.553181233934,9374.176313464011,9014.553181233934,9326.2265625,178833000
2024-04-24,9422.12659243483,9542.0009765625,9350.201961958228,9542.0009765625,132832700
2024-04-25,9589.950647378517,9589.950647378517,9302.252127957161,9374.1767578125,104874100
2024-04-26,9302.25275974026,9422.127150974027,9230.328125,9230.328125,100932900
2024-04-29,9134.427731883769,9446.101119060906,9134.427731883769,9398.1513671875,90063500
2024-04-30,9637.900126554528,9637.900126554528,9398.1513671875,9398.1513671875,109623000
2024-05-02,9494.051609538612,9494.051609538612,9110.453564708769,9158.4033203125,97079400
2024-05-03,9350.20205425127,9446.1015625,9278.277423064721,9446.1015625,81200400
2024-05-06,9446.101119060906,9470.075994997607,9374.176491250797,9398.1513671875,53076200
2024-05-07,9302.251953125,9350.201705460697,9230.327324621456,9302.251953125,66746800
2024-05-08,9206.353,9302.252510416667,8990.5791015625,8990.5791015625,112808900
2024-05-13,8822.754347112861,9134.427734375,8822.754347112861,9134.427734375,145469900
2024-05-14,9230.327953718095,9278.277709321826,9134.428442510634,9158.4033203125,95363500
2024-05-15,9110.4541015625,9206.353618421053,9038.529463918587,9110.4541015625,54741900
2024-05-16,9182.377662658691,9278.277168273926,9134.427909851074,9206.3525390625,61126000
2024-05-17,9206.352884615386,9446.101657652243,9182.3780073117,9350.2021484375,99848500
2024-05-20,9302.252411774407,9398.151921174143,9086.478515625,9086.478515625,87890100
2024-05-21,9062.503734375,9182.378122395834,8990.5791015625,8990.5791015625,75311400
2024-05-22,9086.478072674901,9182.377577399702,8942.6288155877,9038.5283203125,121712700
2024-05-27,8918.654296875,8990.578928301411,8894.679419732864,8918.654296875,128578500
2024-05-28,8918.654296875,9014.553805443547,8918.654296875,8918.654296875,73945700
2024-05-29,8894.680058380294,8942.629816107412,8774.8056640625,8774.8056640625,117351600
2024-05-30,8630.9560546875,8870.704833984375,8415.182153320313,8630.9560546875,207115100
2024-05-31,8726.854845861486,8870.7041015625,8654.93021801098,8870.7041015625,756431600
2024-06-03,8966.603336632412,8966.603336632412,8846.728960474225,8894.6787109375,72197700
2024-06-04,9134.42764559659,9134.42764559659,8966.603515625,8966.603515625,75353100
2024-06-05,9110.453662367725,9110.453662367725,8918.654637896825,9062.50390625,82087300
2024-06-06,9134.428270324868,9134.428270324868,9062.503638275066,9086.478515625,44991300
2024-06-07,9110.45403610925,9110.45403610925,8942.6298828125,8942.6298828125,51599800
2024-06-10,9110.452858431758,9134.427734375,9062.503106545275,9134.427734375,45584700
2024-06-11,9158.403068296371,9158.403068296371,8918.654296875,8918.654296875,68690900
2024-06-12,8918.653853462838,8942.628729413007,8870.7041015625,8870.7041015625,49785700
2024-06-13,9086.478534200918,9086.478534200918,8822.7548828125,8822.7548828125,84652200
2024-06-14,8822.7548828125,8870.704637610394,8726.855373216713,8822.7548828125,52986300
2024-06-19,8870.705283149171,8870.705283149171,8678.90625,8678.90625,100051000
2024-06-20,8774.804682319298,9038.5283203125,8726.854929956897,9038.5283203125,81474800
2024-06-21,9086.478157043457,9278.277168273926,9014.553527832031,9206.3525390625,166841200
2024-06-24,9206.3525390625,9350.201797485352,9182.377662658691,9206.3525390625,79592300
2024-06-25,9206.3525390625,9206.3525390625,9062.503280639648,9206.3525390625,80029000
2024-06-26,9134.428980777138,9254.30337685033,9062.504343133223,9110.4541015625,77913200
2024-06-27,9182.3780073117,9350.2021484375,9158.403130008013,9350.2021484375,89150700
2024-06-28,9398.151979691436,9565.976122185926,9374.177102192223,9518.0263671875,166172300
2024-07-01,9446.101295490505,9494.051048259493,9422.126419106013,9470.076171875,68634600
2024-07-02,9589.951270517677,9589.951270517677,9446.102001459913,9494.0517578125,78848500
2024-07-03,9565.976293945312,9589.951171875,9518.026538085936,9589.951171875,55860200
2024-07-04,9565.976219584923,9589.951097328245,9422.126953125,9422.126953125,67054000
2024-07-05,9518.026099736966,9565.975853388034,9470.076346085898,9542.0009765625,36946900
2024-07-08,9589.95063743781,9637.900390625,9542.000884250621,9637.900390625,72903600
2024-07-09,9685.850854916253,9733.80061162376,9661.8759765625,9661.8759765625,61853200
2024-07-10,9757.775219001393,9805.72497437732,9637.900830561572,9685.8505859375,62325900
2024-07-11,9589.95134150124,9709.825733270007,9589.95134150124,9661.8759765625,55908400
2024-07-12,9637.901098208747,9685.850854916253,9613.926219854993,9661.8759765625,62646500
2024-07-15,9637.900390625,9661.875267218595,9542.000884250621,9637.900390625,36682600
2024-07-16,9565.975853388034,9613.925607039102,9542.0009765625,9542.0009765625,37192700
2024-07-17,9494.05087093431,9542.000622807716,9398.1513671875,9398.1513671875,90666000
2024-07-18,9398.15205368193,9685.8505859375,9398.15205368193,9685.8505859375,65383200
2024-07-19,9637.900564236112,9709.8251953125,9565.975933159722,9709.8251953125,53880300
2024-07-22,9709.825463625464,9733.800341313428,9685.8505859375,9685.8505859375,31285300
2024-07-23,9781.750268734644,9781.750268734644,9709.825634405714,9757.775390625,39321100
2024-07-24,9709.825733270007,9757.775489977512,9661.8759765625,9661.8759765625,24658000
2024-07-25,9805.723812955097,9877.6484375,9781.748938106795,9877.6484375,98088100
2024-07-26,9949.573776577634,9973.5486531477,9877.649146867434,9901.6240234375,75565800
2024-07-29,9973.548475609756,9997.523351753049,9757.774590320123,9829.69921875,69092500
2024-07-30,9877.649781173219,9877.649781173219,9757.775390625,9757.775390625,32122900
2024-07-31,9925.599438298357,9925.599438298357,9805.725048946928,9853.6748046875,82519900
2024-08-01,9781.750075301205,9949.57421875,9781.750075301205,9949.57421875,61176200
2024-08-02,9853.675616096049,9925.600255629595,9781.7509765625,9781.7509765625,55699900
2024-08-05,9589.95055379747,9733.799812104431,9470.076171875,9470.076171875,126328300
2024-08-06,9661.875805664062,9661.875805664062,9542.001416015624,9589.951171875,78473900
2024-08-07,9589.951075185643,9685.8505859375,9589.951075185643,9685.8505859375,52327400
2024-08-08,9733.799978988387,9805.724609375,9661.875348601772,9805.724609375,54162100
2024-08-09,9805.725417564656,9829.700296336207,9685.851023706897,9733.80078125,47062400
2024-08-12,9685.851457184435,9781.7509765625,9661.876577339921,9781.7509765625,40364100
2024-08-13,9829.698687803399,9877.6484375,9757.774063258496,9877.6484375,55207100
2024-08-14,9877.650495940563,9877.650495940563,9781.7509765625,9781.7509765625,47999100
2024-08-15,9781.749732579463,9877.649239761613,9757.774855783924,9805.724609375,33396600
2024-08-16,9877.649146867434,9901.6240234375,9829.6993937273,9901.6240234375,40731400
2024-08-19,9901.624463478916,9997.523974021084,9853.674708207831,9949.57421875,51054400
2024-08-20,9901.623932104316,10021.49831384892,9877.649055755395,9997.5234375,60304400
2024-08-21,10069.448066546762,10069.448066546762,9997.5234375,9997.5234375,84848800
2024-08-22,9925.598900007566,9973.5486531477,9805.724517157234,9901.6240234375,56611600
2024-08-23,9901.6240234375,9949.573776577634,9877.649146867434,9901.6240234375,46651600
2024-08-26,9853.674270297366,9949.573776577634,9829.6993937273,9901.6240234375,35145600
2024-08-27,9853.675616096049,9877.650495940563,9757.776096717984,9781.7509765625,60448400
2024-08-28,9877.64985280797,9925.599609375,9829.700096240942,9925.599609375,38489900
2024-08-29,10069.448254125917,10069.448254125917,9805.724609375,9805.724609375,53004700
2024-08-30,9901.6240234375,9901.6240234375,9781.749640587168,9901.6240234375,158403700
2024-09-02,9949.574316168644,9949.574316168644,9781.750171076643,9853.6748046875,72008600
2024-09-03,9901.624659282863,9901.624659282863,9733.800512515356,9757.775390625,50950200
2024-09-04,9733.799188410194,9877.6484375,9709.824313561892,9877.6484375,44817000
2024-09-05,9925.598723323172,9925.598723323172,9829.69921875,9829.69921875,39332900
2024-09-06,9805.723812955097,9877.6484375,9805.723812955097,9877.6484375,31541800
2024-09-09,9877.649682557785,9925.599438298357,9781.750171076643,9853.6748046875,36185100
2024-09-10,9925.599609375,9925.599609375,9853.674974524456,9925.599609375,55093100
2024-09-11,9997.5234375,9997.5234375,9925.598808453236,9997.5234375,64621300
2024-09-12,10021.49875540722,10069.44851021778,9949.574123191378,10045.4736328125,70759100
2024-09-13,9973.54856115108,9997.5234375,9901.623932104316,9997.5234375,70057100
2024-09-17,10021.498488653275,10069.4482421875,9925.598981584822,10069.4482421875,89745000
2024-09-18,10069.448851102941,10189.3232421875,10021.499094669118,10189.3232421875,65420200
2024-09-19,10261.247849770642,10453.046875,10213.298093463301,10453.046875,140886600
2024-09-20,10453.046258700697,10453.046258700697,10333.171875,10333.171875,142194600
2024-09-23,10285.222201412671,10500.99609375,10285.222201412671,10500.99609375,72553800
2024-09-24,10333.17160825376,10500.99574110243,10333.17160825376,10357.146484375,105191100
2024-09-25,10237.27253969254,10405.0966796875,10093.423276839718,10405.0966796875,158369100
2024-09-26,10429.072197174357,10429.072197174357,10237.273168260806,10261.248046875,84960100
2024-09-27,10069.448586047534,10309.19736190581,9973.549075704224,10213.2978515625,93027400
2024-09-30,10045.4732828579,10117.3979125681,9901.6240234375,9901.6240234375,144692100
2024-10-01,9973.549170616114,10117.3984375,9949.574292802134,10117.3984375,59797700
2024-10-02,9901.624104817709,10117.397995721727,9901.624104817709,10069.4482421875,86746200
2024-10-03,10021.4990234375,10093.423657577005,9973.549267344499,10021.4990234375,60887000
2024-10-04,9973.549000596659,10045.4736328125,9925.599245786098,10045.4736328125,58500400
2024-10-07,9925.598187196601,9949.573062044903,9829.698687803399,9877.6484375,91867900
2024-10-08,9781.74981219952,10069.44833608774,9733.800058218148,9973.548828125,99622900
2024-10-09,9973.54856115108,10093.422942895682,9973.54856115108,9997.5234375,56835200
2024-10-10,9997.523611886161,10069.4482421875,9973.548735119048,10069.4482421875,51080000
2024-10-11,10141.373239834338,10141.373239834338,9949.57421875,9949.57421875,44632100
2024-10-14,9949.573858351934,10069.4482421875,9949.573858351934,10069.4482421875,31738600
2024-10-15,10117.398607536765,10189.3232421875,10021.499094669118,10189.3232421875,66635200
2024-10-16,10261.247529460023,10285.222406865303,10045.4736328125,10045.4736328125,63255900
2024-10-17,10117.399470971737,10357.148273601399,10069.449710445804,10285.2236328125,66993300
2024-10-18,10429.070664516716,10429.070664516716,10285.221413971656,10309.1962890625,56299600
2024-10-21,10405.096599641392,10405.096599641392,10237.2724609375,10237.2724609375,36472500
2024-10-22,10045.473365420386,10165.347749255952,10045.473365420386,10069.4482421875,94799500
2024-10-23,10045.473708461708,10213.2978515625,10045.473708461708,10213.2978515625,48903000
2024-10-24,10285.222925489194,10405.097318560163,10261.248046875,10261.248046875,85341200
2024-10-25,10213.296788699128,10309.1962890625,10189.321913608284,10309.1962890625,34847500
2024-10-28,10381.122542471256,10381.122542471256,10165.3486328125,10165.3486328125,39061500
2024-10-29,10093.423118954614,10141.372872488839,10069.4482421875,10069.4482421875,49680100
2024-10-30,9853.674974524456,9973.549365942028,9853.674974524456,9925.599609375,114484100
2024-10-31,9901.623847179879,10045.473104039635,9829.69921875,9829.69921875,97553400
2024-11-01,9853.674179406475,9997.5234375,9853.674179406475,9997.5234375,47710000
2024-11-04,9997.523974021084,10069.448606927712,9877.649585843374,9949.57421875,49275700
2024-11-05,9877.649228050595,10141.372872488839,9877.649228050595,10069.4482421875,50296500
2024-11-06,10045.473901484002,10069.448779530503,9949.574389297997,10021.4990234375,50324900
2024-11-07,9901.624659282863,10021.499049831082,9757.775390625,9757.775390625,131579100
2024-11-08,9781.750368331266,9805.725246685019,9637.901098208747,9661.8759765625,92166100
2024-11-11,9398.151624689055,9637.900390625,9398.151624689055,9637.900390625,128707600
2024-11-12,9685.851023706897,9805.725417564656,9589.95150862069,9733.80078125,80378500
2024-11-13,9805.725417564656,9829.700296336207,9733.80078125,9733.80078125,62933100
2024-11-14,9709.825463625464,9757.775219001393,9637.900830561572,9685.8505859375,56381400
2024-11-15,9637.901000076781,9853.674903063575,9637.901000076781,9757.775390625,63598200
2024-11-18,9661.875805664062,9709.825561523438,9589.951171875,9589.951171875,65716200
2024-11-19,9494.051489688287,9613.92587718435,9494.051489688287,9518.0263671875,85295300
2024-11-20,9613.926219854993,9733.80061162376,9589.95134150124,9661.8759765625,58584400
2024-11-21,9637.781567258882,9637.781567258882,9493.21484375,9493.21484375,93181200
2024-11-22,9565.498205504442,9589.59265942259,9493.21484375,9493.21484375,58396100
2024-11-25,9589.59230555129,9830.536835841523,9541.403399493243,9806.4423828125,165369400
2024-11-26,9878.725781250001,9878.725781250001,9637.78125,9637.78125,62310100
2024-11-28,9613.686796875001,9710.064609375,9565.497890625,9637.78125,57443500
2024-11-29,9637.78125,9734.1590625,9589.59234375,9637.78125,76886000
2024-12-02,9637.781450320514,9685.970357572116,9396.8369140625,9396.8369140625,87879600
2024-12-03,9661.87593347886,9854.631563074448,9541.403664981617,9830.537109375,126087100
2024-12-04,9806.442655675552,9878.726016773897,9685.970387178308,9830.537109375,97876300
2024-12-05,9878.7255859375,9975.103396532011,9854.63113328887,9878.7255859375,96904400
2024-12-06,9734.159884848015,9806.44325032956,9685.970974526985,9710.0654296875,68247200
2024-12-09,9661.8756274532,9975.103515625,9637.78117451691,9975.103515625,64458400
2024-12-10,9951.009062688709,9975.103515625,9902.820156816124,9975.103515625,61230400
2024-12-11,9854.631098246402,10047.38671875,9854.631098246402,10047.38671875,37934300
2024-12-12,9926.914647957616,9999.198007044686,9806.4423828125,9806.4423828125,44780100
2024-12-13,9758.254066581156,9854.6318845227,9661.876248639614,9685.970703125,75126400
2024-12-16,9637.781366027228,9758.25363310257,9637.781366027228,9734.1591796875,57746100
2024-12-17,9589.593207465277,9685.971028645834,9541.404296875,9541.404296875,99845900
2024-12-18,9541.403200733419,9661.875463368942,9445.025390625,9445.025390625,84868500
2024-12-19,9348.64816497093,9420.931527071221,9204.08144077035,9324.5537109375,104254100
2024-12-20,9300.458984375,9396.836797684586,9276.364531047604,9300.458984375,91576900
2024-12-23,9348.64730858376,9493.214019541241,9348.64730858376,9420.9306640625,43292100
2024-12-24,9493.214728565705,9541.403635817307,9396.8369140625,9396.8369140625,32415700
2024-12-27,9445.025390625,9469.119843152104,9372.742033043687,9445.025390625,24016700
2024-12-30,9445.02598110465,9469.120435138082,9324.5537109375,9324.5537109375,56350100
2025-01-02,9300.459743923611,9541.404296875,9300.459743923611,9541.404296875,38124800
2025-01-03,9493.21484375,9565.498205504442,9469.120389831853,9493.21484375,41916000
2025-01-06,9493.214889171511,9517.30934320494,9300.459256904069,9324.5537109375,41593900
2025-01-07,9324.55304195374,9372.74194656332,9179.986328125,9179.986328125,71318600
2025-01-08,9324.5537109375,9420.931527071221,9228.175894803779,9324.5537109375,55943100
2025-01-09,9396.83702807741,9517.309297668147,9372.742574159263,9493.21484375,42733800
2025-01-10,9445.025546272494,9565.497810893316,9372.7421875,9372.7421875,72531300
2025-01-13,9276.36480287064,9372.74261900436,9276.36480287064,9324.5537109375,88270100
2025-01-14,9252.26968503937,9372.74194656332,9179.986328125,9179.986328125,70942600
2025-01-15,9228.17531788106,9445.025390625,9204.080865353955,9445.025390625,77098000
2025-01-16,9493.214728565705,9565.498089443108,9396.8369140625,9396.8369140625,76979000
2025-01-17,9396.837565104166,9541.404296875,9300.459743923611,9541.404296875,71033100
2025-01-20,9493.214331371753,9517.308783989449,9276.3642578125,9276.3642578125,112111200
2025-01-21,9252.270234986945,9324.55359619778,9204.081327513055,9228.17578125,124547900
2025-01-22,9300.459416707356,9324.553871154785,9228.17605336507,9252.2705078125,90154800
2025-01-23,9252.2705078125,9396.83723449707,9252.2705078125,9252.2705078125,120515400
2025-01-24,9276.36417164522,9300.458624039104,9011.3251953125,9011.3251953125,152057000
2025-01-30,8818.5693359375,8939.04159462517,8818.5693359375,8818.5693359375,154645800
2025-01-31,8914.948459201389,9155.893012152777,8890.85400390625,9107.7041015625,112982800
2025-02-03,9059.514100100267,9059.514100100267,8890.852933343082,9011.3251953125,90439900
2025-02-04,9011.325229904633,9059.514134877385,8842.6640625,8842.6640625,94607700
2025-02-05,8770.381132277398,8842.664493257706,8770.381132277398,8794.4755859375,98229900
2025-02-06,8746.286722023393,8770.381175803073,8529.436638006286,8625.814453125,171477800
2025-02-07,8625.813957010361,9011.3251953125,8505.341695040943,9011.3251953125,131162200
2025-02-10,8698.09707724983,8914.947142887637,8698.09707724983,8818.5693359375,76209100
2025-02-11,8698.098199681473,8770.381564221763,8674.00374483471,8746.287109375,71188300
2025-02-12,8625.813722037226,8818.5693359375,8625.813722037226,8818.5693359375,121172600
2025-02-13,8770.380740017361,8818.569645182291,8674.0029296875,8674.0029296875,90439700
2025-02-14,8674.00363422702,8746.286997845578,8625.81472514798,8649.9091796875,116274500
2025-02-17,8649.90814552614,8987.23046875,8649.90814552614,8987.23046875,89096400
2025-02-18,8987.231172295027,9228.175707745295,8914.947811659946,8963.13671875,107318300
2025-02-19,8890.853444701466,8914.947898481145,8625.814453125,8625.814453125,154438200
2025-02-20,8649.908477105035,8698.097382269965,8625.81402452257,8674.0029296875,119260800
2025-02-21,8625.81402452257,8674.0029296875,8601.719571940104,8674.0029296875,106054700
2025-02-24,8601.7197265625,8649.908632593662,8553.530820531338,8601.7197265625,108530300
2025-02-25,8577.626139783995,8674.00396157932,8505.3427734375,8505.3427734375,101592700
2025-02-26,8481.247774216525,8577.62558983262,8408.96441250445,8457.1533203125,117843500
2025-02-27,8481.24697580645,8481.24697580645,8192.113556176686,8216.2080078125,199991600
2025-02-28,8216.208871360348,8360.775596369622,8119.8310546875,8119.8310546875,293095000
2025-03-03,8288.492409446022,8577.625865589489,8240.30350008878,8481.248046875,192944300
2025-03-04,8577.625430349577,8601.719883805616,8360.775349245234,8529.4365234375,125418500
2025-03-05,8505.341761610243,8842.664097764757,8505.341761610243,8674.0029296875,155207900
2025-03-06,8866.759270543176,8866.759270543176,8649.9091796875,8649.9091796875,96270100
2025-03-07,8674.003085609243,8674.003085609243,8601.7197265625,8601.7197265625,82295300
2025-03-10,8433.058555453432,8649.908632593662,8408.96410243785,8601.7197265625,97652100
2025-03-11,8625.814179578081,8722.191991640406,8553.530820531338,8601.7197265625,109295600
2025-03-12,8698.097771297089,8794.4755859375,8649.908863976883,8794.4755859375,87968900
2025-03-13,8818.570361464137,8842.664816003657,8649.9091796875,8649.9091796875,83030700
2025-03-14,8481.2475,8601.719765625001,8433.05859375,8433.05859375,111397800
2025-03-17,8433.058911700582,8457.153365734011,8240.30327943314,8288.4921875,151365700
2025-03-18,8192.114022496235,8240.302928510919,7782.508321371423,7999.3583984375,417305700
2025-03-19,7999.3581843562315,8095.735993806306,7927.074827268675,8023.45263671875,214108200
2025-03-20,8143.925451842351,8168.019905841885,8047.5476358442165,8071.64208984375,152917300
2025-03-21,8220.656441604035,8220.656441604035,7848.119140625,7848.119140625,377916400
2025-03-24,7773.611911605739,8046.805940448114,7574.925345174922,7897.791015625,331836800
2025-03-25,8021.970098080842,8096.477560292119,7947.462635869565,7997.13427734375,136341700
2025-03-26,8245.49226768695,8593.193748854472,8220.656447603555,8469.0146484375,283104600
2025-03-27,8369.671251723346,8518.686170151654,8319.999612247242,8444.1787109375,122943900
2025-04-08,7351.402645196946,7947.462319131832,7227.22354646051,7723.93994140625,533073600
2025-04-09,7649.43269420347,7897.7908985607255,7624.596873767745,7872.955078125,136753900
2025-04-10,8444.17888606573,8593.193807584537,8121.313222774981,8170.98486328125,144148600
2025-04-11,8146.148791540785,8270.32788897281,7997.133874622356,8220.65625,82603000
2025-04-14,8195.821010044643,8344.8359375,8195.821010044643,8344.8359375,83319300
2025-04-15,8518.6865234375,8543.52234420554,8394.507419597303,8518.6865234375,83431800
2025-04-16,8444.178592828172,8493.850231609513,8369.671134656157,8419.3427734375,76874900
2025-04-17,8394.507071461398,8444.1787109375,8295.16379250919,8444.1787109375,83540600
2025-04-21,8444.17874623494,8444.17874623494,8245.4921875,8245.4921875,40683800
2025-04-22,8270.32797277114,8444.1787109375,8270.32797277114,8444.1787109375,56537100
2025-04-23,8493.850432037965,8667.701171875,8493.850432037965,8667.701171875,92329600
2025-04-24,8791.880064297566,8791.880064297566,8419.3427734375,8419.3427734375,143675300
2025-04-25,8593.194103152253,8593.194103152253,8518.686639830124,8543.5224609375,58297000
2025-04-28,8692.537226228633,8717.373046875,8593.193943643162,8717.373046875,73235400
2025-04-29,8742.208631805157,8767.044451781876,8642.865351898281,8667.701171875,60315700
2025-04-30,8742.209100566572,8866.38820710871,8618.029994024433,8767.044921875,164597500
2025-05-02,8940.89539084262,8940.89539084262,8791.88046766191,8916.0595703125,92219000
2025-05-05,8940.89539084262,8990.567031902856,8916.0595703125,8916.0595703125,86385600
2025-05-06,8990.56726649065,8990.56726649065,8916.059802956197,8965.7314453125,48860500
2025-05-07,9015.4033203125,9040.239142131542,8940.895854855373,9015.4033203125,77382000
2025-05-08,9015.402852432973,9139.581955083566,8866.387929252263,8916.0595703125,99614500
2025-05-09,8990.567149522569,8990.567149522569,8916.059686957466,8940.8955078125,47167500
2025-05-14,9189.254022068733,9238.925665431267,9089.910735343665,9214.08984375,149002900
2025-05-15,9214.08984375,9338.268952156333,9189.254022068733,9214.08984375,101401300
2025-05-16,9238.9248046875,9263.76062405494,9164.417346585182,9238.9248046875,63007500
2025-05-19,9214.088954564144,9437.611328125,9189.253135279605,9437.611328125,111597200
2025-05-20,9437.612188736808,9611.46293958196,9412.7763671875,9412.7763671875,160614800
2025-05-21,9636.298828125,9661.134649846972,9487.28389779317,9636.298828125,169739200
2025-05-22,9735.641879857512,9735.641879857512,9586.626953125,9586.626953125,103113000
2025-05-23,9611.462890625,9636.298712047803,9561.791247779393,9611.462890625,48521800
2025-05-26,9536.955194805196,9586.626836444806,9437.611911525975,9561.791015625,56625300
2025-05-27,9487.283714657739,9536.955357142857,9387.9404296875,9387.9404296875,93212000
2025-05-28,9387.940195935838,9487.283478432513,9338.2685546875,9338.2685546875,236950800
2025-06-02,8965.730822888048,9114.74573961195,8965.730822888048,9040.23828125,264428700
2025-06-03,8990.5673828125,9065.074847310947,8891.224096814572,8990.5673828125,128318100
2025-06-04,9040.238672963093,9065.07449349321,8891.223749782383,8916.0595703125,93357200
2025-06-05,8940.895154936974,8990.566794686625,8841.551875437675,8866.3876953125,95529000
2025-06-10,8916.059183980082,9040.23828125,8891.223364526099,9040.23828125,80406400
2025-06-11,9040.239025811465,9065.074847310947,8990.5673828125,8990.5673828125,56632600
2025-06-12,8940.895119863015,9065.07421875,8940.895119863015,9065.07421875,41337300
2025-06-13,9040.238908846952,9065.074730025104,8916.059802956197,8965.7314453125,83318000
2025-06-16,8866.3876953125,8940.895154936974,8841.551875437675,8866.3876953125,57825000
2025-06-17,8916.060033036329,9040.239142131542,8916.060033036329,9015.4033203125,54927900
2025-06-18,8891.223396901334,8965.730855534586,8841.5517578125,8841.5517578125,86270200
2025-06-19,8841.552150106838,8866.387970753205,8692.537226228633,8717.373046875,78879500
2025-06-20,8642.865234375,8816.715971848062,8568.357775457975,8642.865234375,445915100
2025-06-23,8518.686755548008,8642.86586277174,8444.179291213768,8568.3583984375,87324500
2025-06-24,8667.701405582266,8791.880508814102,8642.865584935897,8717.373046875,110158900
2025-06-25,8667.701566474383,8717.373208689136,8419.343355400619,8543.5224609375,117561000
2025-06-26,8469.015227036669,8593.1943359375,8469.015227036669,8593.1943359375,117281700
2025-06-30,8518.686019677594,8767.04421267111,8493.850200378243,8618.029296875,185441800
2025-07-01,8692.536873653018,8717.372693292025,8543.521955818966,8642.865234375,82364500
2025-07-02,8518.686019677594,8618.029296875,8518.686019677594,8618.029296875,68545100
2025-07-03,8642.865745367006,8692.537387581759,8543.5224609375,8543.5224609375,50370800
2025-07-04,8593.1943359375,8642.865979497832,8493.851048816836,8593.1943359375,43593300
2025-07-07,8568.3583984375,8593.194219882245,8493.85093410326,8568.3583984375,49936900
2025-07-08,8493.850350413602,8543.521989889707,8369.671251723346,8444.1787109375,215611000
2025-07-09,8444.1787109375,8493.850350413602,8394.507071461398,8444.1787109375,94459300
2025-07-10,8469.014997615372,8593.194103152253,8444.179176507994,8543.5224609375,111769400
2025-07-11,8518.686755548008,8618.030041326992,8518.686755548008,8568.3583984375,135986500
2025-07-14,8593.193748854472,8618.029568937867,8394.507188187317,8469.0146484375,125196000
2025-07-15,8543.522226790936,8543.522226790936,8419.343124657347,8493.8505859375,77219300
2025-07-16,8493.850468520894,8543.522108687683,8444.178828354105,8469.0146484375,97475300
2025-07-17,8444.178828354105,8493.850468520894,8444.178828354105,8469.0146484375,86016400
2025-07-18,8493.850982937685,8518.686804525221,8369.671875,8369.671875,80432200
2025-07-21,8394.5078125,8444.179456360947,8320.00034670858,8394.5078125,95383500
2025-07-22,8394.50757998512,8419.34340122768,8344.8359375,8344.8359375,77981700
2025-07-23,8394.507696587536,8444.179339762612,8344.836053412462,8369.671875,70969500
2025-07-24,8419.342891199449,8493.850350413602,8394.507071461398,8444.1787109375,138256800
2025-07-25,8444.179456360947,8469.015278291421,8394.5078125,8394.5078125,58682800
2025-07-28,8568.357809627758,8568.357809627758,8419.342891199449,8444.1787109375,99484300
2025-07-29,8444.179222470239,8444.179222470239,8320.00011625744,8344.8359375,104240300
2025-07-30,8419.34328358209,8419.34328358209,8270.328358208955,8320.0,98098100
2025-07-31,8295.163708459215,8319.99952794562,8195.820430513595,8220.65625,206006300
2025-08-01,8344.835466867471,8369.671286709337,8245.4921875,8245.4921875,86196100
2025-08-04,8270.32788897281,8295.163708459215,8220.65625,8220.65625,49054500
2025-08-05,8295.164410237388,8394.507696587536,8270.32858864985,8369.671875,69475900
2025-08-06,8369.671286709337,8369.671286709337,8245.4921875,8245.4921875,56325400
2025-08-07,8270.328007341868,8295.163827183735,8245.4921875,8245.4921875,43621300
2025-08-08,8270.328007341868,8344.835466867471,8245.4921875,8245.4921875,68378700
2025-08-11,8444.178945084064,8493.8505859375,8369.671483803912,8493.8505859375,128561300
2025-08-12,8568.358464645127,8816.716681011652,8518.686821371823,8791.880859375,171015700
2025-08-13,8916.05933506215,8916.05933506215,8667.7011363139,8866.3876953125,129083900
2025-08-14,8866.387970753205,8891.223791399572,8692.537226228633,8717.373046875,122930900
2025-08-15,8767.044332570043,8791.880152209053,8642.865234375,8642.865234375,68754200
2025-08-19,8543.521989889707,8543.521989889707,8394.507071461398,8444.1787109375,128591700
2025-08-20,8319.999727937133,8543.522108687683,8295.16390785374,8469.0146484375,202260200
2025-08-21,8493.8505859375,8518.686406364217,8444.178945084064,8493.8505859375,69470200
2025-08-22,8518.686922152367,8518.686922152367,8394.5078125,8394.5078125,66394100
2025-08-25,8469.014412218841,8493.850231609513,8419.3427734375,8419.3427734375,64052700
2025-08-26,8394.506865530302,8419.34268465909,8195.8203125,8195.8203125,326794200
2025-08-27,8195.820547816265,8295.163827183735,8146.148908132531,8245.4921875,111915700
2025-08-28,8295.163945195196,8319.99976539039,8220.65648460961,8270.328125,81281400
2025-08-29,8195.820962533862,8220.656783632448,8021.97021484375,8021.97021484375,236499300
2025-09-01,7599.760922241211,7997.134042358399,7550.089282226562,7947.46240234375,421127500
2025-09-02,7947.46240234375,8121.31314239502,7947.46240234375,7947.46240234375,155531500
2025-09-03,7848.119489615988,7947.46277429467,7848.119489615988,7922.626953125,212372700
2025-09-04,7922.626582336426,7947.46240234375,7872.954942321778,7947.46240234375,103534800
2025-09-08,7972.298279601258,7972.298279601258,7649.4326171875,7649.4326171875,321191900
2025-09-09,7574.925314057309,7674.268596864618,7425.910389846345,7475.58203125,595368700
2025-09-10,7500.417677659255,7748.77587890625,7500.417677659255,7748.77587890625,246849600
2025-09-11,7848.119395650875,7922.626858267814,7798.44775390625,7798.44775390625,235173400
2025-09-12,7922.626718996451,7922.626718996451,7798.4476168178235,7872.955078125,156084700
2025-09-15,7947.462519470405,8046.805800963785,7922.62669909706,7972.29833984375,142567700
2025-09-16,7997.134180303628,8021.970000739354,7848.1192576892745,7872.955078125,129312900
2025-09-17,7798.44775390625,7848.119395650875,7748.776112161624,7798.44775390625,183725900
2025-09-18,7798.447538301542,7848.11917867289,7599.760976816153,7649.4326171875,275378700
2025-09-19,7599.760958158054,7773.61169903095,7599.760958158054,7748.77587890625,149025300
2025-09-22,7748.776016383495,7773.611836948827,7674.2685546875,7674.2685546875,92588800
2025-09-23,7699.104585193452,7848.11951264881,7699.104585193452,7823.28369140625,102606200
2025-09-24,7897.790679637259,7897.790679637259,7674.268301911676,7723.93994140625,150428400
2025-09-25,7674.268437373174,7723.940077744521,7649.4326171875,7649.4326171875,147986600
2025-09-26,7525.253651703381,7649.432754866803,7525.253651703381,7574.92529296875,121657700
2025-09-29,7699.104121658963,7748.775761153537,7649.432482164389,7723.93994140625,116454700
2025-09-30,7649.432754866803,7723.940216764857,7574.92529296875,7574.92529296875,170666700
2025-10-01,7550.0893750000005,7624.5968359375,7450.74609375,7450.74609375,202433400
2025-10-02,7450.74609375,7550.0893750000005,7450.74609375,7450.74609375,126952400
2025-10-03,7475.58203125,7500.417851951827,7450.746210548173,7475.58203125,76787500
2025-10-06,7450.74609375,7500.417734375001,7401.074453125,7450.74609375,104032400
2025-10-07,7500.417598107467,7550.089237830033,7450.745958384901,7525.25341796875,74282600
2025-10-08,7450.745994438559,7475.581814420021,7326.56689453125,7326.56689453125,168080800
2025-10-09,7326.567221129967,7649.432895281458,7252.059757864238,7500.41796875,293567400
2025-10-10,7401.0744727882175,7401.0744727882175,7301.731191274282,7351.40283203125,107426000
2025-10-13,7252.059686966724,7326.567149504053,7252.059686966724,7276.8955078125,101847900
2025-10-14,7227.2240049164875,7301.731468884698,7202.38818359375,7202.38818359375,151862300
2025-10-15,7202.38818359375,7301.731468884698,7177.552362271013,7202.38818359375,133206400
2025-10-16,7202.387929419949,7276.895390758776,7177.552108973673,7252.0595703125,120611200
2025-10-17,7252.05953125,7475.5819140625,7227.2237109375,7450.74609375,157334400
2025-10-20,7649.432942708334,7947.462797619048,7574.9254789806555,7823.28369140625,393421800
2025-10-21,8046.805482577433,8419.3427734375,8046.805482577433,8419.3427734375,529802600
2025-10-22,8642.865323694741,8642.865323694741,8146.14892578125,8146.14892578125,392957200
2025-10-23,8146.149024024025,8295.163945195196,8096.477383633634,8270.328125,187003900
2025-10-24,8245.492069486405,8319.99952794562,8220.65625,8220.65625,133355100
2025-10-27,8270.328241953594,8369.671524139221,8146.149139221557,8295.1640625,182275600
2025-10-28,8295.163708459215,8344.835347432025,8195.820430513595,8220.65625,180270000
2025-10-29,8245.492607648983,8543.5224609375,8220.656786541607,8543.5224609375,239156800
2025-10-30,8518.686288604289,8692.53702918805,8419.343008270711,8469.0146484375,259009800
2025-10-31,8493.850468520894,8593.193748854472,8469.0146484375,8469.0146484375,177088000
2025-11-03,8593.1943359375,8593.1943359375,8469.015227036669,8593.1943359375,115007100
2025-11-04,8593.1943359375,8642.865979497832,8568.358514157333,8593.1943359375,155231500
2025-11-05,8568.357775457975,8642.865234375,8543.521955818966,8642.865234375,125731500
2025-11-06,8568.358047217653,8618.029688071088,8493.8505859375,8493.8505859375,89756900
2025-11-07,8493.850200378243,8618.029296875,8493.850200378243,8618.029296875,75241900
2025-11-10,8618.029806509658,8618.029806509658,8518.6865234375,8518.6865234375,79897700
2025-11-11,8518.686686197918,8543.522507440477,8344.8359375,8344.8359375,130897600
2025-11-12,8369.671251723346,8493.850350413602,8344.835431985293,8444.1787109375,85415600
2025-11-13,8344.835820895521,8419.34328358209,8320.0,8320.0,104113800
2025-11-14,8320.000231824926,8444.179339762612,8320.000231824926,8369.671875,89815300
2025-11-17,8444.179061133382,8518.6865234375,8419.343240365342,8518.6865234375,129411100
2025-11-18,8493.850864955357,8518.686686197918,8344.8359375,8344.8359375,119377900
2025-11-19,8295.163676484144,8444.178592828172,8270.327857093473,8419.3427734375,114209700
2025-11-20,8419.343518175074,8543.52262611276,8344.836053412462,8369.671875,124087400
2025-11-21,8320.00011625744,8369.67175874256,8295.164295014882,8344.8359375,103917100
2025-11-24,8344.835315265487,8419.3427734375,8295.163676484144,8419.3427734375,279590600
2025-11-25,8419.342891199449,8444.1787109375,8319.999612247242,8444.1787109375,98807700
2025-11-26,8344.836053412462,8394.507696587536,8320.000231824926,8369.671875,77094400
2025-11-27,8369.67140578078,8394.507225975976,8270.328125,8270.328125,71051300
2025-11-28,8270.32788897281,8295.163708459215,8220.65625,8220.65625,67559300
2025-12-01,8394.50757998512,8394.50757998512,8295.164295014882,8344.8359375,76359200
2025-12-02,8295.164179104477,8369.671641791045,8295.164179104477,8320.0,97044000
2025-12-03,8350.0,8400.0,8300.0,8300.0,103550900
2025-12-04,8325.0,8350.0,8225.0,8225.0,71410400
2025-12-05,8200.0,8300.0,8200.0,8300.0,71162300
2025-12-08,8350.0,8350.0,8250.0,8300.0,61745200
2025-12-09,8300.0,8300.0,8100.0,8100.0,113057200
2025-12-10,8100.0,8175.0,8025.0,8075.0,143418300
2025-12-11,8175.0,8200.0,7900.0,8000.0,140766000
2025-12-12,7900.0,8000.0,7850.0,8000.0,100006800
2025-12-15,7925.0,8300.0,7925.0,8300.0,143105700
2025-12-16,8375.0,8375.0,8025.0,8075.0,122332000
2025-12-17,8000.0,8125.0,7975.0,8025.0,89802700
2025-12-18,8025.0,8250.0,8025.0,8175.0,88497200
2025-12-19,8200.0,8225.0,8050.0,8050.0,131069800
2025-12-22,8050.0,8175.0,8025.0,8175.0,72424200
2025-12-23,8100.0,8125.0,7975.0,8025.0,85044100
2025-12-24,8025.0,8075.0,8000.0,8025.0,71260500
2025-12-29,8025.0,8025.0,7950.0,8025.0,78399400
2025-12-30,7950.0,8175.0,7950.0,8075.0,101995600
2026-01-02,8075.0,8075.0,8000.0,8025.0,68612400
2026-01-05,8000.0,8100.0,8000.0,8075.0,73408800
2026-01-06,8175.0,8175.0,8075.0,8175.0,97624300
2026-01-07,8125.0,8175.0,8025.0,8150.0,93152500
2026-01-08,8100.0,8150.0,8050.0,8050.0,79823700
2026-01-09,8125.0,8175.0,8050.0,8125.0,79484700
2026-01-12,8075.0,8100.0,8000.0,8025.0,82935700
2026-01-13,8025.0,8075.0,8000.0,8075.0,80536300
2026-01-14,8025.0,8050.0,7950.0,8000.0,105724300
2026-01-15,8000.0,8175.0,7975.0,8075.0,151753100
2026-01-19,8075.0,8125.0,7975.0,8125.0,172100000
2026-01-20,8050.0,8125.0,8000.0,8000.0,82672500
2026-01-21,7925.0,7950.0,7700.0,7700.0,301825600
2026-01-22,7700.0,7775.0,7600.0,7650.0,268025900
2026-01-23,7600.0,7675.0,7550.0,7650.0,202878600
2026-01-26,7550.0,7675.0,7525.0,7650.0,213044100
2026-01-27,7575.0,7625.0,7500.0,7500.0,259830900
2026-01-28,7050.0,7400.0,6925.0,7025.0,1027287500
2026-01-29,6675.0,7275.0,6375.0,7200.0,1432993400
2026-01-30,7200.0,7600.0,7200.0,7400.0,528434900
2026-02-02,7600.0,7600.0,7325.0,7600.0,326948700
2026-02-03,7200.0,7600.0,7375.0,7500.0,100510700
