Date,Open,High,Low,Close,Volume
2021-02-04,2991.7401932573425,3079.139276806746,2937.9560585102895,3018.632080078125,162519997
2021-02-05,3052.2475348486787,3052.2475348486787,2971.571148346373,3005.186279296875,99005120
2021-02-08,3045.5238930819237,3045.5238930819237,2991.7397660156266,2998.462646484375,120218986
2021-02-09,3025.354988389408,3206.876208249569,3025.354988389408,3106.031005859375,464366860
2021-02-10,3112.7538289223025,3166.53795681515,3092.585006653386,3126.199951171875,202155881
2021-02-11,3159.815392162989,3166.5384543441082,3112.754318000655,3146.36962890625,99681961
2021-02-15,3166.538330078125,3213.5994023936187,3159.815268160842,3166.538330078125,93158189
2021-02-16,3186.707309502844,3186.707309502844,3132.923178752385,3139.646240234375,71623667
2021-02-17,3166.538035478965,3179.984158062569,3106.030844958198,3112.75390625,101529553
2021-02-18,3159.8150635748834,3206.876132843353,3126.200117270395,3139.646240234375,152089286
2021-02-19,3092.585180394146,3220.322265625,3092.585180394146,3220.322265625,109884637
2021-02-22,3260.660273534456,3274.1063965394287,3200.1530811175408,3220.322265625,157619632
2021-02-23,3233.768388629973,3247.214150529483,3186.7073192180305,3220.322265625,107810772
2021-02-24,3220.322384397206,3240.491569648547,3166.538251499106,3179.984375,105582023
2021-02-25,3206.876260896312,3206.876260896312,3139.646365602794,3179.984375,131635423
2021-02-26,3179.9844539126902,3193.4305777472555,3159.815268160842,3166.538330078125,161796404
2021-03-01,3227.0460160423304,3247.21484375,3173.2618736459785,3247.21484375,127020403
2021-03-02,3274.1059853770116,3280.8290460352155,3227.044921875,3227.044921875,75195758
2021-03-03,3227.045452675864,3260.660400390625,3186.707443197056,3260.660400390625,85026738
2021-03-04,3260.6602684952795,3260.6602684952795,3179.984252801048,3200.153076171875,117897176
2021-03-05,3186.7071542048798,3206.8759765625,3159.8149095874605,3206.8759765625,71188389
2021-03-08,3227.045446147653,3240.491569648547,3179.984375,3179.984375,69917647
2021-03-09,3193.4302340994727,3193.4302340994727,3065.6927936280085,3079.138916015625,165527119
2021-03-10,3126.2000288336044,3132.9230901254064,3085.8620221882434,3112.75390625,77405916
2021-03-12,3153.0918669366233,3153.0918669366233,3052.247032345838,3079.138916015625,152360111
2021-03-15,3079.139077170678,3112.7540237936023,3065.6929540793226,3072.416015625,95483079
2021-03-16,3132.923222123841,3206.8761772385965,3099.3082753539943,3173.26123046875,151028868
2021-03-17,3146.369301716365,3159.8150635748834,3092.585170965906,3139.646240234375,116245827
2021-03-18,3166.538129816856,3206.8761376639713,3153.092006832663,3200.153076171875,95635541
2021-03-19,3193.430370984834,3193.430370984834,3139.646240234375,3139.646240234375,166398004
2021-03-22,3159.814974187163,3159.814974187163,3106.030844958198,3112.75390625,67100278
2021-03-23,3173.261186538864,3173.261186538864,3126.200117270395,3139.646240234375,115036356
2021-03-24,3179.984248020854,3179.984248020854,3126.200117270395,3139.646240234375,120514341
2021-03-25,3159.81513787451,3159.81513787451,3079.1391204045426,3106.031005859375,95145043
2021-03-26,3112.754037398653,3173.26123046875,3106.030975823591,3173.26123046875,106978057
2021-03-29,3213.5992388136588,3213.5992388136588,3173.26123046875,3173.26123046875,106807554
2021-03-30,3159.8151296018227,3159.8151296018227,3011.9090377765365,3025.35498046875,214898061
2021-03-31,2991.7398817139747,3011.908885005644,2864.0026201297665,2958.124755859375,323139711
2021-04-01,2924.5098851019156,2937.9560088377148,2830.3877411622852,2884.171875,340183845
2021-04-05,2904.3410643867624,2911.0641266813686,2796.772970436828,2823.6650390625,345533898
2021-04-06,2871.1070929593343,2912.4181127585657,2857.336876297657,2891.7626953125,167319270
2021-04-07,2912.4181127585657,2919.303128635854,2864.222077082046,2891.7626953125,116953800
2021-04-08,2926.1885800429136,3001.9252404365934,2912.4183622018427,2995.0400390625,158572578
2021-04-09,3015.6956431847802,3029.465861025851,2995.0400390625,2995.0400390625,125277643
2021-04-12,3022.5803944003133,3022.5803944003133,2891.7626892153535,2898.647705078125,115119078
2021-04-13,2898.6478031688775,2933.073623276111,2836.6815488643842,2864.22216796875,120186645
2021-04-14,2946.843999258078,2995.0400390625,2905.5331608277493,2995.0400390625,113531640
2021-04-15,3022.5804283835596,3036.350830078125,2946.8437737847557,3036.350830078125,86272180
2021-04-16,3063.891439531883,3070.7764554517757,2967.4993675823684,2988.15478515625,74495706
2021-04-19,3001.9249112618004,3015.6953125,2967.4992779804934,3015.6953125,62185614
2021-04-20,2953.72910939591,2981.26972913448,2905.5330710801913,2967.49951171875,98216076
2021-04-21,2919.3032290046276,2953.729049203067,2912.418212890625,2912.418212890625,51954007
2021-04-22,2912.4181127585657,2933.0735302046314,2891.7626953125,2891.7626953125,118813822
2021-04-23,2891.7628407236775,2946.8438950472155,2884.8776395930695,2926.1884765625,120513461
2021-04-26,2919.303362945632,2926.1885642826423,2843.56688786698,2850.451904296875,157367288
2021-04-27,2891.762780697438,2891.762780697438,2857.3369606661054,2871.107177734375,146082083
2021-04-28,2871.107083624436,2905.5329025273495,2843.566650390625,2843.566650390625,126586116
2021-04-29,2884.8775860702476,2891.7627870731158,2850.451765963014,2864.22216796875,124711354
2021-04-30,2857.336802916875,2864.2220035244413,2788.4853515625,2788.4853515625,257497837
2021-05-03,2795.3703962891404,2802.2554116056754,2754.059379854505,2760.944580078125,124235705
2021-05-04,2767.8297456851733,2802.255376558551,2760.944545547665,2795.370361328125,84287635
2021-05-05,2829.7960947733145,2843.566495547468,2809.1406785191734,2816.02587890625,117321536
2021-05-06,2843.567279570906,2843.567279570906,2802.256250765329,2829.796875,86226199
2021-05-07,2850.451602309309,2850.451602309309,2781.6001509549337,2788.4853515625,83358229
2021-05-10,2788.4853515625,2816.025969085669,2788.4853515625,2788.4853515625,81377755
2021-05-11,2774.715426941132,2781.600628731322,2740.2897878044373,2747.1748046875,167031505
2021-05-17,2726.519336294429,2754.059958063923,2685.20849609375,2685.20849609375,214824800
2021-05-18,2726.519336294429,2726.519336294429,2678.3232944245956,2685.20849609375,127276708
2021-05-19,2650.7825756810807,2712.749018622295,2650.7825756810807,2664.552978515625,135307947
2021-05-20,2643.897369495071,2705.8636230836464,2630.1269676484294,2671.43798828125,164832677
2021-05-21,2698.9784158615284,2719.6340185832855,2657.6675802322216,2678.322998046875,121124632
2021-05-24,2733.404304051436,2795.3707439567766,2692.093467385948,2781.600341796875,147190132
2021-05-25,2802.255376558551,2850.451407706945,2781.5999610531076,2795.370361328125,168676803
2021-05-27,2850.4519975856165,2884.8778204902305,2719.63427734375,2719.63427734375,622692705
2021-05-28,2781.6001979696534,2871.10706775248,2767.8299814288716,2802.255615234375,274099434
2021-05-31,2843.566380408097,2946.843457496992,2829.795980191523,2933.0732421875,326538660
2021-06-02,2995.0394884408365,3015.6950887656976,2912.4178267697207,2933.0732421875,312257333
2021-06-03,2939.959034238879,3001.92529296875,2905.5332116730933,3001.92529296875,173444725
2021-06-04,3015.6954035571257,3022.5804194770185,2953.7289659283797,2988.15478515625,138144236
2021-06-07,2988.154916923756,2995.0399331472545,2898.6478569471765,2926.1884765625,152755788
2021-06-08,2946.8437468663087,2946.8437468663087,2884.8774945281116,2891.7626953125,108888570
2021-06-09,2822.910865757996,2939.958531522919,2822.910865757996,2905.53271484375,107433795
2021-06-10,2946.843855734987,2974.3844749829063,2933.0736385645805,2960.6142578125,106984877
2021-06-11,2995.039785727772,2995.039785727772,2946.84375,2946.84375,57809408
2021-06-14,2981.269821221429,2995.0400390625,2946.843999258078,2995.0400390625,133363443
2021-06-15,2995.039885515509,2995.039885515509,2898.6478108484066,2912.418212890625,200713646
2021-06-16,2857.336643580466,2871.1068591206213,2760.944580078125,2760.944580078125,481002668
2021-06-17,2740.2894529604987,2802.255706778989,2705.863633123268,2774.715087890625,336253477
2021-06-18,2795.371037412803,2795.371037412803,2692.09375,2692.09375,325605954
2021-06-21,2671.437944252021,2733.404196819302,2657.6675426323363,2712.748779296875,159544775
2021-06-22,2712.7488857186922,2802.255760129619,2698.9784835587907,2781.600341796875,132832794
2021-06-23,2788.4854334838406,2802.255650196425,2712.748779296875,2712.748779296875,178751767
2021-06-24,2754.06000647769,2760.9452082678795,2726.5193842240574,2747.1748046875,55421157
2021-06-25,2774.715426941132,2781.600628731322,2747.1748046875,2747.1748046875,83150216
2021-06-28,2740.2893438572087,2747.1743596248475,2705.863525390625,2705.863525390625,155357663
2021-06-29,2657.667874324256,2692.0936977629044,2657.667874324256,2685.20849609375,133952393
2021-06-30,2685.2081609646057,2733.404196819302,2678.322960154763,2712.748779296875,124133954
2021-07-01,2712.748779296875,2733.404196819302,2692.093361774448,2712.748779296875,105240907
2021-07-02,2754.06000647769,2774.715426941132,2733.4045860142473,2747.1748046875,93832940
2021-07-05,2705.8639161940896,2726.519336294429,2671.438277662565,2685.20849609375,93466744
2021-07-06,2719.6340185832855,2719.6340185832855,2678.322998046875,2678.322998046875,60849751
2021-07-07,2698.978407256702,2712.748809027304,2623.241752239699,2630.126953125,163599005
2021-07-08,2678.323196443052,2685.208397860324,2630.127156336382,2664.552978515625,162349164
2021-07-09,2657.6677722071186,2664.5529736117187,2602.5865307845493,2616.35693359375,140611578
2021-07-12,2616.3567812166893,2630.126998316793,2581.9309611057697,2588.816162109375,131702194
2021-07-13,2616.356582602489,2616.356582602489,2588.8159655858526,2602.586181640625,175683484
2021-07-14,2602.5866675506745,2616.357071083511,2547.5056081407083,2554.390625,115704508
2021-07-15,2581.930624260228,2643.897055394156,2568.1604089566226,2623.241455078125,139855425
2021-07-16,2650.7819876390527,2657.667187528931,2623.241372986614,2643.89697265625,108336691
2021-07-19,2650.7822151929663,2650.7822151929663,2602.586181640625,2602.586181640625,69326497
2021-07-21,2650.7823708738006,2671.437973529704,2623.241752239699,2630.126953125,111008747
2021-07-22,2664.5530759934104,2692.0936977629044,2643.897655893071,2685.20849609375,93842180
2021-07-23,2712.749018622295,2719.634220039567,2637.012357753654,2664.552978515625,95960267
2021-07-26,2685.208244383203,2685.208244383203,2630.127006007512,2637.01220703125,90198037
2021-07-27,2657.6677722071186,2657.6677722071186,2595.701514287066,2616.35693359375,99741692
2021-07-28,2616.356679875462,2623.2416957052783,2561.2754437943345,2568.16064453125,77777283
2021-07-29,2588.816214871694,2643.8974542089254,2581.931013727762,2595.701416015625,102817895
2021-07-30,2637.012491475639,2637.012491475639,2554.390625,2554.390625,113633172
2021-08-02,2595.7015025579653,2595.7015025579653,2547.5054627577783,2575.0458984375,105807637
2021-08-03,2575.0457073405946,2602.586325883614,2561.2754905226366,2581.930908203125,87862477
2021-08-04,2609.471152978062,2650.781982421875,2595.700938132483,2650.781982421875,91847406
2021-08-05,2685.20808207739,2816.025969085669,2685.20808207739,2788.4853515625,294149590
2021-08-06,2788.4853787661673,2795.370579440904,2685.2081082735135,2705.863525390625,152456913
2021-08-09,2712.74841149467,2719.6336113709976,2630.1265676999683,2650.781982421875,102404178
2021-08-10,2678.3229895079016,2678.3229895079016,2623.241752239699,2630.126953125,94349949
2021-08-12,2650.7820705924173,2650.7820705924173,2616.3564398798635,2623.241455078125,94464021
2021-08-13,2630.127156336382,2671.438179932897,2630.127156336382,2664.552978515625,104829940
2021-08-16,2664.5526911564025,2705.863525390625,2643.897274039291,2705.863525390625,70083530
2021-08-18,2747.1743792570514,2816.026016682255,2705.8635447276083,2802.255615234375,247351372
2021-08-19,2754.0596597326844,2767.830061579326,2657.6675864346084,2671.43798828125,218214729
2021-08-20,2671.4378918311386,2712.748726065361,2637.012073364555,2705.863525390625,88330535
2021-08-23,2740.2894448256047,2747.1744608469285,2705.8636250905715,2726.51904296875,68133856
2021-08-24,2719.6340185832855,2726.519034583434,2637.0121624175677,2678.322998046875,150882016
2021-08-25,2650.782379324969,2685.208198954127,2650.782379324969,2678.322998046875,86571495
2021-08-26,2678.323196443052,2685.208397860324,2643.8975591709263,2664.552978515625,69144334
2021-08-27,2678.322602291491,2678.322602291491,2637.0117727663715,2643.89697265625,79498923
2021-08-30,2650.782341822494,2712.748779296875,2643.897325919752,2712.748779296875,128539860
2021-08-31,2712.748726065361,2719.633926740097,2664.5526911564025,2705.863525390625,134879489
2021-09-01,2705.8636167687805,2705.8636167687805,2671.437982046726,2678.322998046875,97691477
2021-09-02,2657.667777098353,2678.323196443052,2643.8975591709263,2664.552978515625,81242343
2021-09-03,2650.78228980693,2705.863525390625,2623.2416720150823,2705.863525390625,165056860
2021-09-06,2719.6336113709976,2740.2890260929044,2650.781982421875,2650.781982421875,188929693
2021-09-07,2678.3233463944916,2698.9787668956264,2664.5531276961106,2692.09375,140380354
2021-09-08,2893.189542141421,2938.632309819035,2817.4515960120643,2825.025390625,228087900
2021-09-09,2802.304006786193,2855.3205690767427,2764.4350337215146,2825.025390625,306319600
2021-09-10,2809.877726236979,2870.468081519717,2779.58254859561,2862.894287109375,177033000
2021-09-13,2809.877749551309,2840.1729274440454,2772.008777185388,2802.303955078125,169825000
2021-09-14,2817.451544024493,2825.0253384976772,2772.008777185388,2802.303955078125,216363400
2021-09-15,2779.5825835681353,2779.5825835681353,2741.7136110399592,2772.0087890625,263544000
2021-09-16,2764.435122982486,2772.0089178399726,2734.139943552541,2756.861328125,194782800
2021-09-17,2749.287482010691,2756.8612767269738,2703.8447137129933,2734.139892578125,346529100
2021-09-20,2718.992431640625,2718.992431640625,2658.4020710469617,2718.992431640625,357971300
2021-09-21,2658.402198086266,2711.418766139268,2650.8284026501224,2703.844970703125,410533900
2021-09-22,2665.9757401315787,2764.4350714432567,2665.9757401315787,2734.139892578125,416087300
2021-09-23,2726.56628191313,2855.32080078125,2718.992486685593,2855.32080078125,432390800
2021-09-24,2870.4678277619846,2923.4843839475625,2855.3202402803913,2893.189208984375,634549600
2021-09-27,2855.3204401041667,2878.0418229166667,2825.0252630208333,2840.1728515625,380151200
2021-09-28,2855.320634083081,2855.320634083081,2794.730275800151,2817.45166015625,306827400
2021-09-29,2817.451775045956,2840.173160328585,2794.7303897633274,2832.599365234375,143081800
2021-09-30,2847.7467380275975,2931.0584777039367,2840.1729435115667,2915.910888671875,416099000
2021-10-01,2915.9110545623,2968.927619190705,2900.7634646684696,2953.780029296875,359864700
2021-10-04,2953.7798257438603,3037.091564418687,2946.206031318876,3006.79638671875,335762600
2021-10-05,2991.648809612556,3014.3701929767017,2961.3536317936946,2976.501220703125,236562700
2021-10-06,2968.9271986878034,3143.124457794486,2968.9271986878034,3120.403076171875,446708800
2021-10-07,3143.124457794486,3158.272045542893,3082.5341068008574,3120.403076171875,264905400
2021-10-08,3173.4201155442456,3211.289090670072,3127.977345393254,3150.69873046875,196631600
2021-10-11,3150.698601973684,3180.993780838816,3127.9772178248354,3165.84619140625,146720100
2021-10-12,3165.845936852044,3211.2887014958533,3165.845936852044,3196.14111328125,241196000
2021-10-13,3203.7150125949183,3256.7315730870328,3196.141218238902,3241.583984375,264629400
2021-10-14,3241.5839315257354,3294.600491153493,3203.7149603630514,3218.862548828125,196989500
2021-10-15,3218.8625900833695,3279.4529447202326,3196.1412070945457,3271.879150390625,318189600
2021-10-18,3294.600688908376,3340.04345703125,3287.02689422123,3340.04345703125,286829000
2021-10-19,3370.3389476429334,3370.3389476429334,3302.1747891512787,3332.469970703125,161256300
2021-10-21,3370.3384651394063,3377.9122594430905,3271.879139191514,3302.17431640625,319230200
2021-10-22,3287.0271983753555,3332.469970703125,3271.879607599432,3332.469970703125,160459300
2021-10-25,3279.4528274890986,3309.7480037245637,3256.7314453125,3256.7314453125,128240100
2021-10-26,3241.584264996408,3309.7484201014727,3234.0104699847343,3294.600830078125,108782400
2021-10-27,3279.4531380891244,3287.026932865312,3226.4365746558133,3249.157958984375,258038300
2021-10-28,3188.567435210606,3256.7315846569136,3180.993640827683,3211.288818359375,159645200
2021-10-29,3256.731519990809,3256.731519990809,3196.1411661305146,3218.862548828125,155011100
2021-11-01,3279.453033230829,3279.453033230829,3196.141293356605,3203.715087890625,102079300
2021-11-02,3234.010395983336,3234.010395983336,3188.567626953125,3188.567626953125,124799700
2021-11-03,3218.8627798796256,3256.7317537605627,3188.567600774876,3249.157958984375,100486300
2021-11-04,3279.4529026884193,3287.026696920956,3218.862548828125,3218.862548828125,119591100
2021-11-05,3234.0102015081443,3234.0102015081443,3188.567435210606,3211.288818359375,74347000
2021-11-08,3218.862676958666,3226.4364714926865,3196.141293356605,3203.715087890625,79465600
2021-11-09,3203.7149603630514,3218.862548828125,3196.1411661305146,3218.862548828125,92453200
2021-11-10,3203.7149603630514,3226.436343060662,3188.567371897978,3218.862548828125,69475400
2021-11-11,3249.157725758272,3256.731519990809,3203.7149603630514,3218.862548828125,149637700
2021-11-12,3234.0100838177577,3249.1576720323606,3188.5673191739484,3196.14111328125,80234400
2021-11-15,3196.1415006197417,3196.1415006197417,3135.5511404184194,3150.69873046875,220142300
2021-11-16,3120.4035000189165,3158.272474533709,3120.4035000189165,3127.977294921875,163555000
2021-11-17,3158.272511509487,3180.993896484375,3150.698716517857,3180.993896484375,126523700
2021-11-18,3143.1248072574012,3173.419986122533,3135.5510125411183,3165.84619140625,114881200
2021-11-19,3196.141218238902,3249.1577787310166,3196.141218238902,3241.583984375,182167700
2021-11-22,3264.3053674430494,3264.3053674430494,3218.862601306951,3241.583984375,151514000
2021-11-23,3241.5841908217044,3241.5841908217044,3180.9938321147565,3188.567626953125,104294200
2021-11-24,3180.9938321147565,3203.715216629862,3173.420037276388,3188.567626953125,111072800
2021-11-25,3165.845936852044,3218.8624956031545,3165.845936852044,3196.14111328125,123609400
2021-11-26,3173.4201155442456,3196.1415006197417,3143.1249354435845,3150.69873046875,148652500
2021-11-29,3143.124871196793,3173.4200506782076,3090.1083071043167,3158.2724609375,164312800
2021-11-30,3143.1244030791568,3196.1409592756727,3097.681640625,3097.681640625,316653200
2021-12-01,3097.6814593146833,3165.8455990062043,3082.533872716567,3090.107666015625,163457900
2021-12-02,3074.9607666015627,3196.141486467634,3074.9607666015627,3180.993896484375,139281800
2021-12-03,3188.567640418915,3196.141435289269,3158.2724609375,3158.2724609375,93227100
2021-12-06,3180.9934919593975,3196.141080016347,3112.829345703125,3112.829345703125,106610000
2021-12-07,3173.419909754544,3203.715087890625,3150.6985261524824,3203.715087890625,182048000
2021-12-08,3218.862806306599,3218.862806306599,3158.2724475996515,3188.567626953125,143230200
2021-12-09,3196.1413055638427,3196.1413055638427,3150.6985381861577,3173.419921875,90471500
2021-12-10,3127.977294921875,3150.6986796307506,3127.977294921875,3127.977294921875,122999200
2021-12-13,3158.272525493915,3180.993910569411,3150.69873046875,3150.69873046875,86848900
2021-12-14,3143.124884727792,3150.6986796307506,3127.977294921875,3127.977294921875,100110000
2021-12-15,3143.124921526228,3203.7152814592637,3135.551126534598,3180.993896484375,124522800
2021-12-16,3196.1413833691877,3196.1413833691877,3120.4034358959843,3135.551025390625,136646600
2021-12-17,3097.6817576461754,3135.550727788549,3097.6817576461754,3112.829345703125,153165400
2021-12-20,3082.5341068008574,3127.9768700460786,3074.960312926654,3120.403076171875,89198900
2021-12-21,3105.255252613741,3120.4028392118566,3090.107666015625,3090.107666015625,109561800
2021-12-22,3105.2556905864194,3112.8294849537037,3067.38671875,3067.38671875,104738000
2021-12-23,3097.6818210508764,3112.8294094178736,3074.9604385003813,3105.255615234375,72736800
2021-12-24,3105.2560537277336,3120.4036442337224,3067.387077462761,3082.53466796875,59795000
2021-12-27,3082.534488170605,3112.829667415525,3074.960693359375,3074.960693359375,65491200
2021-12-28,3097.681640625,3112.829228109719,3082.5340531402812,3097.681640625,52952500
2021-12-29,3097.6814593146833,3105.255252613741,3082.533872716567,3090.107666015625,27676500
2021-12-30,3090.1079636177005,3135.550727788549,3074.960375560751,3112.829345703125,146989400
2022-01-03,3120.4034231085525,3173.419986122533,3097.6820389597037,3165.84619140625,90842500
2022-01-04,3180.993910569411,3188.567705594576,3150.69873046875,3150.69873046875,93950000
2022-01-05,3165.8462424380195,3203.715216629862,3127.9772682461776,3188.567626953125,174376400
2022-01-06,3211.289090670072,3211.289090670072,3135.5511404184194,3150.69873046875,137280000
2022-01-07,3158.2723327491053,3180.9937164379476,3143.12474362321,3173.419921875,101275000
2022-01-10,3173.419986122533,3188.5675755550988,3165.84619140625,3165.84619140625,70722600
2022-01-11,3165.846139636672,3165.846139636672,3127.9771666745105,3143.124755859375,99404900
2022-01-12,3158.272525493915,3165.8463205190806,3127.977345393254,3150.69873046875,65907000
2022-01-13,3165.846127312053,3173.419921875,3158.2723327491053,3173.419921875,103522400
2022-01-14,3173.419986122533,3188.5675755550988,3150.698601973684,3165.84619140625,110213800
2022-01-17,3180.9938321147565,3188.567626953125,3165.8462424380195,3188.567626953125,102957100
2022-01-18,3211.288894689738,3211.288894689738,3135.5509490602626,3173.419921875,120275000
2022-01-19,3188.567654145543,3188.567654145543,3127.977294921875,3127.977294921875,109954700
2022-01-20,3127.977294921875,3150.6986796307506,3112.829705115958,3127.977294921875,86394600
2022-01-21,3127.977281456085,3158.2724609375,3112.829691715378,3158.2724609375,84972500
2022-01-24,3135.550663920282,3150.6982516686894,3105.255488423468,3120.403076171875,76709900
2022-01-25,3105.2560537277336,3112.829848980728,3029.518101197789,3082.53466796875,185007800
2022-01-26,3052.2388781708437,3105.2554343673596,3052.2388781708437,3097.681640625,97589500
2022-01-27,3082.5344621593827,3135.551025390625,3074.9606674120623,3135.551025390625,80682900
2022-01-28,3158.272409632586,3158.272409632586,3097.6820516540233,3135.551025390625,84812100
2022-01-31,3158.272620498695,3158.272620498695,3082.53466796875,3082.53466796875,78498500
2022-02-02,3120.4036442337224,3120.4036442337224,3074.9608727157556,3082.53466796875,81546300
2022-02-03,3165.8462694366676,3165.8462694366676,3127.977294921875,3127.977294921875,157898800
2022-02-04,3158.2724475996515,3188.567626953125,3143.1248579229145,3188.567626953125,236602900
2022-02-07,3211.289244495739,3340.043766091087,3196.1416537198156,3332.469970703125,468016600
2022-02-08,3370.3386873812287,3446.0766354122675,3332.469713365709,3362.764892578125,310878100
2022-02-09,3332.4696497542136,3408.2075963395364,3317.322060437149,3370.338623046875,149000100
2022-02-10,3408.2077128775168,3408.2077128775168,3370.3387382899887,3385.486328125,112521600
2022-02-11,3347.617239071278,3370.338623046875,3317.322060437149,3370.338623046875,103418200
2022-02-14,3370.3386357798327,3370.3386357798327,3317.3220729698132,3340.04345703125,105260000
2022-02-15,3362.764712365971,3370.338506763191,3324.895740379867,3355.19091796875,96658500
2022-02-16,3385.486160209276,3385.486160209276,3340.0433929581445,3347.6171875,89636300
2022-02-17,3324.8961753151634,3340.043766091087,3287.0271983753555,3332.469970703125,118305100
2022-02-18,3332.469534777088,3362.764712365971,3309.748151585426,3355.19091796875,127058000
2022-02-21,3377.9126476806096,3400.634033203125,3362.7650573322658,3400.634033203125,133717300
2022-02-22,3362.764712365971,3385.486095557633,3347.617123571529,3355.19091796875,109060900
2022-02-23,3423.355237688337,3423.355237688337,3377.9124690464564,3393.06005859375,160827800
2022-02-24,3385.486107341793,3385.486107341793,3309.748163105958,3324.895751953125,217523600
2022-02-25,3370.338711581387,3446.07666015625,3340.0435321514424,3446.07666015625,301346400
2022-03-01,3673.290477777403,3680.864272576944,3506.6669921875,3506.6669921875,494657800
2022-03-02,3544.536177785773,3552.1099730374517,3446.0768395139457,3453.650634765625,186635200
2022-03-04,3574.8308853051394,3582.404679553667,3491.519148571333,3536.9619140625,292022600
2022-03-07,3468.797745696211,3506.6667167190953,3423.35498046875,3423.35498046875,224515800
2022-03-08,3408.2074787492948,3453.6502451326182,3355.19091796875,3355.19091796875,214870200
2022-03-09,3430.9294267984133,3476.372200663293,3408.2080398659737,3461.224609375,191967100
2022-03-10,3514.2411788840263,3514.2411788840263,3415.7818355101203,3461.224609375,225575800
2022-03-11,3464.572265625,3496.0683771306817,3440.9501819957386,3464.572265625,275965300
2022-03-14,3496.0678451673116,3574.8081119503595,3472.4457651323974,3559.06005859375,212052100
2022-03-15,3582.682591767218,3653.548840835141,3566.9345364187907,3629.9267578125,357755700
2022-03-16,3661.4228515625,3669.2968792002684,3629.9267410114244,3661.4228515625,226817000
2022-03-17,3692.918962113575,3700.792989751344,3629.9267410114244,3661.4228515625,224068000
2022-03-18,3700.792769386258,3700.792769386258,3606.304443359375,3606.304443359375,257863400
2022-03-21,3622.052249285131,3645.674329171773,3590.556142769608,3614.17822265625,118791900
2022-03-22,3692.918966359106,3708.667021652748,3653.5488281250005,3653.548828125,177758500
2022-03-23,3685.0449344758063,3692.918962113575,3637.8007686491933,3661.4228515625,146545100
2022-03-24,3653.548551466702,3724.414794921875,3637.8004973655525,3724.414794921875,206271600
2022-03-25,3748.0368833764596,3748.0368833764596,3661.4225856513735,3708.666748046875,137104800
2022-03-28,3724.414794921875,3732.28882197245,3677.170632618426,3724.414794921875,106801800
2022-03-29,3740.1626163962555,3740.1626163962555,3677.1704039095816,3692.91845703125,93155100
2022-03-30,3732.288829244626,3732.288829244626,3692.9186939150413,3708.666748046875,83364400
2022-03-31,3700.793231751274,3740.1633725145857,3669.297119140625,3669.297119140625,158650000
2022-04-01,3692.918686719576,3724.414794921875,3645.674524416127,3724.414794921875,145105000
2022-04-04,3724.4145601313166,3724.4145601313166,3669.2963742519946,3700.79248046875,103902000
2022-04-05,3724.4145601313166,3732.2885866855054,3677.1704008061834,3700.79248046875,76154300
2022-04-06,3692.918734608526,3692.918734608526,3622.052490234375,3622.052490234375,111009800
2022-04-07,3677.1706690613187,3677.1706690613187,3637.800533418264,3645.674560546875,91942500
2022-04-08,3645.6748131609274,3661.422868509355,3622.0527301382863,3629.9267578125,125657900
2022-04-11,3622.052747196389,3637.8008026189823,3598.4306640625,3598.4306640625,109861100
2022-04-12,3582.682591767218,3629.9267578125,3582.682591767218,3629.9267578125,96961200
2022-04-13,3653.548840835141,3653.548840835141,3614.1787024640726,3629.9267578125,112327600
2022-04-14,3622.0525128200716,3629.926540021854,3566.934322407592,3574.808349609375,150659600
2022-04-18,3582.68212890625,3606.3042088770603,3574.8081022493134,3582.68212890625,82795100
2022-04-19,3582.682608639907,3622.052747196389,3574.8085809286104,3598.4306640625,148475600
2022-04-20,3629.926429103576,3834.6511300942334,3622.0524021423967,3818.903076171875,404383100
2022-04-21,3818.902847290039,3818.902847290039,3748.036608886719,3779.53271484375,208253300
2022-04-22,3740.1630859375,3818.903361430921,3716.541003289474,3740.1630859375,174349500
2022-04-25,3700.7926751759423,3818.9030797028345,3677.1705942705644,3811.029052734375,235752400
2022-04-26,3811.028778941042,3921.265148579833,3803.1547525382716,3889.76904296875,262734300
2022-04-27,3858.2732109777708,3881.895291861308,3818.903076171875,3818.903076171875,191955100
2022-04-28,3834.65087890625,3881.895037578606,3826.776852460857,3834.65087890625,193821200
2022-05-09,3740.1626687965645,3748.036695467715,3566.93408203125,3566.93408203125,561600400
2022-05-10,3354.335361910182,3566.93408203125,3354.335361910182,3566.93408203125,435782800
2022-05-11,3582.6826432871662,3606.304726649499,3527.564448775056,3535.4384765625,205233800
2022-05-12,3535.438299673575,3535.438299673575,3385.83177919741,3401.579833984375,207373600
2022-05-13,3346.46142578125,3433.075721507353,3346.46142578125,3346.46142578125,336711300
2022-05-17,3362.2096476694173,3559.0603296172753,3362.2096476694173,3503.942138671875,272650400
2022-05-18,3543.3122750614466,3566.93435689519,3488.1940841160463,3503.942138671875,129716500
2022-05-19,3425.2018696552996,3511.816169807503,3385.83173322248,3496.068115234375,132614900
2022-05-20,3496.0681190921273,3535.43825556839,3472.44603720637,3488.194091796875,122101000
2022-05-23,3472.446076496644,3496.0681586496826,3401.579830037529,3409.453857421875,175709000
2022-05-24,3401.5800168161436,3543.312517516816,3401.5800168161436,3511.81640625,165758600
2022-05-25,3488.1941232264726,3503.9421779588724,3425.201904296875,3425.201904296875,138961700
2022-05-27,3543.3122408022437,3574.808349609375,3496.068077591547,3574.808349609375,209962100
2022-05-30,3574.808392044653,3574.808392044653,3456.697982615865,3488.194091796875,193724500
2022-05-31,3519.6901264890994,3645.674560546875,3503.942072231878,3645.674560546875,379626500
2022-06-02,3574.8083724975586,3622.052536010742,3527.564208984375,3527.564208984375,225697500
2022-06-03,3566.9340852720547,3598.4301919852737,3551.1860319154453,3559.06005859375,117643300
2022-06-06,3519.690200977885,3551.186310158895,3464.572009911117,3488.194091796875,157277700
2022-06-07,3511.8164328835223,3511.8164328835223,3464.572265625,3464.572265625,133318000
2022-06-08,3464.5722350391497,3519.6904296875,3448.824179425336,3519.6904296875,150604000
2022-06-09,3543.3125043499444,3559.060559924833,3527.564448775056,3535.4384765625,161768800
2022-06-10,3519.690460759943,3519.690460759943,3433.076154119318,3464.572265625,222410400
2022-06-13,3354.335661857359,3425.201908234627,3354.335661857359,3417.327880859375,164017200
2022-06-14,3385.8312820294577,3472.445570639514,3385.8312820294577,3433.075439453125,150381800
2022-06-15,3433.0758931706464,3503.942138671875,3433.0758931706464,3503.942138671875,160729900
2022-06-16,3480.3200645016223,3566.9343647494,3472.44603720637,3488.194091796875,240023000
2022-06-17,3440.94970703125,3464.5717873998856,3425.2016534521595,3440.94970703125,185763100
2022-06-20,3464.572265625,3472.4462935014203,3417.328098366477,3464.572265625,95058800
2022-06-21,3488.1938643782105,3488.1938643782105,3448.82373046875,3448.82373046875,103964600
2022-06-22,3472.446080525716,3472.446080525716,3393.7058065908923,3401.579833984375,106208500
2022-06-23,3385.8317831442137,3433.0759475601794,3385.8317831442137,3393.705810546875,127600700
2022-06-24,3401.579826108871,3425.201908234627,3393.705798733619,3417.327880859375,66083900
2022-06-27,3393.7058225257374,3409.4538773866457,3362.209712803921,3370.083740234375,152306100
2022-06-28,3401.5795966569767,3409.45362350109,3370.0834892805233,3385.83154296875,178535800
2022-06-29,3370.083531137859,3393.7056119635918,3291.34326171875,3291.34326171875,228536100
2022-06-30,3244.0991105045177,3322.8393801769575,3244.0991105045177,3267.72119140625,239939100
2022-07-01,3267.72119494452,3307.0913298233695,3236.2250870414405,3259.84716796875,154659500
2022-07-04,3220.4770689105044,3244.0991501005574,3118.114717086943,3181.10693359375,246853600
2022-07-05,3181.106915686125,3275.5952399144257,3181.106915686125,3220.47705078125,180648400
2022-07-06,3188.980703914867,3228.350836061964,3165.3586246266086,3212.602783203125,125309100
2022-07-07,3181.1071735146606,3236.225367115162,3181.1071735146606,3188.981201171875,172127500
2022-07-08,3220.4772501627604,3307.091552734375,3188.9811401367188,3307.091552734375,112914000
2022-07-11,3267.721202072588,3283.46925605848,3228.351067107858,3244.09912109375,80867700
2022-07-12,3244.0991246578465,3259.84717866104,3228.351070654653,3236.22509765625,56085200
2022-07-13,3236.225362843481,3251.973418137123,3173.2331416689117,3196.855224609375,165745200
2022-07-14,3157.4853227695025,3220.4775486601657,3157.4853227695025,3204.7294921875,188729700
2022-07-15,3196.8549626482663,3244.0991246578465,3188.9809356466694,3236.22509765625,91362800
2022-07-18,3236.2250870414405,3259.84716796875,3212.6030061141305,3259.84716796875,135284500
2022-07-19,3267.7212056626367,3267.7212056626367,3236.22509765625,3236.22509765625,122905900
2022-07-20,3291.3432208393897,3385.83154296875,3275.595167151163,3385.83154296875,220223600
2022-07-21,3385.8317831442137,3393.705810546875,3330.713591325587,3393.705810546875,130405400
2022-07-22,3409.453881435707,3409.453881435707,3362.209716796875,3362.209716796875,86561100
2022-07-25,3346.46142578125,3385.8315602022058,3346.46142578125,3346.46142578125,60952800
2022-07-26,3362.209693115798,3425.2019121905673,3354.335665731452,3409.453857421875,97709800
2022-07-27,3448.823998345269,3448.823998345269,3385.83177919741,3401.579833984375,88570800
2022-07-28,3417.3273869785694,3464.571544402236,3417.3273869785694,3433.075439453125,136421400
2022-07-29,3456.697518164958,3488.1936231140694,3417.3273869785694,3433.075439453125,228669400
2022-08-01,3456.697518164958,3472.445570639514,3409.4533607412914,3433.075439453125,200791700
2022-08-02,3433.076154119318,3464.572265625,3385.831986860795,3464.572265625,173931000
2022-08-03,3472.4458108144263,3480.3198375963184,3425.2016501230733,3448.82373046875,103412300
2022-08-04,3448.8234919276806,3456.697518164958,3425.201413215847,3433.075439453125,120175700
2022-08-05,3433.075439453125,3464.571544402236,3401.5793345040133,3433.075439453125,168879400
2022-08-08,3433.0756802417045,3464.5717873998856,3417.3276266626144,3440.94970703125,107242600
2022-08-09,3464.571774022109,3519.689961336097,3456.6977472629674,3472.44580078125,181747100
2022-08-10,3425.2019201575185,3440.9499749628408,3385.8317831442137,3393.705810546875,205341100
2022-08-11,3448.823986395474,3472.446068494073,3417.3278769306753,3425.201904296875,193329000
2022-08-12,3417.3278887713395,3425.201916164822,3401.579833984375,3401.579833984375,103916700
2022-08-15,3409.45362350109,3425.201677189317,3385.83154296875,3385.83154296875,135099400
2022-08-16,3425.201932247554,3425.201932247554,3362.209712803921,3370.083740234375,205432400
2022-08-18,3409.453857421875,3417.327884806221,3393.7058026531827,3409.453857421875,138795300
2022-08-19,3417.3276503452034,3417.3276503452034,3385.83154296875,3385.83154296875,84552100
2022-08-22,3401.5798539959014,3409.453881435707,3362.209716796875,3362.209716796875,121124400
2022-08-23,3354.3354355922966,3393.7055698128634,3354.3354355922966,3385.83154296875,107799500
2022-08-24,3385.831791093022,3409.4538733564614,3370.0837362507286,3377.957763671875,75055900
2022-08-25,3370.08374423668,3385.8317991162908,3362.209716796875,3362.209716796875,117653800
2022-08-26,3370.08374423668,3377.9577716764857,3362.209716796875,3362.209716796875,87375200
2022-08-29,3346.46142578125,3362.2094795496323,3322.8393451286765,3346.46142578125,88409800
2022-08-30,3346.4614223426497,3385.831556723151,3346.4614223426497,3354.33544921875,157219500
2022-08-31,3346.461634482107,3425.201908234627,3338.587607106855,3417.327880859375,191475700
2022-09-01,3401.5798067340547,3456.697998046875,3393.705779403652,3456.697998046875,139929300
2022-09-02,3472.446029560218,3503.942138671875,3448.8239477264747,3503.942138671875,220616600
2022-09-05,3488.193796594159,3622.052249285131,3480.319769965278,3614.17822265625,261126600
2022-09-06,3677.170695522375,3692.9187498929205,3582.682369299102,3590.556396484375,188042700
2022-09-07,3551.18654533352,3582.682656600336,3511.81640625,3511.81640625,231936700
2022-09-08,3527.564164402174,3637.8005445397416,3527.564164402174,3622.052490234375,250373200
2022-09-09,3653.548840835141,3653.548840835141,3598.4306471156456,3629.9267578125,119286700
2022-09-12,3629.9265324107387,3645.6745867812842,3590.556396484375,3590.556396484375,97988000
2022-09-13,3590.556389021561,3653.5486063728163,3590.556389021561,3606.304443359375,141828800
2022-09-14,3559.0602803459333,3629.9265248660954,3551.186253177026,3606.304443359375,149960600
2022-09-15,3622.0527301382863,3700.793006880423,3614.1787024640726,3629.9267578125,295664100
2022-09-16,3629.9265554470485,3637.8005826822914,3543.312255859375,3543.312255859375,282492200
2022-09-19,3559.0605255060173,3622.052747196389,3543.312470083424,3598.4306640625,134432000
2022-09-20,3598.4306988620547,3622.0527822243876,3535.4384765625,3535.4384765625,138695500
2022-09-21,3535.4379689646294,3582.68212890625,3519.6899156507557,3582.68212890625,159976900
2022-09-22,3543.3122333727383,3606.30445085492,3543.3122333727383,3590.556396484375,100425300
2022-09-23,3574.8083724975586,3590.556427001953,3527.564208984375,3527.564208984375,139074000
2022-09-26,3527.5641863986784,3574.808349609375,3472.445995986199,3574.808349609375,280747500
2022-09-27,3543.312002017798,3582.6821353735513,3527.5639486754967,3566.93408203125,213704600
2022-09-28,3551.1860319154453,3590.556165306969,3527.563951880531,3559.06005859375,161815300
2022-09-29,3559.060317993164,3574.8083724975586,3511.8161544799805,3527.564208984375,169368600
2022-09-30,3503.9423654127227,3551.186532137389,3472.4462542629453,3535.4384765625,224229200
2022-10-03,3543.312002017798,3582.6821353735513,3527.5639486754967,3566.93408203125,159559600
2022-10-04,3590.556606950431,3661.4228557718216,3590.556606950431,3653.548828125,256367100
2022-10-05,3669.296676030768,3669.296676030768,3574.808349609375,3574.808349609375,182246200
2022-10-06,3574.8083609773416,3598.4304426578087,3551.186279296875,3551.186279296875,123346200
2022-10-07,3527.5642243806305,3535.4382516671944,3488.1940879478107,3496.068115234375,133678600
2022-10-10,3480.3198409789757,3488.193867768521,3417.3276266626144,3440.94970703125,193923600
2022-10-11,3456.697982615865,3488.194091796875,3440.9499280253594,3488.194091796875,133742200
2022-10-12,3519.690460759943,3519.690460759943,3464.572265625,3464.572265625,128741800
2022-10-13,3456.698013761674,3480.320095860273,3425.201904296875,3425.201904296875,104269900
2022-10-14,3448.8240186347334,3456.698046074539,3362.209716796875,3362.209716796875,180841100
2022-10-17,3362.20946243641,3401.5795966569767,3354.3354355922966,3385.83154296875,145506000
2022-10-18,3370.0837362507286,3417.327900777608,3370.0837362507286,3377.957763671875,161444100
2022-10-19,3370.0834892805233,3417.3276503452034,3370.0834892805233,3385.83154296875,81682300
2022-10-20,3370.083697412443,3464.572025377278,3370.083697412443,3456.697998046875,149521700
2022-10-21,3433.075900730107,3511.8161736826323,3433.075900730107,3488.194091796875,165052200
2022-10-24,3488.1940652126736,3574.808364800347,3488.1940652126736,3543.312255859375,186997700
2022-10-25,3590.556142769608,3629.9262759140115,3582.6821161407274,3614.17822265625,233948800
2022-10-26,3622.0522687293046,3629.9262954004553,3543.312002017798,3566.93408203125,178298500
2022-10-27,3582.6823544709578,3622.052490234375,3566.934300165591,3622.052490234375,131385300
2022-10-28,3622.052479161042,3645.674560546875,3590.556370646598,3645.674560546875,227256400
2022-10-31,3645.674796286962,3685.0449344758063,3645.674796286962,3661.4228515625,275184000
2022-11-01,3692.919203598612,3700.793231751274,3645.6750346826384,3669.297119140625,230590200
2022-11-02,3685.0449515319956,3685.0449515319956,3598.4306471156456,3629.9267578125,163816900
2022-11-03,3645.674796286962,3669.2968792002684,3614.178685735887,3661.4228515625,174423000
2022-11-04,3661.4228515625,3669.2968792002684,3629.9267410114244,3661.4228515625,85292300
2022-11-07,3661.4223507879133,3692.91845703125,3629.926244544576,3692.91845703125,112070500
2022-11-08,3692.9189749053035,3692.9189749053035,3629.926753584957,3637.80078125,80916300
2022-11-09,3622.052713373656,3661.4228515625,3622.052713373656,3661.4228515625,126493900
2022-11-10,3590.556162044702,3606.3042153870033,3559.0600553600993,3566.93408203125,196277400
2022-11-11,3637.8007686491933,3661.4228515625,3614.178685735887,3661.4228515625,153238500
2022-11-14,3637.8005520350025,3653.5486063728163,3582.682361852654,3606.304443359375,140187600
2022-11-15,3606.304443359375,3629.9265248660954,3590.556389021561,3606.304443359375,87986300
2022-11-16,3614.178245341883,3629.9262986984927,3535.4379785588358,3559.06005859375,245789200
2022-11-17,3559.0597752442454,3677.170166015625,3543.3117231413944,3677.170166015625,214514600
2022-11-18,3677.170923857782,3685.0449515319956,3629.9267578125,3629.9267578125,105313200
2022-11-21,3637.8003025428925,3645.674329171773,3590.556142769608,3614.17822265625,82279300
2022-11-22,3598.4301693984885,3677.170435687296,3598.4301693984885,3614.17822265625,154866000
2022-11-23,3653.548087861349,3677.170166015625,3645.674061809924,3677.170166015625,147280600
2022-11-24,3700.7929604740466,3732.2890707759534,3677.1708777476165,3716.541015625,156735700
2022-11-25,3700.7929481907895,3740.1630859375,3692.9189206414476,3740.1630859375,177861100
2022-11-28,3724.4147630113785,3803.155032842486,3724.4147630113785,3795.281005859375,214611600
2022-11-29,3795.2809952883376,3826.777103133054,3771.6589144048003,3818.903076171875,184916300
2022-11-30,3787.4073956960656,3921.265869140625,3779.5333678463853,3921.265869140625,560639800
2022-12-01,3937.013201385374,3956.698267392301,3858.2729373576667,3889.76904296875,267382600
2022-12-02,3858.2729522143404,3881.895031513612,3826.7768464819787,3850.39892578125,199981400
2022-12-05,3866.146978647431,3881.895031513612,3826.7768464819787,3850.39892578125,88463000
2022-12-06,3826.777099609375,3850.3991804711613,3779.5329378858028,3826.777099609375,151325300
2022-12-07,3811.0290814568016,3811.0290814568016,3732.2888111787684,3748.036865234375,253330100
2022-12-08,3748.036836986699,3811.029052734375,3708.666702144402,3811.029052734375,154313900
2022-12-09,3803.1547943115233,3811.0288208007814,3748.036608886719,3779.53271484375,203573100
2022-12-12,3779.5329413659792,3818.903076171875,3748.036833521263,3818.903076171875,139582400
2022-12-13,3834.6513278892103,3921.265628929829,3811.0292457872233,3913.3916015625,194233200
2022-12-14,3937.013924839985,3937.013924839985,3834.6515627941453,3921.265869140625,201275800
2022-12-15,3858.2734335221485,3889.7695431835537,3842.525378691446,3866.1474609375,170702300
2022-12-16,3795.2814235457454,3921.265869140625,3795.2814235457454,3921.265869140625,594601900
2022-12-19,3913.3916015625,3921.265628929829,3874.0214647258554,3913.3916015625,82959800
2022-12-20,3881.8955157682026,3913.3916254296078,3850.399406106797,3866.1474609375,78671600
2022-12-21,3866.146978647431,3889.7690579467026,3834.650872915069,3850.39892578125,71277800
2022-12-22,3866.14744124874,3913.391605500252,3858.273413873488,3905.517578125,87321400
2022-12-23,3874.0212542424433,3889.769308121478,3842.5251464843745,3842.525146484375,53350600
2022-12-26,3858.273182959876,3881.895263671875,3850.399156055876,3881.895263671875,43581100
2022-12-27,3881.895037578606,3897.6430904693916,3826.776852460857,3834.65087890625,74123800
2022-12-28,3834.651140774929,3842.5251677580395,3787.4069788762645,3795.281005859375,117912500
2022-12-29,3795.280746679286,3834.65087890625,3779.5326937885006,3834.65087890625,106690700
2022-12-30,3834.6508581493545,3897.6430693715206,3834.6508581493545,3889.76904296875,182091500
2023-01-02,3866.146984687821,3874.0210111332135,3795.280746679286,3834.65087890625,100200100
2023-01-03,3803.1550222495166,3858.2732109777708,3803.1550222495166,3818.903076171875,95136500
2023-01-04,3818.9033530693137,3818.9033530693137,3755.9111328125,3755.9111328125,188071000
2023-01-05,3740.1631322400326,3748.0371598868537,3598.4306345972523,3653.548828125,292142000
2023-01-06,3582.682587594697,3653.548836580087,3582.682587594697,3637.80078125,175932000
2023-01-09,3606.3041960273695,3653.5483558006536,3582.6821161407274,3614.17822265625,166164900
2023-01-10,3627.7326169670573,3643.678694404275,3516.110074906532,3532.05615234375,282510000
2023-01-11,3516.1102796580694,3532.0563580238654,3476.2450837435786,3492.191162109375,211610100
2023-01-12,3571.921354166667,3603.813509114583,3516.1100830078126,3587.867431640625,210887800
2023-01-13,3595.8407489231654,3611.7868276323593,3524.083394731794,3571.921630859375,134592100
2023-01-16,3532.056367857266,3611.78675990822,3524.0833286521706,3603.813720703125,172170900
2023-01-17,3603.8136543140076,3651.6518886633085,3595.840615255791,3635.705810546875,150577400
2023-01-18,3635.7057447350544,3683.5439782184103,3635.7057447350544,3667.597900390625,178026000
2023-01-19,3659.62496663588,3691.51712320787,3651.6519274928824,3675.571044921875,117204100
2023-01-20,3691.517299857191,3723.4094579553093,3683.5442603326615,3707.46337890625,116038300
2023-01-24,3715.436346937568,3731.3824256797893,3659.625071339793,3683.544189453125,81964700
2023-01-25,3683.544044896176,3683.544044896176,3627.7327714886583,3635.705810546875,84009300
2023-01-26,3635.705397263072,3683.543626174428,3627.7323591111794,3659.62451171875,113840400
2023-01-27,3667.598077182112,3731.3823915678877,3667.598077182112,3699.490234375,178282600
2023-01-30,3707.463201493865,3731.3823189228583,3643.678888349885,3675.571044921875,185972400
2023-01-31,3675.5707266861696,3683.543765138851,3643.6785728754435,3651.651611328125,280039200
2023-02-01,3691.516886914897,3739.3551187107705,3683.5438482822515,3731.382080078125,181849300
2023-02-02,3707.4630949600883,3731.382211701766,3667.597900390625,3667.597900390625,145413400
2023-02-03,3707.4632118626646,3811.1127210115133,3691.5171335320724,3787.193603515625,198479900
2023-02-06,3811.112860957279,3835.0319793314875,3731.3824663765827,3779.220703125,141366300
2023-02-07,3779.2205643503294,3819.0857601768093,3763.274486019737,3787.193603515625,140923100
2023-02-08,3755.3016212160755,3819.0859375,3755.3016212160755,3819.0859375,168599500
2023-02-09,3819.0856603673988,3858.950855152027,3803.139582453547,3835.03173828125,177400700
2023-02-10,3858.9508945794755,3890.843050733025,3803.139621310764,3874.89697265625,181146600
2023-02-13,3906.788731892904,3906.788731892904,3827.058349609375,3827.058349609375,144569400
2023-02-14,3843.004437644379,3882.8696289062505,3835.031399392005,3882.86962890625,120995200
2023-02-15,3898.815705410999,3898.815705410999,3835.031399392005,3882.86962890625,84568100
2023-02-16,3898.815705410999,3898.815705410999,3866.9235524015016,3882.86962890625,69966200
2023-02-17,3898.816056548572,3898.816056548572,3850.97782272589,3890.843017578125,104019300
2023-02-20,3906.7890955190187,3906.7890955190187,3858.950861696337,3890.843017578125,88432500
2023-02-21,3890.8428706885375,3890.8428706885375,3843.004638671875,3843.004638671875,59319100
2023-02-22,3819.085374848182,3835.031451569886,3771.2471446830687,3795.166259765625,107327900
2023-02-23,3835.031387837728,3835.031387837728,3771.2470820109047,3827.058349609375,139144500
2023-02-24,3827.058413209034,3858.9505666524424,3795.166259765625,3795.166259765625,46409300
2023-02-27,3811.112621410473,3835.03173828125,3795.1665434966217,3835.03173828125,89918800
2023-02-28,3795.1662811998126,3819.0853964174585,3723.408935546875,3723.408935546875,273125500
2023-03-01,3771.2476977332167,3787.193776793399,3747.3285791429425,3763.274658203125,115578600
2023-03-02,3787.1936750212476,3811.11279296875,3763.2745570737447,3811.11279296875,59377900
2023-03-03,3827.058413209034,3827.058413209034,3771.2471446830687,3795.166259765625,84777000
2023-03-06,3819.0859375,3827.058977035491,3811.1128979645096,3819.0859375,78292000
2023-03-07,3803.1396539861507,3866.9239668412642,3803.1396539861507,3858.950927734375,111953700
2023-03-08,3866.9239668412642,3866.9239668412642,3843.0048495205965,3858.950927734375,125766100
2023-03-09,3874.8969330658783,3882.8699720228037,3835.03173828125,3835.03173828125,79549800
2023-03-10,3843.004638671875,3850.9776773413187,3827.0585613329877,3843.004638671875,125140500
2023-03-13,3835.031948555577,3882.8701849200957,3803.1397909792313,3850.97802734375,106769300
2023-03-14,3803.1397495148285,3819.0858281291466,3739.355435057557,3755.301513671875,192444400
2023-03-15,3795.166356382979,3803.1393949468084,3747.328125,3747.328125,107761200
2023-03-16,3747.328198293803,3787.193391892673,3699.489965975158,3771.247314453125,155984500
2023-03-17,3803.1397944236287,3906.789306640625,3787.1937156210142,3906.789306640625,267753300
2023-03-20,3858.950861696337,3890.843017578125,3843.004783755443,3890.843017578125,113829400
2023-03-21,3882.870188436703,3922.73538544324,3858.9510702327807,3906.789306640625,214639300
2023-03-24,3974.7544262644133,4033.3297546514677,3949.6507140985327,3991.490234375,266103900
2023-03-27,3974.754378564247,4008.2259943837353,3949.6506666996306,3966.386474609375,144925200
2023-03-28,3966.3865222091194,3999.858138430294,3966.3865222091194,3991.490234375,105217100
2023-03-29,4016.593766242204,4033.329573601546,3991.49005520319,4024.961669921875,141800500
2023-03-30,4024.9620656866773,4024.9620656866773,3966.3867341694076,3974.754638671875,98847200
2023-03-31,3958.018310546875,3974.7541173567984,3941.2825037369516,3958.018310546875,161561800
2023-04-03,3991.4900390625,4016.59375,3983.122135416667,4016.59375,133511700
2023-04-04,4016.5940255446058,4033.329833984375,3983.1224086650673,4033.329833984375,88097800
2023-04-05,4024.961945401462,4083.5372751682194,4016.5940411490683,4041.69775390625,119316500
2023-04-06,4066.801237248192,4066.801237248192,4033.329622126808,4050.0654296875,88012300
2023-04-10,4066.801513671875,4066.801513671875,4033.3298962753984,4066.801513671875,58886800
2023-04-11,4066.801544689741,4091.9052579285667,4041.6978314509156,4083.537353515625,67275600
2023-04-12,4142.112272003359,4142.112272003359,4091.9048505245305,4125.37646484375,194839900
2023-04-13,4142.112595891378,4183.952117061998,4125.37678742313,4167.21630859375,141279800
2023-04-14,4225.791665063116,4267.631186499384,4183.952143626847,4246.71142578125,190097200
2023-04-17,4246.7116630722385,4246.7116630722385,4150.480758391784,4175.58447265625,121231300
2023-04-18,4175.583919270834,4204.87158203125,4142.1123046875,4142.1123046875,95747700
2023-04-26,4309.470377604167,4309.470377604167,4125.376497395833,4204.87158203125,273336000
2023-04-27,4175.584234678398,4309.470703125,4175.584234678398,4309.470703125,125947200
2023-04-28,4330.390632180606,4414.069678213082,4267.63134765625,4267.63134765625,251912000
2023-05-02,4330.390463819782,4330.390463819782,4225.791660345873,4309.470703125,84246100
2023-05-03,4372.230155196844,4372.230155196844,4225.791824640012,4267.63134765625,183524700
2023-05-04,4309.470703125,4330.390463819782,4246.711421040655,4309.470703125,140482000
2023-05-05,4372.22998046875,4393.149741140849,4288.550937780353,4372.22998046875,182599600
2023-05-08,4393.149916704963,4393.149916704963,4225.791824640012,4267.63134765625,107804200
2023-05-09,4225.791501524391,4288.55078125,4204.871741615854,4288.55078125,102987300
2023-05-10,4246.711421040655,4309.470703125,4225.791660345873,4309.470703125,108369600
2023-05-11,4330.390463819782,4330.390463819782,4267.631181735437,4309.470703125,85618800
2023-05-12,4267.631181735437,4330.390463819782,4267.631181735437,4309.470703125,92625800
2023-05-15,4309.470703125,4330.390463819782,4204.8718996510925,4309.470703125,163732600
2023-05-16,4330.390298696664,4351.31005859375,4267.631019005408,4351.31005859375,73611200
2023-05-17,4393.149578387921,4393.149578387921,4330.390298696664,4351.31005859375,115834500
2023-05-19,4372.230127405238,4560.50797978154,4351.310366030093,4518.66845703125,185672200
2023-05-22,4434.9890913018435,4602.3471702188945,4434.9890913018435,4539.587890625,162655900
2023-05-23,4581.427408114347,4686.026207386363,4581.427408114347,4602.34716796875,255251600
2023-05-24,4623.267085484096,4686.0263671875,4560.5078037806925,4686.0263671875,187436100
2023-05-25,4602.347005208333,4665.106282552083,4560.507486979167,4581.42724609375,224391900
2023-05-26,4539.588043212891,4686.0263671875,4539.588043212891,4686.0263671875,154003100
2023-05-29,4686.026041666667,4706.94580078125,4581.42724609375,4644.1865234375,125049100
2023-05-30,4602.34716796875,4686.026207386363,4602.34716796875,4602.34716796875,67363200
2023-05-31,4665.10595703125,4665.10595703125,4497.747895792461,4665.10595703125,898453700
2023-06-05,4686.0262096774195,4686.0262096774195,4539.587890625,4539.587890625,255472600
2023-06-06,4518.667807482799,4602.346840954702,4476.8282907468465,4560.50732421875,92019300
2023-06-07,4581.4277411566845,4581.4277411566845,4476.828934280961,4518.66845703125,150377000
2023-06-08,4497.748209635417,4581.42724609375,4476.828450520833,4581.42724609375,92794100
2023-06-09,4539.587890625,4560.5076504896315,4497.748370895738,4539.587890625,77251000
2023-06-12,4518.66845703125,4518.66845703125,4497.748695656105,4518.66845703125,92314200
2023-06-13,4518.66796875,4644.1865234375,4518.66796875,4644.1865234375,108831400
2023-06-14,4665.106282552083,4665.106282552083,4581.42724609375,4644.1865234375,79137600
2023-06-15,4581.427568668693,4623.26708984375,4560.507808081165,4623.26708984375,74388400
2023-06-16,4581.42724609375,4644.1865234375,4518.66796875,4644.1865234375,189062600
2023-06-19,4602.347329256221,4623.26708984375,4560.507808081165,4623.26708984375,55144200
2023-06-20,4581.42724609375,4644.1865234375,4581.42724609375,4644.1865234375,102926800
2023-06-21,4602.346684066704,4665.10595703125,4602.346684066704,4665.10595703125,84605400
2023-06-22,4644.1865234375,4686.026041666667,4581.42724609375,4581.42724609375,94143200
2023-06-23,4539.588218406395,4581.4277411566845,4518.66845703125,4518.66845703125,123350300
2023-06-26,4539.587565850774,4581.427082586726,4497.748049114823,4560.50732421875,85472100
2023-06-27,4560.5076504896315,4602.3471702188945,4539.587890625,4539.587890625,110716500
2023-07-03,4602.347005208333,4644.1865234375,4560.507486979167,4581.42724609375,168559800
2023-07-04,4602.346840954702,4602.346840954702,4539.587565850774,4560.50732421875,94462600
2023-07-05,4518.667807482799,4560.50732421875,4518.667807482799,4560.50732421875,109632800
2023-07-06,4560.5076504896315,4581.427410354263,4518.6681307603685,4539.587890625,109446200
2023-07-07,4518.667805232559,4539.587563590117,4497.748046875,4497.748046875,114043800
2023-07-10,4539.588218406395,4602.347502531829,4518.66845703125,4518.66845703125,78972100
2023-07-11,4497.748370895738,4560.5076504896315,4497.748370895738,4539.587890625,122094700
2023-07-12,4560.50732421875,4581.427082586726,4539.587565850774,4560.50732421875,104993700
2023-07-13,4539.587565850774,4581.427082586726,4539.587565850774,4560.50732421875,134905700
2023-07-14,4560.507808081165,4623.26708984375,4539.588047493637,4623.26708984375,127814200
2023-07-17,4644.186199376401,4706.945472340947,4623.266441721553,4665.10595703125,166951300
2023-07-18,4706.94580078125,4769.705078125,4686.026041666667,4706.94580078125,120810300
2023-07-20,4665.106282552083,4727.865559895833,4644.1865234375,4706.94580078125,111117300
2023-07-21,4686.026041666667,4706.94580078125,4665.106282552083,4706.94580078125,63094600
2023-07-24,4686.0263671875,4727.865888323103,4686.0263671875,4686.0263671875,62962500
2023-07-25,4706.945962821488,4769.705242325775,4706.945962821488,4727.86572265625,111248100
2023-07-26,4769.705405079846,4769.705405079846,4727.865883982654,4748.78564453125,76200300
2023-07-27,4748.785482491013,4811.544761995299,4727.86572265625,4727.86572265625,109859200
2023-07-28,4706.94580078125,4769.705078125,4706.94580078125,4769.705078125,74036700
2023-07-31,4769.705242325775,4769.705242325775,4727.86572265625,4727.86572265625,186727400
2023-08-01,4727.865559895833,4811.544596354167,4727.865559895833,4769.705078125,100137500
2023-08-02,4727.865559895833,4790.624837239583,4727.865559895833,4769.705078125,90611300
2023-08-03,4748.785319010417,4811.544596354167,4727.865559895833,4769.705078125,82775000
2023-08-04,4769.704745305494,4790.624502960342,4665.10595703125,4665.10595703125,150738500
2023-08-07,4686.026041666667,4790.624837239583,4665.106282552083,4769.705078125,88104900
2023-08-08,4769.705078125,4811.544596354167,4686.026041666667,4706.94580078125,89189600
2023-08-09,4727.865559895833,4790.624837239583,4706.94580078125,4769.705078125,91930000
2023-08-10,4748.785319010417,4790.624837239583,4748.785319010417,4769.705078125,85474200
2023-08-11,4748.785482491013,4769.705242325775,4727.86572265625,4727.86572265625,74321000
2023-08-14,4727.86572265625,4748.785482491013,4665.1064431519635,4727.86572265625,127358400
2023-08-15,4727.865229995797,4748.784987650645,4665.10595703125,4665.10595703125,89597300
2023-08-16,4644.186850431278,4665.106611018807,4560.507808081165,4623.26708984375,188191900
2023-08-18,4602.346684066704,4686.025714686099,4602.346684066704,4665.10595703125,121561200
2023-08-21,4644.186687677557,4665.10644753196,4602.34716796875,4602.34716796875,91640000
2023-08-22,4602.346684066704,4706.945472340947,4602.346684066704,4665.10595703125,101221500
2023-08-23,4686.0263671875,4706.946127755302,4665.106606619699,4686.0263671875,78686900
2023-08-24,4706.94580078125,4706.94580078125,4644.1865234375,4644.1865234375,74407500
2023-08-25,4644.186846051897,4686.0263671875,4623.267085484096,4686.0263671875,65096500
2023-08-28,4686.026041666667,4706.94580078125,4644.1865234375,4644.1865234375,37126600
2023-08-29,4623.267085484096,4686.0263671875,4623.267085484096,4686.0263671875,57547200
2023-08-30,4686.026371606335,4686.026371606335,4602.347329256221,4623.26708984375,171282700
2023-08-31,4623.266764322917,4644.1865234375,4581.42724609375,4644.1865234375,175088200
2023-09-01,4686.025714686099,4686.025714686099,4623.266441721553,4665.10595703125,87366100
2023-09-04,4686.026041666667,4706.94580078125,4665.106282552083,4706.94580078125,43898200
2023-09-05,4706.94580078125,4727.865559895833,4686.026041666667,4706.94580078125,72464300
2023-09-06,4706.945472340947,4727.865229995797,4665.10595703125,4665.10595703125,106367800
2023-09-07,4623.266599322678,4644.1863576906535,4560.50732421875,4560.50732421875,157998600
2023-09-08,4539.587892906688,4560.507652781834,4434.989093530958,4476.82861328125,243324500
2023-09-11,4476.828611031106,4539.587890625,4434.9890913018435,4539.587890625,80474100
2023-09-12,4560.507321947674,4581.427080305233,4497.748046875,4497.748046875,121654400
2023-09-13,4476.828934280961,4539.588218406395,4476.828934280961,4518.66845703125,59408000
2023-09-14,4455.908851166475,4539.587890625,4455.908851166475,4539.587890625,76831700
2023-09-15,4518.667805232559,4560.507321947674,4497.748046875,4497.748046875,141455400
2023-09-18,4476.828450520833,4518.66796875,4434.988932291667,4455.90869140625,61329000
2023-09-19,4455.908530159884,4497.748046875,4434.988771802326,4497.748046875,50612700
2023-09-20,4476.828288517442,4560.507321947674,4476.828288517442,4497.748046875,98710100
2023-09-21,4539.587892906688,4539.587892906688,4476.82861328125,4476.82861328125,68584900
2023-09-22,4476.82861328125,4539.587892906688,4476.82861328125,4476.82861328125,83184100
2023-09-25,4455.908527878096,4476.828286224941,4351.309736143868,4434.98876953125,120196700
2023-09-26,4393.149578387921,4414.069338285006,4351.31005859375,4351.31005859375,180280600
2023-09-27,4330.390459124552,4434.989262485048,4330.390459124552,4372.22998046875,119774700
2023-09-29,4434.989262485048,4455.909023157147,4372.22998046875,4372.22998046875,140331100
2023-10-02,4393.14990234375,4434.989425223214,4393.14990234375,4393.14990234375,81674600
2023-10-03,4393.150062018661,4434.989586418838,4393.150062018661,4414.06982421875,54462700
2023-10-04,4393.14990234375,4414.069663783483,4351.310379464286,4393.14990234375,121445000
2023-10-05,4393.1494140625,4414.069173177083,4330.39013671875,4330.39013671875,116814800
2023-10-06,4351.309895833333,4393.1494140625,4330.39013671875,4330.39013671875,70202300
2023-10-09,4351.31006097561,4372.229820884147,4288.55078125,4288.55078125,144477000
2023-10-10,4288.550618489583,4393.1494140625,4288.550618489583,4330.39013671875,98457000
2023-10-11,4309.470856584821,4414.069663783483,4309.470856584821,4393.14990234375,100394800
2023-10-12,4434.98876953125,4497.7480445717865,4414.069011184404,4434.98876953125,174022400
2023-10-13,4414.06982421875,4455.909348618928,4393.150062018661,4414.06982421875,84648800
2023-10-16,4455.909186662946,4455.909186662946,4393.14990234375,4393.14990234375,45782300
2023-10-17,4393.149745904126,4414.0695065989075,4309.470703125,4309.470703125,127287200
2023-10-18,4288.550942430218,4372.229985209345,4288.550942430218,4309.470703125,77217600
2023-10-19,4267.63119140625,4309.470712890625,4183.9521484375,4183.9521484375,195831400
2023-10-20,4167.216176129332,4267.631023746906,4150.48036819307,4225.79150390625,173353600
2023-10-23,4183.9521484375,4246.711430664062,4175.584244140625,4183.9521484375,82756100
2023-10-24,4183.9523016237745,4267.63134765625,4142.112778607537,4267.63134765625,104021500
2023-10-25,4267.630859375,4351.309895833333,4267.630859375,4330.39013671875,142215000
2023-10-26,4330.390342154154,4330.390342154154,4117.0087890625,4117.0087890625,330618800
2023-10-27,4142.112626953125,4225.791669921875,4133.74472265625,4183.9521484375,129599800
2023-10-30,4167.21633984375,4204.8719091796875,4158.8484355468745,4183.9521484375,108523700
2023-10-31,4167.216277091734,4183.952085433468,4150.48046875,4150.48046875,106760300
2023-11-01,4117.008892177795,4150.48050918737,4041.6977539062495,4041.69775390625,191567200
2023-11-02,4133.74472265625,4246.711430664062,4108.641009765624,4183.9521484375,208075400
2023-11-03,4204.872063131894,4330.390632180606,4204.872063131894,4267.63134765625,125504000
2023-11-06,4267.631019005408,4351.31005859375,4267.631019005408,4351.31005859375,122333800
2023-11-07,4372.230140904018,4414.069663783483,4330.390618024554,4393.14990234375,137039400
2023-11-08,4351.310219796651,4393.149741140849,4330.390459124552,4372.22998046875,86713700
2023-11-09,4372.229818490835,4414.069338285006,4351.31005859375,4351.31005859375,66236400
2023-11-10,4309.470707935653,4309.470707935653,4225.791665063116,4246.71142578125,113811900
2023-11-13,4246.711100260417,4288.550618489583,4204.87158203125,4204.87158203125,63126900
2023-11-14,4246.71142578125,4288.550947217518,4225.791665063116,4246.71142578125,85419500
2023-11-15,4351.310379464286,4434.989425223214,4330.390618024554,4393.14990234375,193790400
2023-11-16,4414.069663783483,4414.069663783483,4330.390618024554,4393.14990234375,99488800
2023-11-17,4330.390459124552,4393.149741140849,4330.390459124552,4372.22998046875,70727500
2023-11-20,4330.390618024554,4414.069663783483,4330.390618024554,4393.14990234375,54123600
2023-11-21,4372.229818490835,4393.149578387921,4330.390298696664,4351.31005859375,104110500
2023-11-22,4330.390775418395,4434.989586418838,4330.390775418395,4414.06982421875,103585500
2023-11-23,4455.908853406104,4518.668133031541,4434.989093530958,4476.82861328125,174572400
2023-11-24,4518.66845703125,4560.50797978154,4497.748695656105,4518.66845703125,92571400
2023-11-27,4539.587892906688,4560.507652781834,4476.82861328125,4476.82861328125,76019100
2023-11-28,4455.908853406104,4539.587892906688,4455.908853406104,4476.82861328125,147993400
2023-11-29,4476.828286224941,4497.7480445717865,4434.98876953125,4434.98876953125,106197800
2023-11-30,4497.748873019105,4497.748873019105,4414.06982421875,4414.06982421875,224426400
2023-12-01,4414.0693336558115,4497.748373156396,4414.0693336558115,4476.82861328125,99499500
2023-12-04,4560.507648259943,4665.10644753196,4560.507648259943,4602.34716796875,235595700
2023-12-05,4539.587565850774,4602.346840954702,4539.587565850774,4560.50732421875,114689900
2023-12-06,4539.587890625,4560.5076504896315,4518.6681307603685,4539.587890625,119716700
2023-12-07,4518.66796875,4581.42724609375,4518.66796875,4581.42724609375,102126600
2023-12-08,4539.587563590117,4560.507321947674,4497.748046875,4497.748046875,130542600
2023-12-11,4455.908527878096,4497.7480445717865,4434.98876953125,4434.98876953125,124468600
2023-12-12,4497.748209635417,4518.66796875,4455.90869140625,4455.90869140625,134501600
2023-12-13,4434.98876953125,4476.828286224941,4414.069011184404,4434.98876953125,98881600
2023-12-14,4560.507486979167,4644.1865234375,4539.587727864583,4644.1865234375,239261700
2023-12-15,4665.106282552083,4686.026041666667,4644.1865234375,4644.1865234375,252448800
2023-12-18,4665.10644753196,4665.10644753196,4602.34716796875,4602.34716796875,102780900
2023-12-19,4560.507486979167,4644.1865234375,4560.507486979167,4644.1865234375,135207300
2023-12-20,4769.705078125,4769.705078125,4644.1865234375,4644.1865234375,138470900
2023-12-21,4644.186199376401,4686.025714686099,4623.266441721553,4665.10595703125,99049600
2023-12-22,4727.865883982654,4769.705405079846,4686.026362885463,4748.78564453125,109411300
2023-12-27,4769.705078125,4790.624837239583,4706.94580078125,4706.94580078125,122236700
2023-12-28,4769.704754025655,4811.544269411845,4748.78499633256,4790.62451171875,121434600
2023-12-29,4811.544269411845,4811.544269411845,4748.78499633256,4790.62451171875,93126000
2024-01-02,4798.26872246696,4819.5,4777.037444933921,4819.5,91143100
2024-01-03,4777.03742980957,4798.268707275391,4755.80615234375,4755.80615234375,83659700
2024-01-04,4755.805852521929,4840.73095703125,4734.5745763946,4840.73095703125,92683500
2024-01-05,4861.962083899457,4968.118461277174,4840.730808423913,4883.193359375,134929600
2024-01-08,4883.193489583333,4925.656041666666,4777.037109375,4777.037109375,152015000
2024-01-09,4777.03712864926,4840.73095703125,4777.03712864926,4840.73095703125,105666200
2024-01-10,4777.03712864926,4840.73095703125,4777.03712864926,4840.73095703125,82626400
2024-01-11,4883.193359375,4925.655910326087,4840.730808423913,4883.193359375,116804400
2024-01-12,4925.656099759615,4968.11865234375,4904.424823467548,4968.11865234375,109715700
2024-01-15,4968.118482597908,5010.581033731223,4904.424655897935,4946.88720703125,115126700
2024-01-16,4946.88720703125,4989.349758164565,4904.424655897935,4946.88720703125,97074300
2024-01-17,4946.887357109037,4946.887357109037,4883.193528476731,4904.4248046875,107941600
2024-01-18,4925.655910326087,4925.655910326087,4840.730808423913,4883.193359375,87259100
2024-01-19,4883.193696120689,4925.65625,4840.7311422413795,4925.65625,75370700
2024-01-22,4904.4248046875,4925.656080898269,4840.730976055195,4904.4248046875,97545600
2024-01-23,4840.73095703125,4883.193509285909,4798.26840477659,4840.73095703125,122999700
2024-01-24,4819.499831478153,4840.731108268806,4734.574724315542,4798.2685546875,104225000
2024-01-25,4734.574859481052,4798.26869167138,4692.1123046875,4692.1123046875,120478800
2024-01-26,4628.418288270449,4649.649564822148,4585.95573516705,4607.18701171875,185244400
2024-01-29,4585.955297085202,4734.57421875,4585.955297085202,4734.57421875,145629600
2024-01-30,4692.112005208333,4798.268385416666,4649.649453125,4777.037109375,150513700
2024-01-31,4861.96223315858,4904.42478541324,4819.499680903919,4840.73095703125,245117200
2024-02-01,4904.424634850544,4925.655910326087,4861.962083899457,4883.193359375,156633900
2024-02-02,4925.656099759615,4968.11865234375,4883.1935471754805,4968.11865234375,177209700
2024-02-05,4925.656080898269,4946.887357109037,4883.193528476731,4904.4248046875,113760000
2024-02-06,5010.581033731223,5010.581033731223,4925.655931464592,4946.88720703125,126704300
2024-02-07,4968.11865234375,5010.581204927885,4946.887376051683,4968.11865234375,147005300
2024-02-12,4989.350130073262,5116.73779296875,4968.118852924014,5116.73779296875,171514600
2024-02-13,5137.9689005533855,5137.9689005533855,5053.0437947591145,5095.50634765625,145852200
2024-02-15,5329.050253109056,5329.050253109056,5180.431321747449,5201.66259765625,308685100
2024-02-16,5222.8935546875,5265.356103912602,5201.662280074949,5222.8935546875,130814400
2024-02-19,5201.6624275582735,5244.124977987321,5159.1998771292265,5180.43115234375,111382900
2024-02-20,5244.125354585194,5350.28173828125,5244.125354585194,5350.28173828125,160872600
2024-02-21,5371.513015020461,5413.975568498884,5286.587908063616,5350.28173828125,168423000
2024-02-22,5307.81884765625,5350.281398437501,5286.587572265626,5307.81884765625,100256000
2024-02-23,5201.66259765625,5244.125149473852,5137.9687699298465,5201.66259765625,148643000
2024-02-26,5180.431174089069,5265.356275303643,5159.199898785425,5244.125,98920800
2024-02-27,5201.66259765625,5265.356425382653,5201.66259765625,5201.66259765625,99187500
2024-02-28,5180.431507279117,5286.587890625,5180.431507279117,5286.587890625,97236700
2024-02-29,5222.893873565051,5265.356425382653,5201.66259765625,5201.66259765625,173774600
2024-03-01,5244.125149473852,5244.125149473852,5159.200045838648,5201.66259765625,76286400
2024-03-04,5201.663071813662,5201.663071813662,5137.96923828125,5137.96923828125,70354900
2024-03-05,5180.431321747449,5244.125149473852,5159.200045838648,5201.66259765625,115084600
2024-03-06,5180.431821761593,5265.35693359375,5180.431821761593,5265.35693359375,84108800
2024-03-07,5265.356613955823,5329.050443963353,5265.356613955823,5286.587890625,117724700
2024-03-08,5329.050312192421,5435.206692913385,5307.819036048228,5392.744140625,163060000
2024-03-13,5392.744476318359,5477.669586181641,5392.744476318359,5435.20703125,195173100
2024-03-14,5444.023000825711,5466.063579776423,5333.820106072154,5421.982421875,271254000
2024-03-15,5289.738820606695,5355.8605558642785,5245.657663768306,5267.6982421875,305995800
2024-03-18,5289.73876953125,5377.901082356771,5267.69819132487,5289.73876953125,110564700
2024-03-19,5289.73876953125,5333.819925944011,5267.69819132487,5289.73876953125,114338600
2024-03-20,5289.739049692623,5377.9013671875,5289.739049692623,5377.9013671875,120885400
2024-03-21,5444.023105308658,5466.063684682377,5377.9013671875,5377.9013671875,136020000
2024-03-22,5333.820157047194,5399.94189453125,5333.820157047194,5399.94189453125,46529200
2024-03-25,5510.14501953125,5510.14501953125,5399.9421191406245,5510.14501953125,115729600
2024-03-26,5554.22607421875,5554.22607421875,5466.063755580357,5554.22607421875,120748400
2024-03-27,5554.2261796875,5576.266759765625,5488.1044394531245,5510.14501953125,73308900
2024-03-28,5377.901472107438,5466.063791322314,5311.779732696281,5333.8203125,288926900
2024-04-01,5289.738429588608,5311.779006378561,5135.45439205894,5223.61669921875,217207800
2024-04-02,5157.4959818970265,5245.658306373899,4959.130751824064,5003.2119140625,412180900
2024-04-03,4915.0492122395835,5003.2115299479165,4870.968053385417,4959.13037109375,333518700
2024-04-04,4981.1707956414475,5069.3331106085525,4981.1707956414475,5025.251953125,131936100
2024-04-05,4959.129833120161,5025.251564228429,4959.129833120161,4981.17041015625,178817800
2024-04-16,4738.724171290888,4915.048791617991,4716.68359375,4716.68359375,600717500
2024-04-17,4826.88658516362,4848.927163178066,4672.6025390625,4672.6025390625,244002000
2024-04-18,4672.602668378996,4848.927297374429,4672.602668378996,4826.88671875,247410700
2024-04-19,4716.683746482523,4738.724324737114,4628.521433464159,4650.56201171875,258211500
2024-04-22,4584.440227004717,4694.643117076946,4540.3590709758255,4672.6025390625,342282800
2024-04-23,4716.683695091391,4760.764851120283,4606.480805019163,4672.6025390625,281403100
2024-04-24,4628.521535773026,4716.683850740132,4540.359220805921,4606.48095703125,471241400
2024-04-25,4518.318795509709,4584.440533980583,4452.197057038835,4540.359375,479170900
2024-04-26,4452.197346499741,4496.278508346273,4258.240234375,4258.240234375,782589900
2024-04-29,4143.629147831499,4311.137560190645,4125.996683372641,4205.3427734375,700644800
2024-04-30,4275.872659412956,4452.197305161943,4249.423962550607,4355.21875,565609200
2024-05-02,4328.76984514509,4337.586077008928,4143.628976004465,4196.5263671875,636922100
2024-05-03,4196.52619243421,4258.239812911184,4152.445034950658,4187.7099609375,321697200
2024-05-06,4231.791329592902,4267.05625733951,4170.077706036339,4222.97509765625,262707400
2024-05-07,4205.342492179136,4214.158723818924,4117.18017578125,4117.18017578125,304013600
2024-05-08,4099.547885992588,4178.893974108573,4029.0180298894898,4125.99658203125,572275800
2024-05-13,4099.547885992588,4143.629046057024,4081.9154219668135,4125.99658203125,320067100
2024-05-14,4161.261404928647,4240.607491039575,4143.628941348441,4170.07763671875,341458900
2024-05-15,4214.158900090768,4293.5049881677905,4196.526436073652,4249.423828125,298990300
2024-05-16,4346.402735182077,4372.851433367769,4267.056640625,4267.056640625,371295000
2024-05-17,4267.056084857723,4372.850863821138,4249.423621697154,4337.5859375,208991800
2024-05-20,4399.299772270488,4452.197164321836,4249.423828125,4249.423828125,335150700
2024-05-21,4240.607598198784,4293.504990276108,4125.99658203125,4125.99658203125,271568800
2024-05-22,4099.547610525357,4205.342387571173,4099.547610525357,4161.26123046875,215066000
2024-05-27,4143.629228193681,4161.261692994506,4011.3857421875005,4011.3857421875,363719300
2024-05-28,4037.8340878518216,4081.9152460161426,3984.936698054636,3993.7529296875,258070200
2024-05-29,3949.671875,3967.3043387276784,3879.142020089286,3887.958251953125,465008500
2024-05-30,3879.141985052797,3949.671839326484,3799.795898994899,3861.509521484375,502927800
2024-05-31,3905.5907156808034,3940.855643136161,3817.428397042411,3826.24462890625,655144100
2024-06-03,3905.590613358858,4020.2016245860927,3879.141918460265,3993.7529296875,345770100
2024-06-04,4020.201694171348,4046.6503895277388,3923.22314453125,3923.22314453125,332902200
2024-06-05,3967.304160378196,3967.304160378196,3879.141845703125,3879.141845703125,240788500
2024-06-06,3923.223041449653,3967.30419921875,3870.3256521267363,3967.30419921875,281534200
2024-06-07,3958.488286862428,3967.3045191271553,3835.06103515625,3835.06103515625,375439600
2024-06-10,3835.060688365589,3905.590540105646,3808.611993963068,3879.141845703125,181387000
2024-06-11,3861.509556361607,3914.4069475446427,3826.24462890625,3826.24462890625,197854400
2024-06-12,3826.2448028915232,3843.877267420977,3799.796106097342,3835.06103515625,187332500
2024-06-13,3879.1419844837583,3896.774448049594,3790.979666654582,3799.7958984375,238349600
2024-06-14,3790.9795938154157,3808.612057042464,3676.3685828396005,3685.184814453125,358893200
2024-06-19,3614.65478515625,3738.082021722561,3605.838553972942,3614.65478515625,410338400
2024-06-20,3641.103759765625,3764.531005859375,3641.103759765625,3764.531005859375,387133400
2024-06-21,3773.347271343609,3958.488142133833,3755.714807458826,3914.406982421875,532713300
2024-06-24,3914.406771573153,3976.120391845703,3879.141845703125,3879.141845703125,303830800
2024-06-25,3808.6121307791095,3879.141985052797,3773.347203642266,3861.509521484375,383572500
2024-06-26,3870.3255780043264,3905.5905035442293,3835.0606524644236,3852.693115234375,150303400
2024-06-27,3887.957907090807,3967.303986827354,3861.5092138452915,3932.0390625,299430600
2024-06-28,4046.6500774881115,4090.731233016304,4037.8338463824725,4055.46630859375,581319300
2024-07-01,4081.915283203125,4117.180210055852,4020.201661210853,4081.915283203125,261421200
2024-07-02,4064.282502222374,4081.9149642710613,4029.017578125,4029.017578125,234403100
2024-07-03,4081.9150019106655,4090.731233016304,4020.2013841711955,4055.46630859375,176310400
2024-07-04,4125.99654635308,4258.240025402858,4108.364082479776,4222.97509765625,422261500
2024-07-05,4275.872665405273,4293.505130004883,4222.975271606445,4231.79150390625,218278000
2024-07-08,4231.7911184210525,4258.239812911184,4178.89372944079,4187.7099609375,222042100
2024-07-09,4214.1587966824945,4346.402273565837,4187.710101305826,4293.5048828125,291320400
2024-07-10,4293.505022752899,4337.586183150773,4267.056326514175,4275.87255859375,167619700
2024-07-11,4328.770269724949,4337.586502453512,4267.056640625,4267.056640625,170461300
2024-07-12,4381.667236328125,4390.483468191965,4302.321149553572,4319.95361328125,301125400
2024-07-15,4337.586148210581,4346.402380219139,4240.6075961164415,4249.423828125,188713000
2024-07-16,4249.423722829677,4267.056186409884,4170.07763671875,4170.07763671875,189271400
2024-07-17,4187.71013532366,4240.607526506697,4161.261439732143,4196.5263671875,263325400
2024-07-18,4196.5261974373725,4311.13720703125,4187.709965930151,4311.13720703125,296614900
2024-07-19,4293.504917689732,4328.76984514509,4275.872453962053,4319.95361328125,135104800
2024-07-22,4337.586251750255,4355.218716188264,4302.321322874236,4328.77001953125,140128300
2024-07-23,4319.953648959421,4328.769880896073,4214.158865719598,4222.97509765625,170919500
2024-07-24,4205.342459834271,4231.791154550209,4196.526228262291,4214.15869140625,116037600
2024-07-25,4196.526791057181,4196.526791057181,4108.364463513963,4143.62939453125,274397700
2024-07-26,4196.5263671875,4240.607526506697,4178.893903459822,4196.5263671875,192267300
2024-07-29,4231.791154550209,4231.791154550209,4196.526228262291,4214.15869140625,126109900
2024-07-30,4161.261333980193,4178.89379725977,4117.18017578125,4117.18017578125,201835700
2024-07-31,4099.547712501673,4152.445102340404,4099.547712501673,4117.18017578125,168490300
2024-08-01,4152.445034950658,4187.7099609375,4134.812571957236,4187.7099609375,169636700
2024-08-02,4170.077776671975,4187.710240843949,4134.812848328025,4152.4453125,113328400
2024-08-05,4108.363940914735,4117.1801725476,3976.1204664217717,3993.7529296875,329430900
2024-08-06,4011.385153065557,4099.5474641219425,3984.936459748641,4055.46630859375,238051800
2024-08-07,4090.7315848214284,4090.7315848214284,4046.650425502232,4073.09912109375,125937500
2024-08-08,4055.4668639350857,4134.812954751207,4046.6506316221835,4108.3642578125,131343400
2024-08-09,4143.628870700616,4170.077565619981,4117.18017578125,4117.18017578125,98730900
2024-08-12,4161.261510082799,4161.261510082799,4099.547885992588,4125.99658203125,83552800
2024-08-13,4143.628767627781,4187.709924730204,4134.812536207296,4161.26123046875,109533400
2024-08-14,4205.3426680822095,4267.056292142116,4196.526436073652,4249.423828125,262716500
2024-08-15,4275.872699113613,4293.505163852225,4222.975304897775,4258.240234375,214394900
2024-08-16,4275.872699113613,4293.505163852225,4258.240234375,4258.240234375,149701700
2024-08-19,4249.423828125,4249.423828125,4187.710204065093,4249.423828125,196203200
2024-08-20,4284.688583096591,4364.03466796875,4267.056119791667,4364.03466796875,310085500
2024-08-21,4399.299290556066,4496.27783203125,4390.483059512868,4496.27783203125,390307000
2024-08-22,4518.3185116607365,4540.359089766399,4430.1561992380875,4452.19677734375,474043100
2024-08-23,4540.359375,4584.440533980583,4518.318795509709,4540.359375,217759300
2024-08-26,4584.440227004717,4694.643117076946,4584.440227004717,4672.6025390625,361169800
2024-08-27,4628.521640058877,4650.562219297252,4496.278164628623,4562.39990234375,271088700
2024-08-28,4496.278216019417,4562.399954490291,4430.156477548544,4540.359375,277561700
2024-08-29,4518.318359375,4562.39951410061,4496.2777820121955,4518.318359375,160041900
2024-08-30,4562.399954490291,4562.399954490291,4518.318795509709,4540.359375,275298000
2024-09-02,4540.359323105375,4606.481060820502,4540.359323105375,4562.39990234375,136717200
2024-09-03,4606.481060820502,4628.521640058877,4540.359323105375,4562.39990234375,166033900
2024-09-04,4496.27783203125,4562.399564855239,4496.27783203125,4496.27783203125,141890400
2024-09-05,4518.318795509709,4540.359375,4474.237636529127,4540.359375,166436800
2024-09-06,4584.440378289473,4628.521535773026,4540.359220805921,4606.48095703125,170520700
2024-09-09,4650.562219297252,4672.602798535628,4540.359323105375,4562.39990234375,201448700
2024-09-10,4584.440327380953,4628.521484375,4518.318591889881,4628.521484375,202326400
2024-09-11,4606.481060820502,4628.521640058877,4518.318743866999,4562.39990234375,165284900
2024-09-12,4562.39990234375,4606.481060820502,4540.359323105375,4562.39990234375,138542100
2024-09-13,4584.440227004717,4672.6025390625,4562.399648990271,4672.6025390625,259722600
2024-09-17,4716.683695091391,4716.683695091391,4628.521383033609,4672.6025390625,201331600
2024-09-18,4716.68359375,4738.724171290888,4694.643016209112,4716.68359375,186877300
2024-09-19,4782.8052255136,4848.926956741899,4760.7646484375,4760.7646484375,332941100
2024-09-20,4760.765188953488,4804.846348110465,4738.724609375,4738.724609375,260437400
2024-09-23,4716.683775745739,4848.92724609375,4716.683775745739,4848.92724609375,245292000
2024-09-24,4893.008842088519,4915.049422458286,4870.96826171875,4870.96826171875,195415700
2024-09-25,4760.765294894366,4782.805874963321,4584.440654342723,4694.6435546875,607065900
2024-09-26,4540.359089766399,4584.440245977723,4430.1561992380875,4452.19677734375,855266800
2024-09-27,4452.196676815257,4540.358987247242,4408.115521599265,4496.27783203125,304694300
2024-09-30,4452.196984493371,4452.196984493371,4364.03466796875,4364.03466796875,539169900
2024-10-01,4381.667355872845,4474.23779296875,4381.667355872845,4474.23779296875,197069300
2024-10-02,4408.1161437246965,4474.237885880567,4319.953820850203,4355.21875,307487600
2024-10-03,4319.953474339431,4372.850863821138,4284.688548018293,4337.5859375,354814800
2024-10-04,4293.5051972817,4337.586359471451,4275.8727324058,4284.68896484375,289960700
2024-10-07,4284.688756159232,4346.402380219139,4240.6075961164415,4249.423828125,308452200
2024-10-08,4231.79109375,4452.196879882813,4196.52616796875,4408.11572265625,527474400
2024-10-09,4408.115967292089,4474.237706801471,4346.40234375,4346.40234375,309336600
2024-10-10,4337.586359471451,4381.667521661201,4284.68896484375,4284.68896484375,226564700
2024-10-11,4328.76984514509,4355.218540736607,4311.13738141741,4319.95361328125,104875300
2024-10-14,4319.95361328125,4346.402308872768,4293.504917689732,4319.95361328125,125414400
2024-10-15,4346.402169080285,4399.299558561992,4337.5859375,4337.5859375,142372200
2024-10-16,4364.03466796875,4381.667131273674,4337.585973011363,4364.03466796875,118014300
2024-10-17,4372.85093498996,4452.197020503891,4355.21847154242,4390.4833984375,188127700
2024-10-18,4430.156758421624,4452.197339309293,4372.851248113682,4381.66748046875,157113000
2024-10-21,4390.483572613978,4430.156616944827,4381.667340540456,4399.2998046875,110708200
2024-10-22,4372.851004464285,4381.667236328125,4319.95361328125,4319.95361328125,199707500
2024-10-23,4258.2402675299,4311.137662157601,4240.607802654,4284.68896484375,222147300
2024-10-24,4249.423828125,4319.953684193465,4240.6075961164415,4249.423828125,218162100
2024-10-25,4249.423934584644,4284.688863502359,4205.3427734375,4205.3427734375,195647800
2024-10-28,4205.34259905134,4231.791294642857,4152.445207868303,4196.5263671875,191211000
2024-10-29,4170.078092794216,4214.159256565825,4143.62939453125,4143.62939453125,203658600
2024-10-30,4081.9154558121018,4187.710240843949,4081.9154558121018,4152.4453125,296314500
2024-10-31,4152.445413208007,4293.505130004883,4152.445413208007,4231.79150390625,307110400
2024-11-01,4205.3430238115025,4249.424187583112,4143.62939453125,4143.62939453125,235656400
2024-11-04,4152.444999048265,4205.342387571173,4099.547610525357,4161.26123046875,209831500
2024-11-05,4134.812848328025,4178.894008757962,4125.996616242038,4152.4453125,199499300
2024-11-06,4152.4448507557745,4170.0773129670515,4055.46630859375,4055.46630859375,249059500
2024-11-07,4064.283136589973,4090.731833791209,4011.3857421875005,4011.3857421875,296218600
2024-11-08,4055.4668703332413,4090.7317996404868,3984.93701171875,3984.93701171875,198589900
2024-11-11,3940.8552935818384,4002.5689111547085,3852.6929827634526,3932.0390625,507192300
2024-11-12,3905.590578342014,3984.936662326389,3905.590578342014,3967.30419921875,252380100
2024-11-13,3940.8554388987445,4064.282678595797,3932.0392074918122,4037.833984375,209627200
2024-11-14,4029.017820095486,4046.650283203125,3967.30419921875,3967.30419921875,159871800
2024-11-15,3923.2230058025725,3976.1203946448545,3923.2230058025725,3940.85546875,106365600
2024-11-18,3914.4071255387935,3932.0395900682474,3835.06103515625,3835.06103515625,253272300
2024-11-19,3835.060721581135,3887.9581108443235,3835.060721581135,3843.876953125,294838700
2024-11-20,3879.1418428839493,3914.406768728349,3817.42822265625,3817.42822265625,298734600
2024-11-21,3773.3468864889705,3808.6118106617646,3746.898193359375,3746.898193359375,376788400
2024-11-22,3746.8983736905184,3896.774308638139,3746.8983736905184,3879.141845703125,280188100
2024-11-25,3896.7743113814317,3993.7528575922815,3896.7743113814317,3940.85546875,401446400
2024-11-26,3923.2230030406604,3940.8554659756746,3861.5093827681108,3879.141845703125,266677500
2024-11-28,3835.06068557845,3870.3256114228493,3817.42822265625,3817.42822265625,277081800
2024-11-29,3773.3468864889705,3790.9793485753676,3746.898193359375,3746.898193359375,412519800
2024-12-02,3764.5307201504424,3773.346951345174,3667.5521770083933,3676.368408203125,337188900
2024-12-03,3738.082275390625,3746.898507172207,3711.63358004588,3738.082275390625,384146700
2024-12-04,3738.082480244253,3852.6934996857044,3720.450015714799,3835.06103515625,345762200
2024-12-05,3799.7957568817856,3826.2444512452316,3746.898368154893,3755.714599609375,183249300
2024-12-06,3746.898507739994,3799.7958984374995,3720.4498123912413,3799.7958984375,151433000
2024-12-09,3799.7955908981708,3870.3254394531255,3790.9793598288015,3870.325439453125,158897200
2024-12-10,3843.876953125,3861.5094162127293,3782.163332317947,3843.876953125,196160900
2024-12-11,3826.2445943475313,3905.5906804054293,3826.2445943475313,3861.509521484375,203980300
2024-12-12,3826.2444512452316,3843.876914154196,3755.714599609375,3755.714599609375,226698900
2024-12-13,3729.2657953715157,3773.346951345174,3676.368408203125,3676.368408203125,287838100
2024-12-16,3658.7358829273894,3773.3468864889705,3658.7358829273894,3746.898193359375,325441900
2024-12-17,3746.898399261107,3782.1633253717996,3658.736083984375,3658.736083984375,327919000
2024-12-18,3676.3685470397213,3711.6334731504144,3641.1036209290287,3658.736083984375,205055500
2024-12-19,3605.838623046875,3623.4710857512605,3570.5736976381036,3605.838623046875,381986300
2024-12-20,3588.2061238406327,3632.287280153171,3570.5736613156173,3579.389892578125,252689600
2024-12-23,3641.103691336661,3711.633544921875,3623.4712279403575,3711.633544921875,167689800
2024-12-24,3720.4498465401784,3746.8985421316966,3676.368687220982,3702.8173828125,199536100
2024-12-27,3734.69873046875,3752.9167730564022,3716.4806878810973,3734.69873046875,143104400
2024-12-30,3716.480712890625,3752.916798311121,3707.3716915355008,3716.480712890625,153934700
2025-01-02,3734.6989531528357,3844.007215196333,3725.5899313158775,3834.898193359375,181361700
2025-01-03,3844.007294804217,3862.225338855422,3780.244140625,3780.244140625,134632300
2025-01-06,3807.57090081936,3807.57090081936,3734.69873046875,3734.69873046875,153048700
2025-01-07,3716.480900085298,3725.589921899232,3670.935791015625,3670.935791015625,171997400
2025-01-08,3670.9356061150047,3734.698755600873,3670.9356061150047,3716.480712890625,133655700
2025-01-09,3707.371878271363,3734.698943713167,3670.935791015625,3670.935791015625,99300400
2025-01-10,3670.9355718370093,3698.26263564721,3652.717529296875,3652.717529296875,132774300
2025-01-13,3634.499693714489,3634.499693714489,3506.973388671875,3506.973388671875,413408100
2025-01-14,3479.6462659333883,3570.736482319079,3461.42822265625,3461.42822265625,293621700
2025-01-15,3497.864303178484,3725.58984375,3497.864303178484,3725.58984375,407813500
2025-01-16,3834.898135845478,3862.2252009465146,3762.0259622427134,3789.35302734375,349387500
2025-01-17,3780.2439734871637,3816.6800599786066,3716.4808221271396,3725.58984375,268758600
2025-01-20,3762.02588642717,3844.007080078125,3762.02588642717,3844.007080078125,167348600
2025-01-21,3889.552136631639,3989.7513720015404,3871.334093837111,3880.443115234375,345223800
2025-01-22,3925.988222220694,3935.0972436179577,3853.116051042584,3880.443115234375,193218900
2025-01-23,3880.443307140262,3953.315481922238,3880.443307140262,3916.87939453125,216018100
2025-01-24,3962.4242727056608,3962.4242727056608,3816.679931640625,3816.679931640625,276421900
2025-01-30,3762.0260140131977,3798.462101315989,3725.5899267104064,3752.9169921875,220222400
2025-01-31,3798.461972494261,3898.661209178762,3780.2439294607157,3844.007080078125,192622700
2025-02-03,3825.7891199448527,3889.5522719439336,3780.244011374081,3871.334228515625,220285800
2025-02-04,3880.443115234375,3916.8792008234304,3825.7889868507923,3880.443115234375,231917500
2025-02-05,3871.3342491555327,3871.3342491555327,3771.135009765625,3771.135009765625,209834400
2025-02-06,3752.91706844301,3789.353156486146,3588.954672248898,3616.28173828125,378545500
2025-02-07,3616.281660132018,3670.935791015625,3588.954594690214,3670.935791015625,259636200
2025-02-10,3643.608804313602,3689.153914367522,3598.063694259682,3616.28173828125,201999400
2025-02-11,3616.2814442166073,3680.0445931070763,3552.518295326138,3652.717529296875,276382800
2025-02-12,3607.172638318083,3698.262856457429,3598.0636165041487,3670.935791015625,362571900
2025-02-13,3643.6085330513783,3670.935597049264,3607.172447720865,3634.49951171875,341640600
2025-02-14,3643.6085755343265,3652.717596973162,3506.973253951789,3516.082275390625,524909600
2025-02-17,3525.191441992672,3670.935791015625,3525.191441992672,3670.935791015625,265737100
2025-02-18,3670.935876317771,3807.5712067018076,3670.935876317771,3780.244140625,374350700
2025-02-19,3789.3529617537315,3807.571004839086,3652.717638613573,3661.82666015625,348358600
2025-02-20,3616.2815709418956,3661.826678888267,3561.62744140625,3561.62744140625,312753300
2025-02-21,3561.6274671382953,3579.8455104484656,3525.1913805179547,3543.409423828125,205268800
2025-02-24,3552.518285634566,3588.9543706154336,3525.1912218989155,3570.736328125,138610800
2025-02-25,3534.300395764803,3570.736482319079,3461.42822265625,3461.42822265625,404555100
2025-02-26,3461.428197091787,3516.0823265195518,3424.99211080661,3479.646240234375,242834100
2025-02-27,3452.319301636751,3461.4283235408056,3288.3569073637655,3306.574951171875,410928000
2025-02-28,3188.1576538085938,3224.593741280692,3060.63134765625,3060.63134765625,1000597600
2025-03-03,3206.375659911444,3406.7741386559096,3160.830551105884,3343.010986328125,744626800
2025-03-04,3352.120008089237,3388.556095133685,3279.2478340003404,3343.010986328125,338434700
2025-03-05,3379.446978251139,3552.5183868408203,3379.446978251139,3497.8642578125,441151000
2025-03-06,3525.191304885285,3634.4995624011076,3525.191304885285,3598.0634765625,434485100
2025-03-07,3579.8456166184797,3579.8456166184797,3470.537353515625,3470.537353515625,243793600
2025-03-10,3452.319252825798,3470.53729637633,3397.665122174202,3424.9921875,232192200
2025-03-11,3370.3381379864777,3452.3193359375,3333.902050008245,3452.3193359375,273961800
2025-03-12,3470.537250587444,3570.7364887933804,3470.537250587444,3543.409423828125,271631200
2025-03-13,3607.1725688733554,3616.2815905119246,3461.42822265625,3461.42822265625,209225700
2025-03-14,3415.883056640625,3497.8642499999996,3415.883056640625,3415.883056640625,156131900
2025-03-17,3443.210020857131,3497.864148172324,3397.6649147611374,3488.755126953125,162467700
2025-03-18,3497.864215353261,3516.082258141559,3188.157487952191,3352.119873046875,416894600
2025-03-19,3379.447021484375,3443.2101728331368,3352.11995662062,3379.447021484375,352217700
2025-03-20,3397.665005709956,3424.9920700990438,3315.6838125426916,3333.90185546875,313033000
2025-03-21,3279.2479149070946,3370.338134765625,3233.7028049778296,3370.338134765625,627645600
2025-03-24,3324.793021500606,3406.774219291032,3206.375735803324,3288.35693359375,342883200
2025-03-25,3333.901919716283,3497.8643092105262,3333.901919716283,3461.42822265625,331285900
2025-03-26,3525.1913616943357,3661.8266857910157,3516.0823400878903,3643.608642578125,540888800
2025-03-27,3643.608699845679,3689.15380859375,3579.8455475983797,3689.15380859375,322553200
2025-04-08,3151.721450302627,3415.8830747499574,3142.6124287699604,3315.683837890625,734807100
2025-04-09,3288.3569073637655,3379.4471264043127,3279.2478854597107,3306.574951171875,366649900
2025-04-10,3570.736482319079,3579.845503957648,3434.101157740543,3461.42822265625,417562900
2025-04-11,3469.5238248966944,3517.711655798037,3459.886258716426,3498.4365234375,301200600
2025-04-14,3498.4365651200455,3556.261962890625,3488.798998824949,3556.261962890625,169458300
2025-04-15,3594.8122280710113,3643.000059546494,3546.624396595528,3556.261962890625,254224400
2025-04-16,3556.261934797731,3565.899501016695,3469.5238388270545,3517.711669921875,233772400
2025-04-17,3536.9869183550827,3536.9869183550827,3479.1615191449177,3508.07421875,121059300
2025-04-21,3488.799072265625,3527.34933825751,3440.6112397757684,3488.799072265625,107470200
2025-04-22,3469.5238248966944,3517.711655798037,3469.5238248966944,3498.4365234375,147116900
2025-04-23,3527.349192517869,3652.6375518149516,3508.074060318318,3623.724853515625,432999900
2025-04-24,3652.637654076952,3700.825485924933,3585.1746894897788,3594.812255859375,272537300
2025-04-25,3633.3624052159926,3652.6375373391543,3594.812140969669,3604.44970703125,136517100
2025-04-28,3652.6376082102456,3710.4630057017007,3643.00004196167,3700.825439453125,212945800
2025-04-29,3720.1004565746757,3729.738022524351,3681.550192775974,3710.462890625,160631400
2025-04-30,3671.912626826299,3710.462890625,3633.3623630275974,3710.462890625,226832200
2025-05-02,3777.9259977045745,3777.9259977045745,3710.46303345985,3739.375732421875,205628100
2025-05-05,3758.6508510767485,3777.925983646373,3720.1005859375,3720.1005859375,196917100
2025-05-06,3700.825467139175,3758.6508650632245,3700.825467139175,3739.375732421875,111333800
2025-05-07,3758.650764016544,3768.288330078125,3729.7380658318016,3768.288330078125,119763100
2025-05-08,3768.288493053265,3816.4763254452505,3643.0001288341027,3652.6376953125,224121900
2025-05-09,3671.9127407073975,3700.825439453125,3623.724909464518,3700.825439453125,147638100
2025-05-14,3855.0265510391196,3941.7646484375,3816.4762855287286,3941.7646484375,461642400
2025-05-15,3989.9523634184716,4153.790987037105,3980.314797323258,4115.24072265625,537151700
2025-05-16,4153.79097254136,4173.066104664522,4009.227481617647,4095.965576171875,289337600
2025-05-19,4076.6904296875,4105.60312777039,4047.77773160461,4076.6904296875,145935500
2025-05-20,4076.6904151898384,4124.878245156621,4018.8650192296986,4057.415283203125,209576900
2025-05-21,4057.4151983843167,4153.790856303184,4057.4151983843167,4105.60302734375,256020200
2025-05-22,4124.878188590116,4153.790886173691,4086.3279251453487,4144.1533203125,208291800
2025-05-23,4192.34130859375,4211.616441047055,4173.066176140445,4192.34130859375,108182800
2025-05-26,4192.341410319011,4192.341410319011,4105.6033121744795,4163.4287109375,149418600
2025-05-27,4163.428382437071,4211.6162109375,4124.878119636728,4211.6162109375,180028000
2025-05-28,4201.978704353933,4288.716796875,4163.428441011236,4288.716796875,466133500
2025-06-02,4201.978892299107,4230.89159109933,4047.77783203125,4047.77783203125,389541100
2025-06-03,4057.415398297991,4076.690530831473,3970.6773018973213,4047.77783203125,277902300
2025-06-04,4076.6904440487133,4076.6904440487133,3932.126953125,3932.126953125,279755300
2025-06-05,3961.039665705983,3989.952363995808,3903.214269126334,3951.402099609375,230129500
2025-06-10,3951.4022555064007,4009.22765436747,3951.4022555064007,3999.590087890625,179827500
2025-06-11,3980.3149000163157,3989.952466360181,3912.8519356092597,3922.489501953125,196558700
2025-06-12,3922.489501953125,3951.4022009847204,3912.8519356092597,3922.489501953125,113850500
2025-06-13,3874.3014990234374,3903.2141967773437,3835.7512353515626,3855.0263671875,283826000
2025-06-16,3835.7513498100725,3864.664048426731,3816.4762173989666,3845.388916015625,155450700
2025-06-17,3864.6641506618926,3883.9392835828994,3816.476318359375,3816.476318359375,125769400
2025-06-18,3806.8387383010786,3816.476304727157,3758.650906170685,3797.201171875,140882100
2025-06-19,3758.6508082339637,3777.9259405838816,3662.275146484375,3662.275146484375,355413000
2025-06-20,3604.4498629205145,3700.8255277044855,3604.4498629205145,3652.6376953125,516177900
2025-06-23,3594.8121265698505,3614.087258615801,3527.3491644090223,3585.174560546875,222067700
2025-06-24,3681.5502645502647,3758.6507936507937,3633.362433862434,3643.0,281594300
2025-06-25,3691.1878162140542,3691.1878162140542,3594.8121552162984,3623.724853515625,164257700
2025-06-26,3642.9999145826537,3691.187744140625,3614.0872168478704,3691.187744140625,171427000
2025-06-30,3700.8253676470586,3700.8253676470586,3594.812140969669,3604.44970703125,271933200
2025-07-01,3642.9999419341216,3652.6375079180743,3536.9867161106417,3565.8994140625,212288800
2025-07-02,3517.711569744608,3565.899399467137,3508.074003800102,3546.624267578125,220273500
2025-07-03,3575.5369654116425,3594.812097300654,3546.624267578125,3546.624267578125,119674300
2025-07-04,3546.6243826634877,3575.537081435201,3517.7116838917746,3536.98681640625,91141200
2025-07-07,3536.9867161106417,3565.8994140625,3517.7115841427367,3565.8994140625,78783800
2025-07-08,3556.2619489207254,3565.899515177963,3517.7116838917746,3536.98681640625,115551200
2025-07-09,3517.711569744608,3565.899399467137,3517.711569744608,3546.624267578125,92437900
2025-07-10,3556.261849336846,3739.375603096738,3546.6242833494834,3729.738037109375,290117200
2025-07-11,3777.9259977045745,3777.9259977045745,3729.7381661012,3739.375732421875,255634700
2025-07-14,3739.3756613756614,3749.013227513228,3614.0873015873017,3643.0,167151400
2025-07-15,3662.275201856475,3739.375732421875,3643.0000692151257,3739.375732421875,183209300
2025-07-16,3806.8386966665994,3816.4762629872744,3739.375732421875,3739.375732421875,241966800
2025-07-17,3787.5634476924,3787.5634476924,3739.3756175690874,3749.01318359375,111359500
2025-07-18,3768.2884173615607,3797.2011162159974,3720.1005859375,3720.1005859375,111030000
2025-07-21,3749.013139610191,3758.6507055217853,3691.187744140625,3691.187744140625,89765800
2025-07-22,3720.100571950277,3739.3757044474282,3691.1878732045493,3700.825439453125,84902800
2025-07-23,3700.8254111842107,3720.100543534128,3652.637580309416,3662.275146484375,132305000
2025-07-24,3691.1878294353246,3806.838623046875,3681.5502633010287,3806.838623046875,206654200
2025-07-25,3806.8386966665994,3806.8386966665994,3729.7381661012,3739.375732421875,86263700
2025-07-28,3797.201171875,3806.8387383010786,3777.9260390228424,3797.201171875,94898300
2025-07-29,3787.5635917819272,3787.5635917819272,3758.6508926080196,3777.926025390625,98887100
2025-07-30,3768.28835978836,3768.28835978836,3633.362433862434,3643.0,206358500
2025-07-31,3643.00007370283,3652.637640035377,3565.8995430424525,3575.537109375,163371700
2025-08-01,3662.275103400735,3662.275103400735,3604.44970703125,3604.44970703125,134100500
2025-08-04,3585.174675707547,3604.449808372641,3556.2619767099054,3575.537109375,104446300
2025-08-05,3565.8994427849266,3652.6375373391543,3565.8994427849266,3604.44970703125,184822600
2025-08-06,3633.362507370283,3643.00007370283,3575.537109375,3575.537109375,100168200
2025-08-07,3594.812242040094,3614.0873747051887,3565.8995430424525,3575.537109375,92746000
2025-08-08,3575.5369800464528,3594.8121120143583,3565.8994140625,3565.8994140625,133180100
2025-08-11,3585.1747431717517,3671.912841796875,3585.1747431717517,3671.912841796875,143167900
2025-08-12,3720.1005955825617,3903.21435546875,3691.1878966531635,3903.21435546875,404797800
2025-08-13,3912.8518210018383,3951.4020852481617,3845.388858570772,3932.126953125,292104000
2025-08-14,3932.126938693042,3951.402070745459,3893.5766745882083,3912.851806640625,164408100
2025-08-15,3951.402113831159,3999.5899444876363,3922.4894154372723,3970.67724609375,269255400
2025-08-19,3941.7644901086787,3951.4020560991644,3864.6639621847926,3893.57666015625,208409700
2025-08-20,3903.2144231221764,3999.590087890625,3903.2144231221764,3999.590087890625,173260400
2025-08-21,4009.22765436747,4018.865220844315,3941.764689029556,3999.590087890625,112477700
2025-08-22,4018.865062285633,4018.865062285633,3951.402099609375,3951.402099609375,71971500
2025-08-25,4028.502585223055,4115.240679163265,4018.8650192296986,4057.415283203125,195322200
2025-08-26,4067.052819853492,4067.052819853492,4018.864990234375,4018.864990234375,267465600
2025-08-27,3980.31494140625,3999.590074294416,3922.4895427417528,3980.31494140625,123874000
2025-08-28,3980.3148264124775,3999.589958743773,3961.039694081182,3989.952392578125,60838200
2025-08-29,3951.4021870177467,3970.6773196373456,3874.301656539352,3903.21435546875,217276600
2025-09-01,3787.5636323708386,3864.664164327497,3720.100666908763,3835.75146484375,234206100
2025-09-02,3835.7514512803823,3903.2144165039062,3816.476318359375,3816.476318359375,111856000
2025-09-03,3874.3016427089797,3883.939208984375,3806.8386787812115,3883.939208984375,112507500
2025-09-04,3835.7512353515626,3864.663933105469,3816.476103515625,3855.0263671875,87402700
2025-09-08,3922.489506961138,3922.489506961138,3749.01331255008,3758.65087890625,143993900
2025-09-09,3729.7382271396764,3749.013360096471,3614.0874293989114,3652.6376953125,327167200
2025-09-10,3681.550334497825,3749.01329874255,3681.550334497825,3739.375732421875,117680500
2025-09-11,3855.0264246323527,3970.6772173713234,3835.751292509191,3932.126953125,281910400
2025-09-12,4028.502685546875,4038.1402517802408,3961.039721913315,4028.502685546875,235383800
2025-09-15,4047.777789572011,4067.0529219033065,3970.67726024683,3989.952392578125,157482000
2025-09-16,4009.227640738499,4018.865207182582,3932.1271091858353,3980.31494140625,167511900
2025-09-17,4009.2275807168244,4067.052978515625,3970.6773155176243,4067.052978515625,245154800
2025-09-18,4115.240708295037,4115.240708295037,4057.4153119255516,4095.965576171875,332670300
2025-09-19,4076.6904440487133,4095.965576171875,4028.5026137408086,4095.965576171875,211373200
2025-09-22,4095.9656348595254,4095.9656348595254,3961.039708064153,4009.2275390625,157592800
2025-09-23,3970.67726024683,4018.865091075068,3961.039694081182,3989.952392578125,110771700
2025-09-24,3989.9522924629046,4018.864990234375,3951.402028767611,4018.864990234375,124591600
2025-09-25,4018.8651653917764,4018.8651653917764,3903.2143692653945,3922.489501953125,129656800
2025-09-26,3903.2142261467357,3932.126924118193,3855.026396194307,3893.57666015625,146229200
2025-09-29,3893.576863811244,3893.576863811244,3816.4763318545856,3835.75146484375,126611800
2025-09-30,3835.751409755609,3835.751409755609,3758.65087890625,3758.65087890625,217357100
2025-10-01,3720.100674366388,3797.201206477608,3662.2752752829724,3671.912841796875,223133600
2025-10-02,3623.724941037736,3652.637640035377,3575.537109375,3575.537109375,379620000
2025-10-03,3575.537095480818,3614.087360661204,3546.624396595528,3556.261962890625,214737100
2025-10-06,3565.8993847122606,3604.4496483307717,3508.0739892844945,3527.34912109375,190283900
2025-10-07,3556.2619767099054,3585.174675707547,3536.9868440448113,3575.537109375,155933000
2025-10-08,3594.8121265698505,3604.4496925928256,3536.9867304319973,3585.174560546875,148263700
2025-10-09,3556.261959095693,3787.563549931185,3508.074127671632,3720.1005859375,479239500
2025-10-10,3652.637654076952,3652.637654076952,3556.2619903809905,3594.812255859375,277252300
2025-10-13,3546.624252903005,3575.5369506168886,3527.34912109375,3527.34912109375,181694400
2025-10-14,3508.074031690141,3556.2618617957746,3421.3359375,3421.3359375,278639100
2025-10-15,3440.611157226562,3459.8862897600447,3324.9603620256694,3373.148193359375,468733500
2025-10-16,3373.1480930749826,3450.2486209166964,3353.872961114554,3402.060791015625,227629500
2025-10-17,3402.060892159598,3440.611157226562,3363.510627092634,3373.148193359375,244442400
2025-10-20,3421.33591029955,3594.812097300654,3411.6983443550444,3546.624267578125,391510300
2025-10-21,3642.999985715176,3652.6375518149516,3575.537023016747,3623.724853515625,293000200
2025-10-22,3652.6375079180743,3681.5502058699326,3546.6242820945945,3565.8994140625,329470700
2025-10-23,3585.174630849149,3681.55029296875,3565.899498425229,3681.55029296875,225902700
2025-10-24,3681.550192775974,3768.288286323052,3681.550192775974,3710.462890625,313903600
2025-10-27,3739.375718507124,3787.563549931185,3614.087356804566,3720.1005859375,332539600
2025-10-28,3710.462890625,3720.1004565746757,3642.9999289772727,3710.462890625,239026800
2025-10-29,3691.187787445774,3749.01318359375,3652.637523347124,3749.01318359375,215008600
2025-10-30,3758.650764016544,3845.388858570772,3729.7380658318016,3768.288330078125,287905300
2025-10-31,3787.5636323708386,3874.301730822079,3777.9260658762564,3835.75146484375,348755700
2025-11-03,3903.2142261467357,3903.2142261467357,3864.6639621847926,3893.57666015625,163770500
2025-11-04,3883.9391665518733,3903.214298892081,3826.11376953125,3826.11376953125,241154700
2025-11-05,3797.2011988654212,3845.3890313383326,3768.2884993816742,3835.75146484375,139859100
2025-11-06,3835.7512353515626,3864.663933105469,3806.8385375976563,3855.0263671875,130808100
2025-11-07,3855.026597832915,3864.664164327497,3835.75146484375,3835.75146484375,87287600
2025-11-10,3864.6640053474875,3874.301571445611,3787.5634765625,3787.5634765625,148552900
2025-11-11,3797.201013717063,3816.476145766388,3720.100485519762,3749.01318359375,179000200
2025-11-12,3749.01331255008,3806.8387106870996,3749.01331255008,3758.65087890625,111115400
2025-11-13,3758.6507350714633,3768.288301058826,3729.738037109375,3729.738037109375,99373200
2025-11-14,3720.1006134815707,3787.56357797476,3720.1006134815707,3758.65087890625,100717300
2025-11-17,3739.3757733185275,3806.8387383010786,3739.3757733185275,3797.201171875,140868100
2025-11-18,3806.838637191042,3845.3889018714576,3787.5635048508343,3826.11376953125,205257700
2025-11-19,3845.388801269531,3855.0263671875,3826.1136694335937,3855.0263671875,107451000
2025-11-20,3874.301614632284,3903.2143132489427,3845.388916015625,3845.388916015625,183008400
2025-11-21,3835.7514512803823,3855.026584201389,3797.201185438368,3816.476318359375,112666100
2025-11-24,3855.026597832915,3855.026597832915,3797.2011988654212,3835.75146484375,262302000
2025-11-25,3835.75123281454,3835.75123281454,3691.187744140625,3691.187744140625,396959100
2025-11-26,3662.275261790897,3691.187961226088,3643.0001288341027,3652.6376953125,288419400
2025-11-27,3662.275103400735,3671.912669462316,3585.1745749080883,3604.44970703125,283451800
2025-11-28,3575.5369654116425,3614.087229189666,3546.624267578125,3546.624267578125,353872800
2025-12-01,3546.6243826634877,3594.8122139496763,3527.3492501490123,3536.98681640625,299669500
2025-12-02,3556.2619767099054,3594.812242040094,3536.9868440448113,3575.537109375,277714300
2025-12-03,3556.261818807633,3565.8993847122606,3527.34912109375,3527.34912109375,225357100
2025-12-04,3527.3492640053355,3556.261962890625,3517.7116977102387,3556.261962890625,221121100
2025-12-05,3565.899501016695,3565.899501016695,3517.711669921875,3517.711669921875,156161100
2025-12-08,3546.6243826634877,3556.2619489207254,3527.3492501490123,3536.98681640625,124094700
2025-12-09,3565.899399467137,3565.899399467137,3517.711569744608,3546.624267578125,201089800
2025-12-10,3546.624252903005,3546.624252903005,3517.711555189122,3527.34912109375,172677700
2025-12-11,3546.624471253453,3565.8996042493955,3450.2488062737393,3488.799072265625,327591200
2025-12-12,3508.0740896177685,3508.0740896177685,3450.2486925361573,3498.4365234375,169747600
2025-12-15,3517.7116402116403,3671.912698412699,3498.436507936508,3643.0,312694100
2025-12-16,3662.275192136687,3671.9127584317835,3546.624396595528,3556.261962890625,237949900
2025-12-17,3556.26200390625,3643.0001015625,3546.6244375,3614.08740234375,273544100
2025-12-18,3614.0873015873017,3681.5502645502647,3614.0873015873017,3643.0,262527300
2025-12-19,3662.2752481556695,3671.9128145981845,3623.72498238561,3633.362548828125,228583500
2025-12-22,3633.3624196154005,3642.999985715176,3614.0872874158495,3623.724853515625,161680300
2025-12-23,3623.72498238561,3643.0001152706395,3594.812283058065,3633.362548828125,138427000
2025-12-24,3633.362548828125,3652.6376817131545,3614.087415943095,3633.362548828125,121073600
2025-12-29,3643.0,3652.6375661375664,3623.724867724868,3643.0,238061500
2025-12-30,3690.0,3690.0,3650.0,3660.0,274402200
2026-01-02,3660.0,3670.0,3620.0,3640.0,191985100
2026-01-05,3630.0,3660.0,3590.0,3630.0,230544800
2026-01-06,3630.0,3690.0,3630.0,3680.0,175820800
2026-01-07,3680.0,3710.0,3660.0,3700.0,195024700
2026-01-08,3710.0,3760.0,3700.0,3710.0,182019700
2026-01-09,3730.0,3740.0,3670.0,3680.0,143474700
2026-01-12,3680.0,3740.0,3660.0,3700.0,215159700
2026-01-13,3700.0,3730.0,3670.0,3720.0,227620800
2026-01-14,3740.0,3750.0,3700.0,3720.0,170097000
2026-01-15,3730.0,3850.0,3730.0,3820.0,407151300
2026-01-19,3850.0,3900.0,3810.0,3840.0,359652500
2026-01-20,3840.0,3880.0,3820.0,3850.0,170245800
2026-01-21,3850.0,3850.0,3800.0,3820.0,273678200
2026-01-22,3850.0,3850.0,3790.0,3810.0,153742700
2026-01-23,3810.0,3850.0,3760.0,3850.0,164603900
2026-01-26,3840.0,3850.0,3800.0,3850.0,120002700
2026-01-27,3850.0,3850.0,3780.0,3820.0,157633200
2026-01-28,3630.0,3780.0,3540.0,3590.0,726740400
2026-01-29,3550.0,3780.0,3290.0,3780.0,781321200
2026-01-30,3780.0,3890.0,3740.0,3810.0,532329000
2026-02-02,3860.0,3880.0,3750.0,3830.0,334659200
2026-02-03,3780.0,3870.0,3760.0,3830.0,102082100
