Date,Open,High,Low,Close,Volume
2021-02-04,2446.056884765625,2483.2592708457105,2399.553902165518,2446.056884765625,139040400
2021-02-05,2492.560177868559,2492.560177868559,2399.554201082419,2436.756591796875,97199600
2021-02-08,2455.3574812856464,2483.2592708457105,2436.7562882456036,2446.056884765625,125050800
2021-02-09,2455.3574143629808,2492.5597994290865,2399.5538367638223,2418.155029296875,208380400
2021-02-10,2446.056818096454,2446.056818096454,2408.8544330303484,2418.155029296875,102693600
2021-02-11,2436.756221829928,2436.756221829928,2418.155029296875,2418.155029296875,35879400
2021-02-15,2436.756221829928,2446.056818096454,2418.155029296875,2418.155029296875,48995200
2021-02-16,2418.1550886824325,2436.756281672297,2399.5538956925675,2408.8544921875,63202000
2021-02-17,2399.5539493110236,2408.85454601378,2343.750369094488,2362.3515625,117413600
2021-02-18,2325.149169921875,2380.9527500000004,2315.8485732421877,2325.149169921875,113989000
2021-02-19,2325.1493566176473,2380.9529411764706,2306.548161764706,2371.65234375,102020400
2021-02-22,2399.554136029412,2418.155330882353,2371.65234375,2371.65234375,107680600
2021-02-23,2343.75018527668,2371.6519731966405,2343.75018527668,2353.05078125,89107800
2021-02-24,2362.3517463235294,2380.9529411764706,2353.0511488970587,2371.65234375,82498600
2021-02-25,2390.253285685383,2408.8544785700947,2334.44970703125,2334.44970703125,133614800
2021-02-26,2297.2476191326855,2353.0512050225484,2269.345826187754,2287.947021484375,246190600
2021-03-01,2315.848533485326,2455.3574812856464,2315.848533485326,2446.056884765625,220785400
2021-03-02,2473.958368474787,2473.958368474787,2418.154796253551,2455.357177734375,163296600
2021-03-03,2483.258963844993,2483.258963844993,2427.4553916237574,2455.357177734375,78532200
2021-03-04,2464.6583848327173,2473.958982511331,2427.455994118261,2436.756591796875,120612600
2021-03-05,2427.455685177365,2446.0568781672296,2399.5538956925675,2408.8544921875,87239000
2021-03-08,2436.756651644577,2446.057249551617,2371.6524662952943,2390.253662109375,54098000
2021-03-09,2371.6524662952943,2427.4560537375364,2371.6524662952943,2390.253662109375,111838800
2021-03-10,2418.155029296875,2418.155029296875,2399.5538367638223,2418.155029296875,51903000
2021-03-12,2436.7564166327834,2511.161192713174,2436.7564166327834,2501.860595703125,159202400
2021-03-15,2520.4614753436326,2520.4614753436326,2464.6579002437734,2473.95849609375,79922400
2021-03-16,2473.958982511331,2501.860775547173,2418.155396439647,2436.756591796875,112248400
2021-03-17,2455.3573545258623,2473.9585466056037,2427.45556640625,2427.45556640625,50841200
2021-03-18,2464.6582704431867,2548.3636456657855,2464.6582704431867,2529.762451171875,152427600
2021-03-19,2529.762266489852,2529.762266489852,2492.559880217943,2520.461669921875,150713800
2021-03-22,2511.1611880896226,2539.062979068396,2464.658203125,2464.658203125,115979200
2021-03-23,2511.161313860604,2511.161313860604,2464.658326566889,2483.259521484375,97289600
2021-03-24,2500.6762220330743,2510.294207502432,2462.204280155642,2471.822265625,115254200
2021-03-25,2481.4403171539307,2491.0583028793335,2433.3503885269165,2462.204345703125,71666600
2021-03-26,2481.4402510943582,2491.058236563716,2442.968309216926,2471.822265625,84478000
2021-03-29,2462.2044117647056,2500.6763556985293,2452.58642578125,2452.58642578125,79520400
2021-03-30,2462.204298418972,2471.8222839596715,2414.1143707154765,2433.350341796875,41180600
2021-03-31,2404.496355754573,2433.350312023628,2356.4064286394814,2366.0244140625,159155800
2021-04-01,2404.4962236958163,2433.350178380166,2366.0242841166832,2385.26025390625,77715200
2021-04-05,2423.732374811747,2423.732374811747,2385.260432354418,2394.87841796875,39468400
2021-04-06,2394.878287630727,2423.732242903386,2366.0243323580676,2414.1142578125,29650600
2021-04-07,2423.732356256176,2433.350341796875,2404.4963851747775,2433.350341796875,46420200
2021-04-08,2404.4962727216134,2452.586198176046,2385.2603025398407,2414.1142578125,88449600
2021-04-09,2452.586405986064,2519.9123073268584,2433.3504341744087,2491.058349609375,126420200
2021-04-12,2471.822101895771,2500.676056392609,2414.1141929020955,2423.732177734375,48429000
2021-04-13,2385.260238405258,2442.9681473989335,2385.260238405258,2423.732177734375,76327000
2021-04-14,2442.968327337574,2462.204298418972,2404.4963851747775,2433.350341796875,80914000
2021-04-15,2462.204117063492,2462.204117063492,2394.878223237537,2423.732177734375,68337400
2021-04-16,2442.9681473989335,2442.9681473989335,2404.4962080698165,2423.732177734375,63194400
2021-04-19,2404.496403583082,2414.1143891974148,2385.260432354418,2394.87841796875,43598600
2021-04-20,2385.26025390625,2404.4962236958163,2375.642269011467,2385.26025390625,63882600
2021-04-21,2366.024479830995,2375.642465521365,2356.406494140625,2356.406494140625,65425600
2021-04-22,2375.642465521365,2394.8784369021046,2346.7885084502554,2356.406494140625,71452000
2021-04-23,2327.5524723704266,2366.0244140625,2317.9344869474085,2366.0244140625,104928400
2021-04-26,2346.788412820345,2356.406398118789,2289.080501029681,2298.698486328125,115305000
2021-04-27,2298.6985337438664,2337.1704757312114,2289.08054824703,2327.552490234375,96850800
2021-04-28,2346.788314327117,2414.1142085906,2346.788314327117,2385.26025390625,161162600
2021-04-29,2394.87841796875,2414.1143891974148,2366.024461125753,2394.87841796875,82870600
2021-04-30,2394.87855041751,2404.496536563765,2356.4066058324897,2375.642578125,69941600
2021-05-03,2346.7884612280477,2366.02443222172,2308.3165192407027,2327.552490234375,65334000
2021-05-04,2327.5526022989243,2346.78857421875,2298.6986444191857,2346.78857421875,56355200
2021-05-05,2366.02443222172,2366.02443222172,2327.552490234375,2327.552490234375,45851800
2021-05-06,2356.406626760224,2356.406626760224,2317.934681833526,2337.170654296875,37091000
2021-05-07,2356.4064654181984,2356.4064654181984,2289.08056640625,2289.08056640625,65331800
2021-05-10,2317.934456925013,2317.934456925013,2289.080501029681,2298.698486328125,35481400
2021-05-11,2308.316422801907,2308.316422801907,2250.608512231859,2269.844482421875,69381800
2021-05-17,2298.6983719837813,2308.316356803797,2260.2264327037183,2279.46240234375,95099800
2021-05-18,2298.698437706899,2308.316422801907,2240.990527136851,2269.844482421875,73965200
2021-05-19,2231.3726424834804,2250.608613539372,2164.046743787858,2183.28271484375,98436000
2021-05-20,2173.664794921875,2212.1367381948285,2154.4288232853983,2173.664794921875,69610000
2021-05-21,2202.5190188690317,2269.8449277427576,2183.28304490511,2240.990966796875,140453000
2021-05-24,2260.2263979704485,2260.2263979704485,2212.136474609375,2212.136474609375,54897600
2021-05-25,2221.7545569468352,2289.080452611891,2221.7545569468352,2269.844482421875,90594400
2021-05-27,2308.316321331522,2308.316321331522,2212.136474609375,2212.136474609375,353889800
2021-05-28,2240.9907889530577,2269.8447476091055,2221.7548165156923,2231.372802734375,78305800
2021-05-31,2260.2267201741533,2346.788594563802,2240.990748087565,2308.316650390625,96660000
2021-06-02,2366.0245461385757,2385.260518058402,2337.170588258837,2346.78857421875,157335600
2021-06-03,2375.6423818359376,2414.1143232421873,2356.4064111328125,2404.496337890625,86426400
2021-06-04,2404.4964225924746,2433.350379663584,2356.406494140625,2356.406494140625,76307800
2021-06-07,2385.260451211735,2385.260451211735,2337.1705227598854,2356.406494140625,42514400
2021-06-08,2366.0245666503906,2366.0245666503906,2308.316650390625,2308.316650390625,57084000
2021-06-09,2337.170457793445,2375.642399485518,2308.3165015243903,2366.0244140625,47078600
2021-06-10,2375.642269011467,2404.4962236958163,2356.4062992219,2385.26025390625,43543600
2021-06-11,2414.1142578125,2423.732242903386,2394.878287630727,2414.1142578125,77757800
2021-06-14,2423.732242903386,2423.732242903386,2394.878287630727,2414.1142578125,50043400
2021-06-15,2423.732356256176,2433.350341796875,2394.8783996340785,2433.350341796875,107187800
2021-06-16,2433.3502279942727,2442.9682130851593,2385.2603025398407,2414.1142578125,90051600
2021-06-17,2404.4962236958163,2414.1142085906,2385.26025390625,2385.26025390625,146517200
2021-06-18,2375.642269011467,2385.26025390625,2289.080404958417,2385.26025390625,201335400
2021-06-21,2346.7882804395745,2346.7882804395745,2289.080371904175,2317.934326171875,138949200
2021-06-22,2337.1706335399795,2404.496536563765,2317.9346612474696,2375.642578125,96680600
2021-06-23,2394.878204219074,2394.878204219074,2317.934326171875,2317.934326171875,66074200
2021-06-24,2346.788412820345,2346.788412820345,2298.698486328125,2298.698486328125,52248000
2021-06-25,2308.316422801907,2317.9344078969148,2269.844482421875,2269.844482421875,61052000
2021-06-28,2240.9905609666257,2269.8445166872257,2183.282649525425,2192.900634765625,127109000
2021-06-29,2250.6085950182633,2250.6085950182633,2192.900682325487,2221.754638671875,96970800
2021-06-30,2250.608512231859,2289.080452611891,2231.372542041843,2269.844482421875,146560200
2021-07-01,2289.080501029681,2308.3164716265687,2269.844530432793,2298.698486328125,87385400
2021-07-02,2298.6985519793857,2317.9345231256566,2279.4625808331143,2289.08056640625,80422400
2021-07-05,2298.6985708383413,2298.6985708383413,2231.3726712740386,2250.608642578125,29242400
2021-07-06,2269.844565915855,2269.844565915855,2212.136653223079,2221.754638671875,56066200
2021-07-07,2221.75445928159,2240.9904286260194,2183.282520592731,2212.136474609375,96691000
2021-07-08,2250.608512231859,2269.844482421875,2212.1365718518273,2269.844482421875,81459000
2021-07-09,2269.844565915855,2269.844565915855,2221.754638671875,2221.754638671875,50822400
2021-07-12,2260.226761390423,2260.226761390423,2221.7548165156923,2231.372802734375,39692600
2021-07-13,2250.6085950182633,2269.844565915855,2221.754638671875,2221.754638671875,65117000
2021-07-14,2231.3725757264256,2240.9905609666257,2173.6646642852247,2192.900634765625,59225200
2021-07-15,2202.5188881732047,2269.844793051862,2183.2829153507314,2260.226806640625,94438400
2021-07-16,2260.226806640625,2269.844793051862,2240.9908338181517,2260.226806640625,39567600
2021-07-19,2231.3724439538046,2250.6084132982337,2212.136474609375,2212.136474609375,31460200
2021-07-21,2240.9904630636865,2289.080387163766,2231.3724782436707,2279.46240234375,87100200
2021-07-22,2298.6985337438664,2346.7884612280477,2289.08054824703,2327.552490234375,55171400
2021-07-23,2308.3164716265687,2327.552442223457,2289.080501029681,2298.698486328125,37457600
2021-07-26,2298.6987062651533,2308.316692483836,2231.372802734375,2231.372802734375,77160200
2021-07-27,2250.6089537788357,2269.8449277427576,2212.1370058509924,2240.990966796875,79279400
2021-07-28,2212.1365718518273,2269.844482421875,2212.1365718518273,2269.844482421875,41266000
2021-07-29,2269.8443826426633,2269.8443826426633,2212.136474609375,2212.136474609375,68168400
2021-07-30,2240.9905609666257,2240.9905609666257,2192.900634765625,2192.900634765625,92132400
2021-08-02,2221.7546569555343,2221.7546569555343,2164.046743787858,2183.28271484375,68571000
2021-08-03,2192.900682325487,2231.372624120671,2173.664711427895,2221.754638671875,70957400
2021-08-04,2240.990966796875,2269.8449277427576,2221.754992832953,2240.990966796875,67410400
2021-08-05,2260.2265917565214,2337.1704757312114,2250.608606259685,2327.552490234375,140254000
2021-08-06,2337.1704275219013,2346.788412820345,2289.080501029681,2298.698486328125,63682000
2021-08-09,2308.316692483836,2317.934678702519,2231.372802734375,2231.372802734375,50317400
2021-08-10,2231.372802734375,2260.226761390423,2221.7548165156923,2231.372802734375,54893400
2021-08-12,2260.2264327037183,2289.080387163766,2240.9904630636865,2279.46240234375,51328800
2021-08-13,2298.6986643473306,2327.5526224772134,2269.8447062174478,2308.316650390625,41771600
2021-08-16,2308.3164716265687,2327.552442223457,2250.6085598359045,2298.698486328125,53074000
2021-08-18,2308.3165192407027,2375.6424177185563,2279.4625627501937,2327.552490234375,141229400
2021-08-19,2346.7884990985576,2346.7884990985576,2231.3726712740386,2250.608642578125,101976800
2021-08-20,2269.844482421875,2289.080452611891,2231.372542041843,2269.844482421875,62841600
2021-08-23,2269.844530432793,2308.3164716265687,2269.844530432793,2298.698486328125,46346200
2021-08-24,2289.080901706679,2298.69888868864,2231.3729798149143,2240.990966796875,85217600
2021-08-25,2260.2266096868434,2298.6985519793857,2250.608624113708,2289.08056640625,60726800
2021-08-26,2250.6089537788357,2279.4629147247183,2240.990966796875,2240.990966796875,55050200
2021-08-27,2240.9907889530577,2260.226761390423,2221.7548165156923,2231.372802734375,35765000
2021-08-30,2250.608624113708,2289.08056640625,2240.9906385405725,2289.08056640625,65062000
2021-08-31,2308.3166303790986,2346.78857421875,2289.0806584592724,2346.78857421875,135700400
2021-09-01,2346.788594563802,2346.788594563802,2308.316650390625,2308.316650390625,70082000
2021-09-02,2327.552490234375,2346.7884612280477,2298.6985337438664,2327.552490234375,51554400
2021-09-03,2346.7885084502554,2366.024479830995,2308.3165656887754,2356.406494140625,50760000
2021-09-06,2385.26025390625,2433.350178380166,2356.4062992219,2385.26025390625,51684400
2021-09-07,2404.496337890625,2442.9682792968747,2394.8783525390622,2404.496337890625,70448400
2021-09-08,2423.73230859375,2423.73230859375,2356.4064111328125,2404.496337890625,84660600
2021-09-09,2423.7325333722933,2442.968505859375,2356.4066296675073,2442.968505859375,93331600
2021-09-10,2414.1142085906,2423.732193485383,2375.642269011467,2385.26025390625,107576800
2021-09-13,2346.7884432164633,2394.878370331555,2327.5524723704266,2366.0244140625,104806600
2021-09-14,2366.0245461385757,2385.260518058402,2337.170588258837,2346.78857421875,84931400
2021-09-15,2375.642465521365,2385.260451211735,2346.7885084502554,2356.406494140625,135497800
2021-09-16,2375.642399485518,2385.2603849085367,2356.4064286394814,2366.0244140625,61344200
2021-09-17,2356.406446724884,2366.02443222172,2327.552490234375,2327.552490234375,82452800
2021-09-20,2317.934326171875,2337.170295683675,2279.4623871482754,2317.934326171875,57569200
2021-09-21,2317.934456925013,2317.934456925013,2279.4625157312366,2298.698486328125,45153400
2021-09-22,2298.6987093701778,2346.7886405285494,2289.0807231385033,2337.170654296875,26711200
2021-09-23,2356.406626760224,2356.406626760224,2317.934681833526,2337.170654296875,40606000
2021-09-24,2337.1704275219013,2346.788412820345,2279.4625157312366,2298.698486328125,50278400
2021-09-27,2308.316422801907,2317.9344078969148,2269.844482421875,2269.844482421875,68500800
2021-09-28,2289.08056640625,2317.9345231256566,2269.844595259979,2289.08056640625,64652200
2021-09-29,2289.080678304036,2327.5526224772134,2279.462692260742,2308.316650390625,56467400
2021-09-30,2327.5524723704266,2366.0244140625,2308.3165015243903,2366.0244140625,82812000
2021-10-01,2366.0245461385757,2385.260518058402,2327.5526022989243,2346.78857421875,74975400
2021-10-04,2375.6425187394425,2500.676335515203,2366.024532833615,2491.058349609375,156691600
2021-10-05,2481.4402510943582,2519.91219297179,2452.586294686284,2471.822265625,94886200
2021-10-06,2491.058504971591,2568.0023970170455,2481.440518465909,2539.1484375,168775800
2021-10-07,2558.3841461637126,2625.7100447469684,2548.766160651819,2577.6201171875,253196600
2021-10-08,2587.2383051333222,2683.4181677776837,2587.2383051333222,2654.564208984375,223592000
2021-10-11,2654.564208984375,2664.1821952488112,2616.0922639266305,2654.564208984375,123020200
2021-10-12,2683.4181466238842,2712.2721051897324,2664.182174246652,2693.0361328125,191044200
2021-10-13,2721.889827244718,2731.5078125,2673.79990096831,2731.5078125,134998000
2021-10-14,2741.1258455602133,2760.36181640625,2712.2718892911585,2760.36181640625,104307800
2021-10-15,2760.361637142155,2769.9796219405594,2721.8896979485357,2750.74365234375,84353000
2021-10-18,2769.979801829268,2818.0697289443597,2750.7438309832314,2760.36181640625,152951600
2021-10-19,2789.2154608832466,2789.2154608832466,2712.2715861002603,2769.9794921875,99358000
2021-10-21,2760.36181640625,2818.0697289443597,2741.1258455602133,2760.36181640625,189264000
2021-10-22,2731.507554796007,2779.597476535373,2721.889570448134,2769.9794921875,65782600
2021-10-25,2760.3619483278508,2789.215905975877,2741.1259765625,2741.1259765625,76296200
2021-10-26,2731.507860137195,2769.979801829268,2731.507860137195,2760.36181640625,55872800
2021-10-27,2769.9796219405594,2779.5976067389643,2741.125667545345,2750.74365234375,82925200
2021-10-28,2741.125748929604,2750.7437340135675,2693.0358235097865,2702.65380859375,99023600
2021-10-29,2760.36181640625,2808.4517435213415,2750.7438309832314,2760.36181640625,160952400
2021-11-01,2789.215772675305,2789.215772675305,2750.7438309832314,2760.36181640625,65621400
2021-11-02,2760.361719097531,2769.9797041814945,2693.0358235097865,2702.65380859375,51923400
2021-11-03,2683.4180612664472,2789.215905975877,2664.1820895010965,2741.1259765625,107556600
2021-11-04,2789.215772675305,2808.4517435213415,2760.36181640625,2760.36181640625,103726400
2021-11-05,2789.21572403169,2789.21572403169,2693.035871478873,2731.5078125,48035600
2021-11-08,2769.980022321429,2769.980022321429,2693.0361328125,2693.0361328125,50517400
2021-11-09,2712.271944247159,2731.5079154829546,2635.328059303977,2644.946044921875,120574200
2021-11-10,2644.9458195612983,2750.74365234375,2644.9458195612983,2750.74365234375,156118000
2021-11-11,2741.1257163711075,2779.59765625,2702.6537764922145,2779.59765625,86362400
2021-11-12,2798.833709286972,2798.833709286972,2712.271841989437,2731.5078125,56807000
2021-11-15,2731.5079440935283,2750.7439155308066,2712.27197265625,2712.27197265625,40131000
2021-11-16,2712.271761461938,2779.59765625,2702.6537764922145,2779.59765625,76140200
2021-11-17,2779.59765625,2789.2156412197232,2750.7437013408307,2779.59765625,72789600
2021-11-18,2769.979801829268,2779.5977872522867,2750.7438309832314,2760.36181640625,30911600
2021-11-19,2760.361863550647,2808.451791487069,2750.743877963362,2789.2158203125,101125800
2021-11-22,2827.687744140625,2885.395657286352,2779.597816519186,2827.687744140625,92374400
2021-11-23,2779.5976067389643,2798.8335763357736,2731.5076827469406,2750.74365234375,63127600
2021-11-24,2741.125667545345,2760.361637142155,2731.5076827469406,2750.74365234375,56217000
2021-11-25,2779.597816519186,2837.305729664913,2760.36184547061,2827.687744140625,97473400
2021-11-26,2818.069679797535,2818.069679797535,2721.889827244718,2731.5078125,78633400
2021-11-29,2731.507860137195,2798.833758098323,2664.181962176067,2760.36181640625,112673000
2021-11-30,2789.215994698661,2789.215994698661,2673.800160435268,2693.0361328125,219340400
2021-12-01,2693.036177672261,2741.126109416409,2673.8002049746024,2721.89013671875,93119800
2021-12-02,2721.889570448134,2789.2154608832466,2693.0356174045137,2769.9794921875,70416400
2021-12-03,2769.9796219405594,2779.5976067389643,2731.5076827469406,2750.74365234375,46109400
2021-12-06,2750.7438309832314,2789.215772675305,2731.507860137195,2760.36181640625,52050400
2021-12-07,2760.361974428778,2808.451904296875,2760.361974428778,2808.451904296875,64289400
2021-12-08,2798.8335763357736,2808.4515611341785,2750.74365234375,2750.74365234375,56064200
2021-12-09,2789.215802043474,2827.687744140625,2741.1258744220345,2827.687744140625,42688600
2021-12-10,2769.9794921875,2779.597476535373,2731.507554796007,2769.9794921875,93532200
2021-12-13,2769.979934210526,2779.5979200932015,2741.1259765625,2741.1259765625,50091200
2021-12-14,2741.1258455602133,2769.979801829268,2731.507860137195,2760.36181640625,65061400
2021-12-15,2750.7440533719932,2818.069956776203,2741.1260671713917,2798.833984375,75677400
2021-12-16,2808.451791487069,2818.0697770743536,2769.979849137931,2789.2158203125,69082400
2021-12-17,2779.5976067389643,2779.5976067389643,2721.8896979485357,2750.74365234375,83945200
2021-12-20,2731.508123067579,2750.7440957652384,2721.89013671875,2721.89013671875,57932600
2021-12-21,2750.74365234375,2789.2155915373687,2731.5076827469406,2750.74365234375,49859600
2021-12-22,2760.361901249446,2769.979886968085,2712.27197265625,2712.27197265625,34814400
2021-12-23,2712.2721503699204,2750.7440957652384,2712.2721503699204,2721.89013671875,44565000
2021-12-24,2731.5079440935283,2750.7439155308066,2673.800029781693,2712.27197265625,54902200
2021-12-27,2712.2721051897324,2731.5080775669644,2683.4181466238842,2693.0361328125,34096400
2021-12-28,2712.27197265625,2712.27197265625,2683.4180155003323,2712.27197265625,39835400
2021-12-29,2721.889827244718,2741.125797755282,2693.035871478873,2731.5078125,20860200
2021-12-30,2731.5077638456405,2741.125748929604,2702.65380859375,2702.65380859375,34951600
2022-01-03,2731.5079440935283,2741.125929812167,2702.6539869376106,2712.27197265625,30999600
2022-01-04,2721.8898747141766,2769.979801829268,2712.2718892911585,2760.36181640625,44541400
2022-01-05,2750.7437340135675,2760.361719097531,2664.181868257896,2702.65380859375,98910200
2022-01-06,2721.889778761677,2721.889778761677,2673.7998533418595,2702.65380859375,65651200
2022-01-07,2702.6539869376106,2731.5079440935283,2702.6539869376106,2712.27197265625,68452800
2022-01-10,2721.889958374889,2731.5079440935283,2712.27197265625,2712.27197265625,44378600
2022-01-11,2731.5079440935283,2731.5079440935283,2693.0360012189717,2712.27197265625,50367600
2022-01-12,2712.2717131501313,2750.74365234375,2712.2717131501313,2750.74365234375,34249200
2022-01-13,2750.7439624451754,2760.3619483278508,2731.5079906798246,2741.1259765625,35763800
2022-01-14,2721.8898747141766,2779.5977872522867,2721.8898747141766,2760.36181640625,43651400
2022-01-17,2789.2154608832466,2798.8334452311196,2750.7435234917534,2769.9794921875,43188000
2022-01-18,2760.361863550647,2789.2158203125,2731.507906788793,2789.2158203125,64484800
2022-01-19,2760.361719097531,2769.9797041814945,2693.0358235097865,2702.65380859375,103093600
2022-01-20,2731.507860137195,2760.36181640625,2702.6539038681403,2760.36181640625,53067000
2022-01-21,2760.361974428778,2808.451904296875,2741.1260024815388,2808.451904296875,76806800
2022-01-24,2798.833984375,2798.833984375,2769.980025773196,2798.833984375,44476800
2022-01-25,2769.9796712802768,2789.2156412197232,2750.7437013408307,2779.59765625,69268000
2022-01-26,2808.4516911841556,2875.777587890625,2779.5977354528113,2875.777587890625,140636400
2022-01-27,2875.7776355869723,2923.867562603477,2846.9236793770697,2904.631591796875,113618000
2022-01-28,2933.4857736226004,2943.103759765625,2904.6318151935257,2943.103759765625,121145200
2022-01-31,2991.1934108160012,2991.1934108160012,2866.1596026468437,2875.777587890625,101700800
2022-02-02,2895.0135583781876,2895.0135583781876,2866.1596026468437,2875.777587890625,68769000
2022-02-03,2875.777587890625,2875.777587890625,2827.687661671718,2875.777587890625,60204000
2022-02-04,2866.1596026468437,2895.0135583781876,2846.923632159281,2875.777587890625,36629400
2022-02-07,2943.1036669921873,2943.1036669921873,2875.7777661132814,2885.395751953125,68867800
2022-02-08,2923.8676101434426,2971.9575379418543,2904.6316390240777,2933.485595703125,158581800
2022-02-09,2962.3396656148207,2971.9576515421413,2923.867721905537,2952.7216796875,107360800
2022-02-10,2962.339534031149,2981.575505031351,2943.1035630309466,2971.95751953125,107679400
2022-02-11,2991.193490531452,2991.193490531452,2943.1035630309466,2971.95751953125,81582600
2022-02-14,2962.3395808293267,3000.8115234375,2933.4856238731973,3000.8115234375,76263200
2022-02-15,3000.8117459454115,3039.28369140625,2952.721814119363,3039.28369140625,67804400
2022-02-16,3048.9013189813895,3048.9013189813895,2981.575422347731,3020.04736328125,74785000
2022-02-17,3029.66534851463,3029.66534851463,2952.7214666475916,3020.04736328125,103038800
2022-02-18,3010.4293780478706,3058.5193042147694,2981.575422347731,3020.04736328125,81303200
2022-02-21,3020.04736328125,3048.9013189813895,3020.04736328125,3020.04736328125,31720800
2022-02-22,3010.4293131510417,3039.283268229167,2991.1933430989584,3029.665283203125,69476600
2022-02-23,3048.9012532552083,3058.51923828125,3010.4293131510417,3029.665283203125,85991000
2022-02-24,2971.957585322393,3029.6654996004972,2943.1036281833403,2962.339599609375,170297000
2022-02-25,2971.957585322393,2981.57557103541,2943.1036281833403,2962.339599609375,163299800
2022-03-01,2952.72174590865,3020.0476489098246,2943.103759765625,2943.103759765625,149532200
2022-03-02,2943.1035812628074,2971.9575379418543,2904.6316390240777,2933.485595703125,110824000
2022-03-04,2962.339732051675,2971.9577181946997,2923.8677874795753,2943.103759765625,104914600
2022-03-07,2904.631591796875,2933.4855480067777,2885.395620990273,2904.631591796875,137667600
2022-03-08,2933.4855480067777,2962.3395042166803,2904.631591796875,2904.631591796875,104072200
2022-03-09,2914.24962458376,2971.9575379418543,2914.24962458376,2933.485595703125,115109200
2022-03-10,2962.3396656148207,2981.5756374694624,2923.867721905537,2952.7216796875,105803000
2022-03-11,2971.9577181946997,2971.9577181946997,2923.8677874795753,2943.103759765625,122401600
2022-03-14,2943.103498298891,3010.4293953188003,2933.4855130103324,2981.575439453125,173513400
2022-03-15,3000.8115893790196,3029.6655469692023,2991.193603515625,2991.193603515625,146735400
2022-03-16,3000.8116155660377,3096.991475039308,3000.8116155660377,3058.51953125,291909800
2022-03-17,3077.755503144654,3116.2274469339623,3058.51953125,3058.51953125,235559000
2022-03-18,3068.137337958399,3077.7553233438484,3029.6653964166007,3048.9013671875,212233400
2022-03-21,3093.4942531211705,3113.647310144761,3063.2646675857845,3083.417724609375,162364400
2022-03-22,3103.5709137062295,3123.723971587439,3083.41785582502,3093.494384765625,112672400
2022-03-23,3093.494179875904,3143.8768212419614,3083.417651602693,3133.80029296875,183894800
2022-03-24,3103.5710025630915,3194.259765625,3103.5710025630915,3194.259765625,210909800
2022-03-25,3204.336144319765,3214.4126730754874,3133.8004430297074,3164.030029296875,136083000
2022-03-28,3174.106689453125,3184.183218625992,3143.8771019345236,3174.106689453125,95354400
2022-03-29,3214.412824083202,3234.5658825414034,3174.106707166798,3194.259765625,160112200
2022-03-30,3204.336276971726,3214.412806144593,3164.030160280258,3174.106689453125,82476000
2022-03-31,3194.2596342835245,3214.4126919130736,3164.030047839201,3184.18310546875,69174000
2022-04-01,3184.183218625992,3184.183218625992,3133.8005727616564,3174.106689453125,62912400
2022-04-04,3153.953369140625,3184.1829541483626,3133.8003124688,3153.953369140625,82013800
2022-04-05,3143.876840804712,3174.1064258124497,3143.876840804712,3153.953369140625,82378200
2022-04-06,3143.8770294686483,3143.8770294686483,3083.41785582502,3093.494384765625,129476400
2022-04-07,3093.4945155552455,3133.800633021763,3073.3414568219864,3103.571044921875,136162800
2022-04-08,3143.8771623883927,3143.8771623883927,3093.4945155552455,3103.571044921875,94622400
2022-04-11,3103.5709137062295,3123.723971587439,3083.41785582502,3093.494384765625,107966400
2022-04-12,3093.4945155552455,3123.7241036551336,3073.3414568219864,3103.571044921875,92691200
2022-04-13,3093.494160377478,3123.7237450065736,3083.417632167779,3113.647216796875,90558600
2022-04-14,3113.647442646834,3123.723971587439,3083.41785582502,3093.494384765625,63275600
2022-04-18,3093.4943663550207,3113.6474241162914,3053.1882508324798,3073.34130859375,101496000
2022-04-19,3073.3412900616236,3093.4943477013717,3053.188232421875,3053.188232421875,104508400
2022-04-20,3083.4177992510945,3184.18308680832,3073.341270495372,3164.030029296875,164354800
2022-04-21,3224.489128388554,3385.713584807982,3194.2595428099116,3345.407470703125,337363200
2022-04-22,3305.101468089124,3355.484112419751,3254.7188237584974,3335.3310546875,168301800
2022-04-25,3305.101449705547,3405.866737806326,3234.565748035002,3315.177978515625,179082600
2022-04-26,3325.2544325411677,3395.7901326253746,3315.17790395771,3365.560546875,131930600
2022-04-27,3335.331036135781,3395.790208996248,3315.177978515625,3315.177978515625,118272800
2022-04-28,3536.8615170271037,3657.7798594895685,3496.5554028729484,3607.397216796875,443163800
2022-05-09,3476.402224978885,3496.555281355574,3355.48388671875,3355.48388671875,351637800
2022-05-10,3153.9535906756364,3295.0249972873266,3153.9535906756364,3264.79541015625,498444800
2022-05-11,3264.795373535156,3305.1014892578123,3224.4892578125,3224.4892578125,198922600
2022-05-12,3214.412806144593,3244.6423936631945,3113.6475144159226,3174.106689453125,162727200
2022-05-13,3174.1065392127402,3184.183067908654,3123.723895733173,3143.876953125,165507800
2022-05-17,3143.8769717854298,3224.4892018312103,3143.8769717854298,3164.030029296875,149548800
2022-05-18,3214.4126919130736,3234.5657495426226,3143.876990209652,3184.18310546875,162519200
2022-05-19,3143.876990209652,3194.2596342835245,3123.723932580103,3184.18310546875,127740400
2022-05-20,3204.3361999511717,3244.642315673828,3204.3361999511717,3224.4892578125,106866400
2022-05-23,3244.6423936631945,3254.718922836061,3143.8771019345236,3174.106689453125,144005200
2022-05-24,3204.3362948541007,3244.6424117705046,3184.183236395899,3194.259765625,134555000
2022-05-25,3184.18308680832,3244.642259342655,3153.9535005411526,3164.030029296875,132635400
2022-05-27,3224.4892939814818,3274.871939199942,3204.336235894097,3264.79541015625,155078600
2022-05-30,3305.101318359375,3305.101318359375,3224.489091082317,3305.101318359375,117617200
2022-05-31,3335.331016630285,3426.019775390625,3315.1779591279874,3426.019775390625,262054000
2022-06-02,3355.483960407536,3365.5604888171683,3244.6421479015817,3305.101318359375,203021800
2022-06-03,3335.3309035882717,3345.407431997904,3305.101318359375,3305.101318359375,147960000
2022-06-06,3305.101544526457,3365.560719121453,3234.5658408322947,3284.948486328125,148785000
2022-06-07,3305.101356598268,3365.5605277555533,3284.9482995458397,3345.407470703125,132673800
2022-06-08,3315.177922566732,3395.7901516868956,3284.9483366466707,3385.713623046875,153409200
2022-06-09,3385.7135107566764,3426.01962397997,3365.5604541450293,3395.7900390625,216804400
2022-06-10,3335.3310173571294,3355.484074863819,3284.9483735904055,3295.02490234375,165119600
2022-06-13,3224.4892939814818,3264.79541015625,3204.336235894097,3264.79541015625,122467200
2022-06-14,3224.489091082317,3305.101318359375,3224.489091082317,3305.101318359375,100136600
2022-06-15,3274.871771019625,3355.483999229339,3274.871771019625,3345.407470703125,142400800
2022-06-16,3426.0198519123137,3426.0198519123137,3345.407620102612,3375.63720703125,186692600
2022-06-17,3295.0246173870455,3325.254201032798,3254.718505859375,3254.718505859375,156836200
2022-06-20,3264.7954634232956,3325.254638671875,3244.6424050071023,3325.254638671875,74978200
2022-06-21,3345.4076970880683,3365.560755504261,3305.1015802556817,3325.254638671875,62996600
2022-06-22,3305.101544526457,3335.3311318239553,3274.8719572289588,3284.948486328125,88306600
2022-06-23,3284.948486328125,3315.1780736256233,3264.795428129793,3284.948486328125,48817400
2022-06-24,3305.101356598268,3345.407470703125,3284.9482995458397,3345.407470703125,60638400
2022-06-27,3385.71368018617,3385.71368018617,3254.7188056551577,3315.177978515625,76574400
2022-06-28,3284.9483548677886,3305.1014122596152,3224.4891826923076,3274.871826171875,110131200
2022-06-29,3264.7951061320755,3274.8716342374214,3204.3359375,3204.3359375,113216400
2022-06-30,3224.4893533123027,3264.7954702287066,3184.183236395899,3194.259765625,125507600
2022-07-01,3174.106714349044,3194.259772852847,3053.188363326223,3063.264892578125,191672200
2022-07-04,3053.188290982633,3093.494407035209,2932.269942824905,2982.652587890625,246417000
2022-07-05,3002.8054965150122,3113.647310144761,3002.8054965150122,3083.417724609375,90919800
2022-07-06,3083.417800041528,3083.417800041528,2962.49945494186,3033.03515625,180812800
2022-07-07,3022.958343197601,3043.111398818918,2992.728759765625,2992.728759765625,120444800
2022-07-08,3043.1116661658652,3043.1116661658652,2982.6524939903848,3012.882080078125,57156600
2022-07-11,3012.882080078125,3033.0351374699517,2982.6524939903848,3012.882080078125,22860800
2022-07-12,3012.8818153869424,3012.8818153869424,2972.5757041443076,2992.728759765625,51524400
2022-07-13,2982.652665914948,2992.729195191688,2932.27001953125,2932.27001953125,142494200
2022-07-14,2922.1934902545104,2972.5761366382085,2902.0404317010307,2932.27001953125,158438200
2022-07-15,2942.346016169425,2982.652125979965,2891.96337890625,2891.96337890625,191949400
2022-07-18,2912.1168669616286,2962.49951171875,2912.1168669616286,2962.49951171875,152078400
2022-07-19,2962.499176333649,3002.8052875762837,2932.2695929016727,2992.728759765625,128963600
2022-07-20,3043.1117020619067,3204.336163098299,3043.1117020619067,3184.18310546875,215712600
2022-07-21,3224.489220727848,3224.489220727848,3113.6474037653284,3184.18310546875,125699200
2022-07-22,3194.2596155640426,3194.2596155640426,3133.8004430297074,3164.030029296875,54461200
2022-07-25,3174.1064060615954,3184.1829343348068,3133.80029296875,3133.80029296875,30750600
2022-07-26,3153.9535552978514,3234.565786743164,3143.8770263671877,3224.4892578125,58317600
2022-07-27,3244.642352068866,3274.871939199942,3224.4892939814818,3264.79541015625,87439200
2022-07-28,3234.5655616144213,3305.1012592197203,3234.5655616144213,3244.64208984375,94427400
2022-07-29,3315.1779969552495,3365.5606412858765,3284.9484103568734,3335.3310546875,132709400
2022-08-01,3305.101605358542,3315.178134643172,3214.412841796875,3214.412841796875,95909000
2022-08-02,3224.4892010703365,3295.02490234375,3214.4126723169916,3295.02490234375,57458200
2022-08-03,3295.0250510475853,3325.254638671875,3244.6424050071023,3325.254638671875,55822800
2022-08-04,3345.4076970880683,3345.4076970880683,3284.9485218394884,3325.254638671875,75188600
2022-08-05,3335.3311678799714,3345.4076970880683,3295.0250510475853,3325.254638671875,64150800
2022-08-08,3325.2544325411677,3365.560546875,3315.17790395771,3365.560546875,82522000
2022-08-09,3395.7903012075963,3466.3260047935105,3385.713772123894,3415.943359375,117148200
2022-08-10,3365.5604020939318,3466.32568359375,3325.2542894940043,3466.32568359375,79950200
2022-08-11,3476.4025520928794,3496.555610365882,3395.7903190008706,3436.096435546875,106627400
2022-08-12,3436.096417542404,3456.2494757098084,3395.7903012075963,3415.943359375,62626200
2022-08-15,3405.86669921875,3446.172814002404,3385.713641826923,3405.86669921875,44464800
2022-08-16,3446.172964683376,3486.4790812293804,3415.943377273873,3436.096435546875,109260400
2022-08-18,3536.861380643623,3546.9379087936045,3456.249155443768,3466.32568359375,116693200
2022-08-19,3466.3258903952205,3486.4789478975185,3426.019775390625,3426.019775390625,48290200
2022-08-22,3395.7903190008706,3446.172964683376,3365.5607315913676,3436.096435546875,121399800
2022-08-23,3426.0197010869565,3496.5554008152176,3405.8666440217394,3476.40234375,95553400
2022-08-24,3466.325815217391,3506.6319293478264,3446.172758152174,3476.40234375,60958200
2022-08-25,3446.1729825300654,3476.402570096119,3395.7903365866437,3456.24951171875,77254800
2022-08-26,3476.4024191463695,3486.4789478975185,3426.019775390625,3426.019775390625,82356600
2022-08-29,3385.71367872807,3466.3259091739765,3365.5606211165937,3446.1728515625,62683800
2022-08-30,3476.402718428242,3526.785366521405,3456.249659190977,3486.479248046875,109649400
2022-08-31,3426.019431938559,3567.0908203125,3405.8663764565677,3567.0908203125,151631600
2022-09-01,3567.091214220063,3607.397329634979,3496.55551224396,3597.32080078125,120967800
2022-09-02,3617.4734590174785,3627.5499867584745,3516.708181607521,3567.0908203125,90044600
2022-09-05,3567.0911026427198,3627.5502738739524,3546.9380455656424,3607.397216796875,60491000
2022-09-06,3617.4738209321886,3627.550349681303,3546.9381196883855,3557.0146484375,65296200
2022-09-07,3536.861609402509,3577.1677246093755,3516.708551799076,3577.167724609375,97771400
2022-09-08,3587.244159719797,3667.856388028107,3557.014574104181,3607.397216796875,96931000
2022-09-09,3657.7797851562495,3667.8563134900137,3607.397143487431,3657.77978515625,128510800
2022-09-12,3688.0094090599455,3708.1624659400545,3657.779823739782,3698.0859375,110819000
2022-09-13,3728.3155071924607,3829.080791170635,3718.238978794643,3808.927734375,185487800
2022-09-14,3738.3924645864836,3788.775112357191,3708.1628759240593,3748.468994140625,119631200
2022-09-15,3788.7751295120324,3829.0812479110964,3748.469011112968,3768.6220703125,156750600
2022-09-16,3738.392146183894,3748.4686748798076,3637.6268592247598,3667.8564453125,167812600
2022-09-19,3728.3155421642105,3748.468599148882,3688.0094281948677,3718.239013671875,137396600
2022-09-20,3758.5452416461444,3778.6982992421026,3708.16259765625,3708.16259765625,140752200
2022-09-21,3688.009447123484,3738.39208984375,3667.8563900353774,3738.39208984375,71044400
2022-09-22,3738.3921840501866,3748.4687128481655,3698.0860688582707,3708.16259765625,96479200
2022-09-23,3708.16259765625,3728.3156552522078,3688.009540060292,3708.16259765625,61877000
2022-09-26,3677.9327887457766,3778.698070629223,3607.3970914273646,3728.3154296875,133769600
2022-09-27,3728.315951913436,3768.6220703125,3708.162892713904,3768.6220703125,130959400
2022-09-28,3808.928171465474,3869.387348790323,3738.3924645864836,3748.468994140625,133085000
2022-09-29,3768.6215424408783,3778.698070629223,3708.1623733108104,3728.3154296875,67945200
2022-09-30,3748.4689157824937,3798.8515625,3718.2393277519895,3798.8515625,113501000
2022-10-03,3758.5451469318564,3778.6982040199628,3718.2390327556436,3738.39208984375,54662400
2022-10-04,3748.468599148882,3778.698184625889,3718.239013671875,3718.239013671875,90247000
2022-10-05,3748.468618387803,3819.004318196176,3738.39208984375,3738.39208984375,75891600
2022-10-06,3748.468637420409,3758.545166015625,3718.2390516347605,3758.545166015625,43279200
2022-10-07,3758.545445125995,3798.8515625,3738.392386438992,3798.8515625,51267000
2022-10-10,3778.6985828030497,3788.775112357191,3738.3924645864836,3748.468994140625,55465000
2022-10-11,3798.8516419113325,3798.8516419113325,3728.315935032342,3748.468994140625,71925600
2022-10-12,3778.6985038129974,3829.081150530504,3748.4689157824937,3798.8515625,118731400
2022-10-13,3829.080923276715,3849.2339807676453,3758.54522205846,3819.00439453125,58832000
2022-10-14,3889.5399416659743,3889.5399416659743,3778.6981298568403,3788.774658203125,106401600
2022-10-17,3808.927734375,3819.0042627728176,3748.4685639880954,3808.927734375,60905200
2022-10-18,3829.0805664062505,3859.3101498252468,3808.927510793586,3829.08056640625,67904400
2022-10-19,3778.69827954939,3859.31050951311,3758.54522205846,3819.00439453125,71544800
2022-10-20,3768.621785481771,4000.3819487600617,3768.621785481771,3990.305419921875,102422400
2022-10-21,4030.6116961050725,4211.989222429801,4000.3821083842845,4171.68310546875,183987800
2022-10-24,4161.60654058689,4232.142244664634,4131.376953125,4131.376953125,102168000
2022-10-25,4141.4533506360785,4211.989052471729,4121.30029296875,4121.30029296875,83305200
2022-10-26,4121.299671846277,4131.3761991613055,4030.6109260110297,4111.22314453125,80531400
2022-10-27,4111.22314453125,4161.605781106388,4050.763980641085,4111.22314453125,84531200
2022-10-28,4080.9935625861676,4121.299671846277,4070.91703527114,4111.22314453125,102437400
2022-10-31,4151.5301160767185,4252.29541015625,4121.300527852859,4252.29541015625,173874600
2022-11-01,4272.448167067308,4272.448167067308,4121.3002366286055,4191.8359375,111898000
2022-11-02,4181.759157393765,4191.835685483871,4020.534707952078,4060.8408203125,127515400
2022-11-03,4010.4582189611483,4111.223500844594,4010.4582189611483,4101.14697265625,119598600
2022-11-04,4040.6881554514316,4091.07080078125,4030.611626385468,4091.07080078125,70781200
2022-11-07,4101.14736566311,4131.376953125,4030.611661585366,4131.376953125,98034400
2022-11-08,4141.453446111068,4141.453446111068,4060.841213583359,4091.07080078125,39585800
2022-11-09,4050.7646845173954,4091.07080078125,4050.7646845173954,4091.07080078125,68010400
2022-11-10,4050.7644236347464,4091.0705373027536,4030.6113668007424,4070.91748046875,61964000
2022-11-11,4151.529470173861,4211.988637215228,4121.299886653178,4201.912109375,102008200
2022-11-14,4252.295302972561,4252.295302972561,4091.0708365091464,4131.376953125,61055200
2022-11-15,4151.530011432927,4151.530011432927,4070.91777820122,4131.376953125,83000800
2022-11-16,4070.9171948242188,4101.146777954102,3990.3049731445312,4030.611083984375,128257800
2022-11-17,3970.152362245502,4040.6880641128078,3970.152362245502,3990.305419921875,167562600
2022-11-18,4010.4582189611483,4121.300029032939,4000.3816907728037,4101.14697265625,111646200
2022-11-21,4101.147065719756,4111.223594136757,4040.6878952177444,4070.91748046875,52311600
2022-11-22,4050.7645543981484,4131.376784336419,4050.7645543981484,4080.994140625,79850600
2022-11-23,4080.9935625861676,4151.52925379136,4080.9935625861676,4111.22314453125,78250600
2022-11-24,4121.30029296875,4151.529879469743,4111.223764135086,4121.30029296875,59701400
2022-11-25,4121.300029032939,4121.300029032939,4070.917388091216,4101.14697265625,77984800
2022-11-28,4101.147198109568,4141.453313078704,4080.994140625,4080.994140625,64779000
2022-11-29,4131.3763738082625,4211.9885957362285,4111.223318326271,4161.60595703125,72261000
2022-11-30,4161.606517220903,4353.0605700712595,4161.606517220903,4242.21875,347136800
2022-12-01,4242.218580979567,4292.601224459135,4191.8359375,4191.8359375,141493000
2022-12-02,4191.836104513064,4242.21875,4161.606517220903,4242.21875,70811400
2022-12-05,4292.601279633621,4433.672683189655,4262.371693157327,4383.2900390625,146472800
2022-12-06,4383.289682930763,4433.672322964449,4322.830514890338,4393.3662109375,139360200
2022-12-07,4282.524561135166,4312.75414627259,4181.75927734375,4181.75927734375,200886200
2022-12-08,4060.841177413713,4121.300351270989,4020.535061508862,4050.7646484375,279908400
2022-12-09,4010.458609247087,4050.7647259229375,3960.0759634022747,4000.382080078125,241338200
2022-12-12,3960.075851670462,4030.6115538630656,3939.9227939011466,4010.45849609375,183717600
2022-12-13,3939.9227757309422,4030.6115352746215,3939.9227757309422,3990.305419921875,224176000
2022-12-14,4060.8411405170386,4070.917669401696,4010.45849609375,4010.45849609375,162689200
2022-12-15,3990.305419921875,4040.6880641128078,3990.305419921875,3990.305419921875,82673400
2022-12-16,3960.0756678817297,4070.91748046875,3960.0756678817297,4070.91748046875,770252400
2022-12-19,4030.611083984375,4060.840667114258,3990.3049731445312,4030.611083984375,100871400
2022-12-20,4030.611590485075,4050.7646484375,4010.4585325326493,4050.7646484375,56633800
2022-12-21,4080.9937225341796,4080.9937225341796,4030.611083984375,4030.611083984375,37945200
2022-12-22,4070.917669401696,4070.917669401696,4010.45849609375,4010.45849609375,78836200
2022-12-23,3990.3055509091623,4030.611667585012,3990.3055509091623,4000.382080078125,38571200
2022-12-26,4020.535061508862,4050.7646484375,4010.4585325326493,4050.7646484375,19578800
2022-12-27,4050.764611632381,4050.764611632381,3980.228909439777,4010.45849609375,43282000
2022-12-28,4030.6114407111527,4030.6114407111527,3970.1522691004852,4020.534912109375,30258400
2022-12-29,3990.305326304041,4020.5349121093745,3980.2287977022634,4020.534912109375,56981400
2022-12-30,4030.611667585012,4050.7647259229375,4000.3820800781245,4000.382080078125,40655800
2023-01-02,4000.381816777097,4020.5348737885683,3980.2287597656255,3980.228759765625,5985400
2023-01-03,3970.1523805551196,4020.535024978408,3970.1523805551196,4010.45849609375,13815200
2023-01-04,4040.688232421875,4060.841290937695,4020.5351739060548,4040.688232421875,38575800
2023-01-05,4050.7641899749524,4050.7641899749524,3919.7693281100906,3960.075439453125,84945800
2023-01-06,3919.7699236188614,3949.9995117187495,3869.387276785714,3949.99951171875,44097000
2023-01-09,3929.8458148397335,3970.1519257611667,3869.3866484575838,3919.769287109375,67250600
2023-01-10,3829.080846740229,3849.2339038283353,3698.085975667537,3738.39208984375,214538800
2023-01-11,3657.7798594895685,3698.0859736437237,3587.244159719797,3607.397216796875,193915000
2023-01-12,3627.5503672724185,3808.9278856360393,3627.5503672724185,3708.16259765625,219659400
2023-01-13,3677.932880619891,3718.238994380109,3647.7032952997274,3698.0859375,107483800
2023-01-16,3667.856757707493,3768.622053248908,3667.856757707493,3748.468994140625,145710000
2023-01-17,3788.7747896634614,3960.0757774939902,3778.698260967548,3929.84619140625,146238000
2023-01-18,3889.5402474128764,3939.922893104753,3829.0810725826245,3849.234130859375,95360600
2023-01-19,3869.387019230769,3960.0757774939902,3839.157433143029,3929.84619140625,81704200
2023-01-20,3970.1522691004852,4030.6114407111527,3949.9992118969294,4020.534912109375,93227400
2023-01-24,3970.152362245502,4020.5350064364347,3949.999304569129,3990.305419921875,35028000
2023-01-25,3949.9989831668818,3970.152039203447,3909.69287109375,3909.69287109375,72767800
2023-01-26,3939.922383781608,3980.228495124642,3929.845855945849,3960.075439453125,70558600
2023-01-27,3990.305586132325,4091.0708787114245,3990.305586132325,4040.688232421875,216788400
2023-01-30,4040.688082747723,4080.994198286354,3980.228909439777,4010.45849609375,82589400
2023-01-31,4040.688082747723,4070.917669401696,3980.228909439777,4010.45849609375,167297000
2023-02-01,4010.458151276579,4050.7642633497103,3899.6163430754673,3909.69287109375,165628800
2023-02-02,3919.769287109375,3929.8458148397335,3859.3101207272252,3919.769287109375,99351800
2023-02-03,3929.846375895387,4010.458609247087,3929.846375895387,4000.382080078125,108125400
2023-02-06,4000.381816777097,4050.7644593057757,3929.8461172369466,3980.228759765625,109098400
2023-02-07,4010.4582189611483,4121.300029032939,3990.305162584459,4101.14697265625,118132000
2023-02-08,4080.9935625861676,4121.299671846277,4070.91703527114,4111.22314453125,75656000
2023-02-09,4151.530011432927,4191.836128048781,4131.376953125,4131.376953125,121757400
2023-02-10,4211.988956784739,4211.988956784739,4091.0706135277605,4151.52978515625,81114600
2023-02-13,4252.295339390852,4252.295339390852,4131.376988507699,4171.68310546875,56771800
2023-02-14,4211.988862481175,4211.988862481175,4141.453163827184,4181.75927734375,39570600
2023-02-15,4151.529879469743,4171.682937137072,4070.9176488004277,4121.30029296875,75595200
2023-02-16,4121.300029032939,4141.453085409628,4080.9939162795604,4101.14697265625,49569000
2023-02-17,4101.147142132509,4151.52978515625,4070.9175563182644,4151.52978515625,58521000
2023-02-20,4151.530142753953,4151.530142753953,4111.224024863139,4141.45361328125,40696400
2023-02-21,4151.52925379136,4151.52925379136,4101.146617216223,4111.22314453125,52604400
2023-02-22,4080.9937225341796,4101.146777954102,4010.4580285644533,4030.611083984375,75513400
2023-02-23,4020.534707952078,4070.9173484026055,4000.3816517718674,4060.8408203125,177505200
2023-02-24,4080.994140625,4121.300255594136,4060.841083140432,4080.994140625,54138200
2023-02-27,4060.841213583359,4091.07080078125,4050.7646845173954,4091.07080078125,47901800
2023-02-28,4060.840667114258,4091.070250244141,4030.611083984375,4030.611083984375,146440400
2023-03-01,4091.0705373027536,4111.223594136757,4050.7644236347464,4070.91748046875,89565600
2023-03-02,4091.0707064677563,4151.529879469743,4091.0707064677563,4121.30029296875,72991800
2023-03-03,4111.223822294776,4131.376880247201,4040.6881194612874,4050.7646484375,88630600
2023-03-06,4101.147198109568,4121.300255594136,4060.841083140432,4080.994140625,53728800
2023-03-07,4091.070444467905,4141.453085409628,4080.9939162795604,4101.14697265625,80065800
2023-03-08,4131.377083808547,4141.45361328125,4101.147495390435,4141.45361328125,104838200
2023-03-09,4191.835713217703,4232.141825844797,4171.682656904157,4211.98876953125,83286000
2023-03-10,4201.912334102033,4201.912334102033,4141.453163827184,4181.75927734375,107531000
2023-03-13,4141.453517747962,4181.759634709013,4121.300459267437,4171.68310546875,92827600
2023-03-14,4111.223900936712,4141.4534884436,3970.152492571237,4000.382080078125,191898400
2023-03-15,4050.7646484375,4101.147293318563,3970.1524166277986,4050.7646484375,262828600
2023-03-16,4060.841102871193,4060.841102871193,3960.0758149587564,3970.15234375,135467400
2023-03-17,4010.458309966739,4080.994008885752,4000.381781549737,4070.91748046875,224171600
2023-03-20,4050.764139404297,4070.9171948242188,4030.611083984375,4030.611083984375,46333000
2023-03-21,4070.9180989583333,4232.142578125,4060.8415690104166,4232.142578125,131331000
2023-03-24,4282.524402863389,4413.519266950975,4262.3713468499145,4393.3662109375,222156200
2023-03-27,4405.794194240196,4416.385045668658,4321.0673828125,4321.0673828125,151825600
2023-03-28,4321.06796875,4352.84052734375,4278.704557291667,4289.29541015625,103951000
2023-03-29,4342.249384341033,4395.203645125679,4321.067680027174,4384.61279296875,107454600
2023-03-30,4384.6129541373775,4405.7946592298285,4331.65869140625,4331.65869140625,97186200
2023-03-31,4352.83978227149,4374.021484375,4321.067229116223,4374.021484375,92013200
2023-04-03,4405.794759501187,4458.7490234375,4405.794759501187,4458.7490234375,101724400
2023-04-04,4448.158334585337,4490.521747295673,4321.068096454327,4405.794921875,94482600
2023-04-05,4363.43144437799,4448.15826854067,4363.43144437799,4426.9765625,42655500
2023-04-06,4426.976201596467,4426.976201596467,4363.431088654891,4384.61279296875,47999400
2023-04-10,4363.430788526348,4384.612491383272,4278.703977098652,4321.0673828125,74787800
2023-04-11,4321.0673828125,4321.0673828125,4278.703977098652,4321.0673828125,37744800
2023-04-12,4321.067743097695,4426.976266212834,4321.067743097695,4363.43115234375,111901500
2023-04-13,4384.612921589177,4405.79462652439,4342.24951171875,4342.24951171875,67928500
2023-04-14,4363.43144437799,4448.15826854067,4363.43144437799,4426.9765625,142479800
2023-04-17,4426.976331459603,4448.158036394817,4342.24951171875,4342.24951171875,95789900
2023-04-18,4363.431088654891,4448.157905910326,4342.249384341033,4384.61279296875,106962300
2023-04-26,4575.248572716347,4596.430279071515,4384.613215519832,4405.794921875,207338000
2023-04-27,4384.613215519832,4426.976628230168,4384.613215519832,4405.794921875,51076300
2023-04-28,4426.976201596467,4426.976201596467,4363.431088654891,4384.61279296875,116957800
2023-05-02,4448.158203125,4448.158203125,4384.6130859375,4448.158203125,98024100
2023-05-03,4448.15826854067,4448.15826854067,4363.43144437799,4426.9765625,110683000
2023-05-04,4384.61279296875,4426.976201596467,4342.249384341033,4384.61279296875,100945900
2023-05-05,4384.61279296875,4405.794497282609,4342.249384341033,4384.61279296875,64499500
2023-05-08,4384.612921589177,4405.79462652439,4342.24951171875,4342.24951171875,64678000
2023-05-09,4321.067508508663,4342.249211981745,4278.7041015625,4278.7041015625,93531000
2023-05-10,4278.704524899938,4342.249641606373,4278.704524899938,4299.88623046875,58148200
2023-05-11,4299.885679955576,4321.0673828125,4257.522274241728,4321.0673828125,63262300
2023-05-12,4299.885932617188,4299.885932617188,4236.3408203125,4236.3408203125,105407300
2023-05-15,4278.7041015625,4278.7041015625,4236.340694616337,4278.7041015625,76451700
2023-05-16,4299.885958440318,4299.885958440318,4219.395482370992,4227.8681640625,42752200
2023-05-17,4227.868138671875,4299.885932617188,4219.39545703125,4236.3408203125,63396700
2023-05-19,4299.88623046875,4321.067936037562,4257.522819331127,4299.88623046875,78499800
2023-05-22,4321.068032296651,4448.15826854067,4299.886326255981,4426.9765625,120027200
2023-05-23,4405.79462652439,4448.158036394817,4321.067806783536,4342.24951171875,165534100
2023-05-24,4342.249641606373,4363.431347175185,4278.704524899938,4299.88623046875,125575300
2023-05-25,4278.704271399457,4384.61279296875,4278.704271399457,4384.61279296875,76424100
2023-05-26,4384.612921589177,4405.79462652439,4321.067806783536,4342.24951171875,42313700
2023-05-29,4384.612856966778,4384.612856966778,4321.067743097695,4363.43115234375,60646900
2023-05-30,4321.067743097695,4405.794561589806,4321.067743097695,4363.43115234375,49086100
2023-05-31,4384.612618927908,4405.7943224009905,4278.7041015625,4278.7041015625,393735900
2023-06-05,4321.067936037562,4363.431347175185,4299.88623046875,4299.88623046875,149191300
2023-06-06,4278.7041015625,4321.067508508663,4193.977287670174,4278.7041015625,244590500
2023-06-07,4236.340757151742,4299.885868509017,4236.340757151742,4257.5224609375,130408700
2023-06-08,4236.340757151742,4299.885868509017,4236.340757151742,4257.5224609375,173484200
2023-06-09,4257.522691977896,4342.24951171875,4236.340987042683,4342.24951171875,150849200
2023-06-12,4321.0673828125,4342.249085669424,4278.703977098652,4321.0673828125,91080300
2023-06-13,4321.0673828125,4384.612491383272,4278.703977098652,4321.0673828125,143804700
2023-06-14,4342.249211981745,4363.430915454827,4278.7041015625,4278.7041015625,96670300
2023-06-15,4278.704396913109,4363.431216653963,4278.704396913109,4342.24951171875,94097900
2023-06-16,4342.249447720722,4363.43115234375,4299.886038474667,4363.43115234375,103942500
2023-06-19,4321.067806783536,4363.431216653963,4321.067806783536,4342.24951171875,36211300
2023-06-20,4321.0673828125,4342.249085669424,4278.703977098652,4321.0673828125,44316800
2023-06-21,4278.703977098652,4321.0673828125,4278.703977098652,4321.0673828125,58061600
2023-06-22,4321.067936037562,4363.431347175185,4299.88623046875,4299.88623046875,60457300
2023-06-23,4299.88623046875,4342.249641606373,4278.704524899938,4299.88623046875,47276900
2023-06-26,4321.067806783536,4384.612921589177,4299.886101848323,4342.24951171875,74263700
2023-06-27,4384.613215519832,4448.158334585337,4363.431509164664,4405.794921875,101592900
2023-07-03,4342.249425014603,4532.884765625,4342.249425014603,4532.884765625,227354700
2023-07-04,4575.2484375,4575.2484375,4426.976497395834,4448.158203125,119841200
2023-07-05,4490.521549170617,4511.7032545912325,4448.158138329384,4469.33984375,78430000
2023-07-06,4490.52099609375,4532.884401717276,4448.157590470224,4490.52099609375,90981000
2023-07-07,4469.339675458889,4490.521380081917,4363.43115234375,4363.43115234375,128515100
2023-07-10,4384.61279296875,4426.976201596467,4363.431088654891,4384.61279296875,82685700
2023-07-11,4405.794727488152,4490.521549170617,4384.613022067536,4469.33984375,100578900
2023-07-12,4490.52099609375,4554.066104529039,4448.157590470224,4490.52099609375,123947700
2023-07-13,4554.066470137266,4554.066470137266,4469.339652088201,4532.884765625,101281200
2023-07-14,4575.248046875,4596.429750795718,4532.884639033565,4575.248046875,122343600
2023-07-17,4596.429814680232,4638.793223110465,4554.06640625,4554.06640625,99897600
2023-07-18,4554.066470137266,4596.429879161799,4490.521356600468,4532.884765625,65073800
2023-07-20,4575.248214790724,4702.338442979355,4575.248214790724,4681.15673828125,132054000
2023-07-21,4702.3388671875,4723.5205737964525,4617.612040751689,4702.3388671875,111275700
2023-07-24,4702.338507634943,4765.883622602983,4659.97509765625,4659.97509765625,54865000
2023-07-25,4702.3388671875,4723.5205737964525,4659.975453969594,4702.3388671875,65237300
2023-07-26,4702.338315407791,4744.701723654708,4681.156611284333,4723.52001953125,88526700
2023-07-27,4723.519893663195,4829.428411458333,4723.519893663195,4765.88330078125,86556200
2023-07-28,4765.883596319901,4850.6104158100325,4765.883596319901,4829.4287109375,121968500
2023-07-31,4914.155465338428,4914.155465338428,4765.883533194597,4850.6103515625,189375700
2023-08-01,4787.06494140625,4850.610051247926,4744.701534845132,4787.06494140625,114702500
2023-08-02,4765.883596319901,4871.792120682566,4744.701891447368,4829.4287109375,133546200
2023-08-03,4850.61016214305,4935.336977202317,4829.428458378233,4914.1552734375,68587500
2023-08-04,4914.155336850649,4935.337040888799,4871.791928774351,4892.9736328125,47144200
2023-08-07,4956.518978557181,5020.064093666888,4935.337273520611,4977.70068359375,104342100
2023-08-08,4998.88232421875,5041.245733746027,4977.700619455111,4998.88232421875,66473200
2023-08-09,4998.88232421875,5041.245733746027,4956.518914691472,4998.88232421875,64495400
2023-08-10,5020.064322371862,5083.609440376569,4998.882616370292,5062.427734375,78859600
2023-08-11,5062.426881428006,5104.7902862935125,4998.881774129746,5020.0634765625,46568600
2023-08-14,5020.0639012440915,5041.24560546875,4914.155380120798,5041.24560546875,86460500
2023-08-15,4998.882088496767,5020.063792261584,4914.1552734375,4914.1552734375,116815700
2023-08-16,4892.973569672684,4914.1552734375,4808.246754613417,4914.1552734375,163744100
2023-08-18,4850.610224736201,4935.337040888799,4850.610224736201,4892.9736328125,104894600
2023-08-21,4914.155696754292,4977.700813522666,4914.155696754292,4935.33740234375,61845800
2023-08-22,4914.155380120798,5041.24560546875,4914.155380120798,5041.24560546875,93617200
2023-08-23,5041.245864216079,5041.245864216079,4956.51904296875,4956.51904296875,40844700
2023-08-24,4998.882197019432,5041.24560546875,4977.700492794774,5041.24560546875,42648300
2023-08-25,4998.88232421875,5020.064028982389,4935.337209927833,4998.88232421875,65093100
2023-08-28,5041.245479329427,5104.790590413411,4998.882071940104,5083.60888671875,63980400
2023-08-29,5083.609013918067,5104.790718142725,5041.24560546875,5041.24560546875,50839300
2023-08-30,5020.064322371862,5168.336264382845,5020.064322371862,5062.427734375,65727400
2023-08-31,5083.609310165975,5147.15442654305,4998.882488329876,5104.791015625,159062900
2023-09-01,5147.154296875,5189.517706725824,5125.972591949589,5147.154296875,50796000
2023-09-04,5147.154232838115,5210.699346823771,5125.972528176229,5168.3359375,56317700
2023-09-05,5168.3359375,5210.699346823771,5147.154232838115,5168.3359375,24893100
2023-09-06,5125.97216796875,5189.517277489024,5125.97216796875,5125.97216796875,40547800
2023-09-07,5083.609208776596,5104.7909138131645,4935.337273520611,4977.70068359375,124351400
2023-09-08,4998.88232421875,5020.064028982389,4892.973800400556,4998.88232421875,81980400
2023-09-11,4998.881774129746,5020.0634765625,4935.3366668314875,5020.0634765625,74510600
2023-09-12,5041.245798703458,5041.245798703458,4956.518978557181,4977.70068359375,54076800
2023-09-13,4935.337337656918,4956.51904296875,4892.973927033254,4956.51904296875,69884000
2023-09-14,4935.33740234375,4977.700813522666,4892.973991164834,4935.33740234375,59132600
2023-09-15,4998.881774129746,5062.426881428006,4956.51836926424,5020.0634765625,165106200
2023-09-18,4998.88232421875,5041.245733746027,4977.700619455111,4998.88232421875,53450400
2023-09-19,4998.882071940104,5147.153997802734,4977.700368245442,5083.60888671875,84608400
2023-09-20,5168.336001800411,5189.517706725824,5125.972591949589,5147.154296875,64864900
2023-09-21,5125.972294108073,5147.153997802734,5062.427183024089,5083.60888671875,60535000
2023-09-22,5083.60888671875,5125.972294108073,5062.427183024089,5083.60888671875,51069900
2023-09-25,5083.60888671875,5125.972294108073,5062.427183024089,5083.60888671875,40650900
2023-09-26,5062.426881428006,5083.60858386076,4956.51836926424,5020.0634765625,109786400
2023-09-27,5020.063775634765,5125.972294108073,4998.882071940104,5083.60888671875,75050600
2023-09-29,5125.972721084025,5125.972721084025,5083.609310165975,5104.791015625,71554100
2023-10-02,5104.7904647953255,5168.335574315599,5104.7904647953255,5125.97216796875,33296500
2023-10-03,5083.609182098766,5147.154296875,5083.609182098766,5147.154296875,37093100
2023-10-04,5147.15416932398,5189.517578125,5062.427351721939,5189.517578125,69154000
2023-10-05,5210.69928252551,5253.0626913265305,5168.33587372449,5189.517578125,69566800
2023-10-06,5210.699542920124,5210.699542920124,5104.791015625,5104.791015625,25913600
2023-10-09,5104.790848036943,5125.972552800582,4998.88232421875,4998.88232421875,45321700
2023-10-10,4998.882071940104,5147.153997802734,4998.882071940104,5083.60888671875,42820800
2023-10-11,5041.245355275052,5231.880683835873,5041.245355275052,5125.97216796875,72955000
2023-10-12,5147.154296875,5231.8811165766465,5125.972591949589,5147.154296875,91341800
2023-10-13,5147.154296875,5210.699411651235,5104.790887024177,5147.154296875,39914700
2023-10-16,5104.791015625,5147.15442654305,5062.427604706951,5104.791015625,53416400
2023-10-17,5083.60888671875,5104.790590413411,5020.063775634765,5083.60888671875,74702300
2023-10-18,5020.064158904247,5041.245864216079,4935.337337656918,4956.51904296875,80637400
2023-10-19,4892.973760746452,4914.155465338428,4829.428646970524,4850.6103515625,160277800
2023-10-20,4808.246879245924,4914.155400815217,4787.065174932065,4871.7919921875,82132000
2023-10-23,4829.428775468062,4850.6104806236235,4765.883660001377,4808.2470703125,73897500
2023-10-24,4829.428583559783,4914.155400815217,4808.246879245924,4871.7919921875,72469200
2023-10-25,4935.337337656918,4998.882453592415,4892.973927033254,4956.51904296875,90426500
2023-10-26,4914.155530427632,4956.5189401726975,4829.4287109375,4829.4287109375,86348700
2023-10-27,4871.792120682566,4892.973825555098,4829.4287109375,4829.4287109375,90177000
2023-10-30,4829.428646970524,4850.6103515625,4765.883533194597,4850.6103515625,81547000
2023-10-31,4914.155596090309,4956.519006401432,4787.065365156938,4808.2470703125,99449400
2023-11-01,4829.428347967367,4829.428347967367,4765.883238125692,4787.06494140625,74281200
2023-11-02,4871.792095636917,5020.064028982389,4850.610390873278,4998.88232421875,115678200
2023-11-03,5020.064224701583,5062.427635880499,4935.33740234375,4935.33740234375,53379500
2023-11-06,4998.881774129746,5020.0634765625,4956.51836926424,5020.0634765625,58266100
2023-11-07,5041.245798703458,5062.427503740027,4914.155568484042,4977.70068359375,56161300
2023-11-08,4892.973927033254,4956.51904296875,4850.610516409589,4956.51904296875,63442400
2023-11-09,4935.337273520611,4998.882388630319,4914.155568484042,4977.70068359375,45026200
2023-11-10,4956.518744926948,4956.518744926948,4892.9736328125,4892.9736328125,59611500
2023-11-13,4956.519107933208,4956.519107933208,4914.155696754292,4935.33740234375,17444600
2023-11-14,4935.33740234375,4998.882519112125,4914.155696754292,4935.33740234375,50587800
2023-11-15,4998.881774129746,5062.426881428006,4977.700071696993,5020.0634765625,74255700
2023-11-16,4956.51836926424,5020.0634765625,4935.3366668314875,5020.0634765625,36004500
2023-11-17,4977.700619455111,5041.245733746027,4956.518914691472,4998.88232421875,33963900
2023-11-20,4935.337273520611,5020.064093666888,4935.337273520611,4977.70068359375,20014600
2023-11-21,4956.518978557181,5020.064093666888,4935.337273520611,4977.70068359375,55094300
2023-11-22,4935.337273520611,4998.882388630319,4935.337273520611,4977.70068359375,21111100
2023-11-23,5041.245733746027,5041.245733746027,4998.88232421875,4998.88232421875,36725600
2023-11-24,5020.064093666888,5020.064093666888,4956.518978557181,4977.70068359375,27087900
2023-11-27,4998.88232421875,5020.064028982389,4977.700619455111,4998.88232421875,39719300
2023-11-28,4998.88232421875,5020.064028982389,4977.700619455111,4998.88232421875,58255800
2023-11-29,4956.51904296875,5020.064158904247,4935.337337656918,4956.51904296875,36796600
2023-11-30,4956.51904296875,5020.064158904247,4935.337337656918,4956.51904296875,117365000
2023-12-01,4956.518914691472,4998.88232421875,4935.337209927833,4998.88232421875,31365100
2023-12-04,5020.063775634765,5104.790590413411,4998.882071940104,5083.60888671875,66145100
2023-12-05,5083.609440376569,5083.609440376569,4977.700910368723,5062.427734375,58668400
2023-12-06,5020.063792261584,5041.245496026401,4914.1552734375,4914.1552734375,88747200
2023-12-07,4914.155400815217,4935.337105129076,4850.610287873641,4871.7919921875,97966700
2023-12-08,4871.792120682566,4892.973825555098,4787.065301192434,4829.4287109375,98036700
2023-12-11,4787.0651126217535,4914.155336850649,4787.0651126217535,4892.9736328125,68655000
2023-12-12,4914.1552734375,4935.336977202317,4871.791865907867,4914.1552734375,55110500
2023-12-13,4871.792056154476,4892.973760746452,4829.428646970524,4850.6103515625,121450600
2023-12-14,4935.337084345457,5104.790718142725,4914.155380120798,5041.24560546875,171595800
2023-12-15,5041.245733746027,5083.609143273305,4998.88232421875,4998.88232421875,142382200
2023-12-18,4956.51836926424,5041.245178995253,4956.51836926424,5020.0634765625,101458600
2023-12-19,5041.246028373431,5062.427734375,5020.064322371862,5062.427734375,40763200
2023-12-20,4998.881774129746,5062.426881428006,4998.881774129746,5020.0634765625,65361000
2023-12-21,5041.246028373431,5062.427734375,5020.064322371862,5062.427734375,50363900
2023-12-22,5041.246028373431,5062.427734375,5020.064322371862,5062.427734375,29975600
2023-12-27,5083.60888671875,5104.790590413411,5020.063775634765,5083.60888671875,43114900
2023-12-28,5125.9724649234695,5210.69928252551,5083.609056122449,5189.517578125,75118700
2023-12-29,5189.517277489024,5189.517277489024,5083.608761621901,5125.97216796875,63097100
2024-01-02,5125.9724649234695,5189.517578125,5104.790760522959,5189.517578125,26235700
2024-01-03,5168.3359375,5210.699346823771,5125.972528176229,5168.3359375,30053900
2024-01-04,5189.517495463214,5422.516240157481,5168.335791400099,5380.15283203125,135344500
2024-01-05,5422.516536964981,5486.061652632539,5380.153126519942,5443.6982421875,114339400
2024-01-08,5507.2429275512695,5591.969741821289,5401.334409713745,5422.51611328125,151018300
2024-01-09,5443.698372395834,5464.880078125,5380.153255208334,5401.3349609375,77953400
2024-01-10,5401.334831742462,5464.87994741002,5358.971421297422,5443.6982421875,50019800
2024-01-11,5443.698664229046,5507.243784823159,5422.516957364342,5464.88037109375,32120200
2024-01-12,5570.7880859375,5655.514900932747,5528.4246784398765,5570.7880859375,114039700
2024-01-15,5570.788277493991,5613.151686448317,5486.061459585337,5507.2431640625,83066800
2024-01-16,5528.42431640625,5613.151125853089,5507.2426140445405,5528.42431640625,83516800
2024-01-17,5528.42431640625,5613.151125853089,5507.2426140445405,5528.42431640625,80929000
2024-01-18,5528.42431640625,5549.6060187679595,5486.06091168283,5528.42431640625,78209900
2024-01-19,5507.2426140445405,5528.42431640625,5443.697506959411,5528.42431640625,74814000
2024-01-22,5507.2431640625,5549.6065730168275,5464.879755108173,5507.2431640625,96993100
2024-01-23,5528.424868539664,5549.6065730168275,5464.879755108173,5507.2431640625,77037800
2024-01-24,5464.87952041626,5486.061223983765,5380.15270614624,5422.51611328125,97290600
2024-01-25,5358.9713197989295,5422.516434262949,5295.42620533491,5316.60791015625,99094100
2024-01-26,5295.426141648066,5358.971255347843,5274.244437081474,5337.78955078125,77236800
2024-01-29,5380.152999819015,5486.0615234375,5316.607885647925,5486.0615234375,124753000
2024-01-30,5486.06156198602,5676.696905838816,5464.879857113487,5634.33349609375,123330900
2024-01-31,5634.33349609375,5676.696905838816,5634.33349609375,5634.33349609375,128185000
2024-02-01,5570.788149302242,5613.151557281727,5507.243037333015,5549.6064453125,168145800
2024-02-02,5613.15172745494,5655.51513671875,5591.970022823034,5655.51513671875,120116200
2024-02-05,5676.696464342948,5888.513496594551,5655.514761117788,5782.60498046875,150535100
2024-02-06,5782.605404596259,5867.3322237112225,5740.2419950387775,5803.787109375,90146000
2024-02-07,5824.968560308003,5888.513671875,5803.786856452338,5888.513671875,88745500
2024-02-12,6057.9674123844625,6100.330820862676,5973.240595428037,6015.60400390625,162771300
2024-02-13,6015.604196786032,6036.785901704293,5952.05908203125,5952.05908203125,102668900
2024-02-15,6185.057874891493,6248.602990044488,6057.967644585504,6100.3310546875,220530000
2024-02-16,6248.602990044488,6269.784695095486,6100.3310546875,6100.3310546875,142022100
2024-02-19,6057.96728515625,6206.239211716019,6036.785581361998,6057.96728515625,83753500
2024-02-20,6142.694100333261,6142.694100333261,6057.96728515625,6057.96728515625,87312000
2024-02-21,6036.785812904095,6142.6943359375,5994.422403690733,6142.6943359375,128063900
2024-02-22,6079.149116623569,6100.330820862676,6015.60400390625,6015.60400390625,85735800
2024-02-23,5973.24072265625,6015.60413203679,5930.877313275709,5973.24072265625,109404700
2024-02-26,5888.513903895168,5994.42242734652,5888.513903895168,5973.24072265625,65407700
2024-02-27,5909.695545425685,6015.604067745141,5909.695545425685,5994.42236328125,58066100
2024-02-28,5952.058828467653,6036.78564453125,5952.058828467653,6036.78564453125,49888400
2024-02-29,6036.785967145647,6057.967672293527,5930.87744140625,5930.87744140625,150713600
2024-03-01,5973.240786949511,5994.422491867772,5909.695672194729,5952.05908203125,90739400
2024-03-04,5930.87737711299,5973.240786949511,5909.695672194729,5952.05908203125,44707200
2024-03-05,5994.422491867772,6015.604196786032,5930.87737711299,5952.05908203125,92557200
2024-03-06,5930.877249889576,6015.604067745141,5930.877249889576,5994.42236328125,74178100
2024-03-07,5994.422299667143,6036.785708145357,5952.05889118893,6015.60400390625,94950400
2024-03-08,6057.9673485471485,6079.149052563048,6015.603940515351,6036.78564453125,109032400
2024-03-13,6142.694272175687,6163.8759765625,6057.967454628436,6163.8759765625,126022700
2024-03-14,6142.694916596283,6269.78515625,6121.513209987331,6269.78515625,161193000
2024-03-15,6312.148569467905,6354.511982685811,6163.876623205237,6269.78515625,250581100
2024-03-18,6290.965961522757,6290.965961522757,6079.14892578125,6079.14892578125,105778200
2024-03-19,6142.694272175687,6227.421089722938,6121.512567788875,6163.8759765625,100836600
2024-03-20,6278.7255859375,6278.7255859375,6234.195617242908,6278.7255859375,83416700
2024-03-21,6323.255554632092,6412.315492021276,6278.7255859375,6278.7255859375,81774800
2024-03-22,6234.195617242908,6300.990570284796,6189.665648548315,6278.7255859375,65219900
2024-03-25,6456.84521484375,6456.84521484375,6234.195379849139,6456.84521484375,78212700
2024-03-26,6434.5807518510455,6434.5807518510455,6345.520810648955,6390.05078125,74274300
2024-03-27,6412.315766550523,6456.845737151569,6390.05078125,6390.05078125,46295700
2024-03-28,6367.785280845906,6456.84521484375,6345.520297346444,6456.84521484375,90900900
2024-04-01,6456.845526211503,6456.845526211503,6011.545834748641,6145.1357421875,158358600
2024-04-02,6145.1357421875,6145.1357421875,5967.015865602355,6145.1357421875,135764900
2024-04-03,6189.665932743312,6189.665932743312,5944.751093677929,6033.81103515625,115372600
2024-04-04,6011.545685369319,6167.400573508523,6011.545685369319,6122.87060546875,63174900
2024-04-05,6078.34033203125,6145.13528073489,6078.34033203125,6078.34033203125,46111500
2024-04-16,5655.30588148585,5989.280638266509,5610.775913915095,5900.220703125,180012400
2024-04-17,5967.0156544811325,6033.810605837264,5900.220703125,5900.220703125,83840200
2024-04-18,6056.07568359375,6145.1356201171875,5989.280731201172,6056.07568359375,106893900
2024-04-19,5989.28076171875,6056.075714451673,5922.485808985827,5989.28076171875,47943300
2024-04-22,6122.870667184596,6122.870667184596,5855.690856252904,5989.28076171875,121727900
2024-04-23,6100.605314932463,6167.400263636104,5989.280400426396,6078.34033203125,106699200
2024-04-24,6167.400664201019,6278.7255859375,6145.135679853724,6278.7255859375,117586500
2024-04-25,6278.725462988984,6300.990446900292,6167.400543432442,6189.66552734375,111803500
2024-04-26,6234.195746527777,6256.460731336805,6011.5458984375,6011.5458984375,125875000
2024-04-29,5922.486042559793,6189.665864028655,5922.486042559793,6167.40087890625,77938400
2024-04-30,6056.075803894927,6278.725649626358,6033.810819321784,6145.1357421875,189991300
2024-05-02,6056.075716403162,6056.075716403162,5388.126188858696,5633.041015625,501849300
2024-05-03,5610.775938452744,5722.100857866489,5388.126099625254,5477.18603515625,269305400
2024-05-06,5566.245759150896,5699.835657370518,5477.185827004482,5588.5107421875,184234200
2024-05-07,5633.040708260707,5699.835657370518,5566.245759150896,5588.5107421875,130410300
2024-05-08,5633.040708260707,5744.365623443725,5566.245759150896,5588.5107421875,117065300
2024-05-13,5521.71630859375,5588.511263939642,5454.921353247858,5521.71630859375,128638300
2024-05-14,5499.451323478453,5610.776249054939,5499.451323478453,5521.71630859375,94048400
2024-05-15,5521.716390931373,5699.836274509804,5521.716390931373,5677.5712890625,80923000
2024-05-16,5744.366091750738,5788.896061454232,5633.041167492002,5655.30615234375,114806300
2024-05-17,5655.306057658032,5922.485871405655,5655.306057658032,5855.69091796875,133153900
2024-05-20,5833.42587388834,5900.220826642787,5521.716094367589,5633.041015625,168796000
2024-05-21,5543.980701747277,5588.510667223159,5321.330874367868,5365.86083984375,307362900
2024-05-22,5343.5960098140495,5477.1859100594,5299.066043065599,5388.1259765625,171675900
2024-05-27,5365.861080840933,5388.1260645788625,5187.7412109375,5187.7412109375,258450900
2024-05-28,5210.00646664916,5365.86136095063,5187.741481748949,5299.06640625,93701700
2024-05-29,5187.74154768319,5232.271518049569,5076.416621767242,5165.4765625,169386300
2024-05-30,5143.211064245345,5343.595910904255,4920.561234624335,5232.27099609375,236632600
2024-05-31,5343.596067266949,5365.861050880561,5254.5361328125,5254.5361328125,169567000
2024-06-03,5410.391265368852,5477.186219262295,5365.861296106557,5432.65625,92525600
2024-06-04,5477.18603515625,5588.510954569995,5454.921051273501,5477.18603515625,137800600
2024-06-05,5454.921610514323,5477.186596679688,5321.3316935221355,5343.5966796875,102327300
2024-06-06,5454.921202871963,5521.716156376518,5410.391233868927,5499.451171875,85735200
2024-06-07,5566.245759150896,5588.5107421875,5477.185827004482,5588.5107421875,99092800
2024-06-10,5588.5107421875,5655.305691297311,5521.715793077689,5588.5107421875,80154400
2024-06-11,5521.71634247449,5566.246312978316,5454.92138671875,5454.92138671875,56254400
2024-06-12,5388.126190829378,5410.391175089003,5254.536285271624,5276.80126953125,120857200
2024-06-13,5321.330927942154,5343.595910904255,5210.006013131649,5232.27099609375,162616700
2024-06-14,5210.006224524456,5232.271208389945,5031.886353600543,5120.9462890625,203241500
2024-06-19,5143.211272927989,5210.006224524456,5054.151337466033,5120.9462890625,116004200
2024-06-20,5187.741481748949,5299.06640625,5120.946527048319,5299.06640625,82660000
2024-06-21,5388.1264309630105,5521.71634247449,5365.861445711097,5454.92138671875,184240600
2024-06-24,5410.391638183593,5454.921610514323,5343.5966796875,5343.5966796875,58831900
2024-06-25,5276.80126953125,5321.331238050501,5187.741332492748,5276.80126953125,159983800
2024-06-26,5299.066285223023,5365.8612383981035,5210.00634765625,5210.00634765625,92895700
2024-06-27,5254.536735026042,5410.391638183593,5232.271748860677,5343.5966796875,117602400
2024-06-28,5343.5961318597565,5566.245970687246,5343.5961318597565,5477.18603515625,191371600
2024-07-01,5499.451140624999,5566.24609375,5432.6561875,5566.24609375,100408200
2024-07-02,5588.511263939642,5655.306219285534,5477.186338363155,5521.71630859375,159356600
2024-07-03,5588.510924557606,5610.775908320784,5432.656038215362,5543.98095703125,70017100
2024-07-04,5566.24609375,5699.836,5543.9811093749995,5566.24609375,90147800
2024-07-05,5633.040654638861,5788.895534411478,5610.775671814202,5722.1005859375,111646800
2024-07-08,5699.835843373494,5722.100827136672,5521.715973268073,5543.98095703125,138144000
2024-07-09,5543.981376378677,5699.836274509804,5521.716390931373,5677.5712890625,84177600
2024-07-10,5677.5712890625,5744.366245404412,5610.7763327205885,5677.5712890625,59685300
2024-07-11,5699.83642578125,5722.101411819458,5655.306453704834,5699.83642578125,66789800
2024-07-12,5744.3655687621595,5833.425500060797,5699.8356031128405,5722.1005859375,136132200
2024-07-15,5744.366091750738,5744.366091750738,5610.776182640256,5655.30615234375,66071800
2024-07-16,5699.836122047244,5699.836122047244,5610.776182640256,5655.30615234375,64687900
2024-07-17,5744.36572265625,5811.160672919695,5677.570772392805,5744.36572265625,109729800
2024-07-18,5833.42578125,5877.955749045802,5788.895813454199,5833.42578125,132532000
2024-07-19,5788.896147629311,5811.1611328125,5744.366177262931,5811.1611328125,63165500
2024-07-22,5855.690706623134,5967.015625,5811.160739272388,5967.015625,110467000
2024-07-23,6011.545622051887,6011.545622051887,5833.425751768868,5900.220703125,77861700
2024-07-24,5788.895843388031,5855.690795427124,5766.630859375,5766.630859375,63940900
2024-07-25,5744.365995573907,5855.69091796875,5699.836026615969,5855.69091796875,66655400
2024-07-26,5855.690765147901,5900.220732943702,5788.895813454199,5833.42578125,76519500
2024-07-29,5833.425811414093,5833.425811414093,5744.365875361969,5766.630859375,54435300
2024-07-30,5766.630859375,5833.425811414093,5677.570923322876,5766.630859375,86701400
2024-07-31,5699.83642578125,5766.631383895874,5677.571439743042,5699.83642578125,99004100
2024-08-01,5833.426019965277,6011.5458984375,5788.896050347222,6011.5458984375,163086200
2024-08-02,5967.0157470703125,6122.870635986328,5944.750762939453,6056.07568359375,167892400
2024-08-05,5967.015840363593,5989.280824842562,5788.895964531844,5855.69091796875,184384000
2024-08-06,5922.485686910378,5967.0156544811325,5811.160767983491,5900.220703125,95785000
2024-08-07,5989.2810644170895,6033.81103515625,5922.486108308349,6033.81103515625,84582200
2024-08-08,6056.07568359375,6100.605651855469,5989.280731201172,6056.07568359375,81408500
2024-08-09,6078.340485287408,6145.135435675182,6056.075501824817,6100.60546875,79710700
2024-08-12,6122.870757614357,6145.1357421875,6033.810819321784,6145.1357421875,50756000
2024-08-13,6100.605412946429,6234.1953125,6100.605412946429,6234.1953125,68666000
2024-08-14,6300.99072265625,6323.255707541961,6256.460752884828,6300.99072265625,97695100
2024-08-15,6300.990416828848,6300.990416828848,6167.400513998554,6256.46044921875,75955500
2024-08-16,6300.99072265625,6345.520692427673,6256.460752884828,6300.99072265625,64266400
2024-08-19,6300.9906902179855,6367.78564453125,6256.460720675808,6367.78564453125,50246100
2024-08-20,6412.3154296875,6545.905334472656,6367.785461425781,6412.3154296875,102615900
2024-08-21,6501.375181842673,6501.375181842673,6434.580231344289,6456.84521484375,88487800
2024-08-22,6367.785523326685,6390.05050767398,6167.400664201019,6278.7255859375,157323000
2024-08-23,6234.195617242908,6300.990570284796,6211.930632895612,6278.7255859375,111752100
2024-08-26,6278.7255859375,6323.255554632092,6234.195617242908,6278.7255859375,78515400
2024-08-27,6256.46044921875,6278.725433023799,6167.400513998554,6256.46044921875,91686700
2024-08-28,6256.460214370675,6434.580078125,6234.195231401384,6434.580078125,114606200
2024-08-29,6501.375240702025,6501.375240702025,6323.25537109375,6323.25537109375,94475900
2024-08-30,6323.255523574561,6390.050476288377,6300.9905393366225,6345.5205078125,153760500
2024-09-02,6412.3154296875,6479.110382080078,6345.520477294922,6412.3154296875,82176000
2024-09-03,6412.315647084805,6456.845616856228,6278.725737770539,6300.99072265625,75100800
2024-09-04,6234.195884146342,6390.05078125,6234.195884146342,6390.05078125,78789800
2024-09-05,6345.520810648955,6434.5807518510455,6345.520810648955,6390.05078125,59432000
2024-09-06,6390.0502643453665,6479.110198343212,6367.785280845906,6456.84521484375,63619300
2024-09-09,6456.84521484375,6456.84521484375,6412.315247844828,6456.84521484375,71430300
2024-09-10,6456.84521484375,6479.110198343212,6434.580231344289,6456.84521484375,73515700
2024-09-11,6501.375456832628,6590.435394597458,6479.1104723914195,6568.17041015625,91822300
2024-09-12,6568.170441927975,6612.700411025792,6501.37548828125,6501.37548828125,68254300
2024-09-13,6501.375335588487,6501.375335588487,6434.5803835105235,6479.1103515625,45854000
2024-09-17,6523.640260022095,6634.965179135101,6501.375276199495,6612.7001953125,96428000
2024-09-18,6568.1700752876895,6634.96502520587,6545.90509198163,6590.43505859375,47279200
2024-09-19,6634.96502520587,6724.02495843011,6590.43505859375,6590.43505859375,124377800
2024-09-20,6590.435426476884,6612.700411025792,6501.37548828125,6501.37548828125,97901700
2024-09-23,6523.640410352874,6634.96533203125,6501.375426017198,6634.96533203125,79675600
2024-09-24,6590.435211489898,6657.230162957701,6568.170227667298,6612.7001953125,81817100
2024-09-25,6545.905334472656,6545.905334472656,6278.725524902344,6412.3154296875,192197100
2024-09-26,6390.05078125,6412.315766550523,6323.255825348432,6390.05078125,173044000
2024-09-27,6256.460601590204,6345.520538979388,6234.195617242908,6278.7255859375,161405200
2024-09-30,6234.195834273465,6256.460819395871,6122.870908661439,6167.40087890625,166203500
2024-10-01,6234.195617242908,6300.990570284796,6189.665648548315,6278.7255859375,82690100
2024-10-02,6256.460632980511,6323.255586357527,6167.400695144489,6211.9306640625,91076400
2024-10-03,6234.195617242908,6300.990570284796,6145.135679853724,6278.7255859375,86264900
2024-10-04,6256.460479077676,6278.725462988984,6145.1355595211335,6189.66552734375,79485300
2024-10-07,6167.400573508523,6167.400573508523,6056.075653409091,6122.87060546875,103943100
2024-10-08,6078.3408737991385,6390.050662199094,6033.810904027717,6300.99072265625,132141500
2024-10-09,6300.990446900292,6390.050382545526,6189.66552734375,6189.66552734375,76515700
2024-10-10,6167.400543432442,6278.725462988984,6145.1355595211335,6189.66552734375,44291900
2024-10-11,6256.460479077676,6256.460479077676,6167.400543432442,6189.66552734375,45331500
2024-10-14,6167.40087890625,6211.93084915106,6145.135893783845,6167.40087890625,55885300
2024-10-15,6234.195617242908,6323.255554632092,6167.400664201019,6278.7255859375,90358600
2024-10-16,6278.725279017857,6300.990262276786,6167.400362723214,6234.1953125,133022500
2024-10-17,6278.725197339966,6456.845061094291,6234.195231401384,6434.580078125,90219900
2024-10-18,6479.110722452091,6501.375707752613,6390.05078125,6390.05078125,57379200
2024-10-21,6456.845397949219,6456.845397949219,6345.520477294922,6412.3154296875,43056000
2024-10-22,6367.7856773133835,6390.050662199094,6300.99072265625,6300.99072265625,43582700
2024-10-23,6300.99072265625,6345.520692427673,6256.460752884828,6300.99072265625,38222900
2024-10-24,6234.195648521506,6367.785555275538,6211.9306640625,6211.9306640625,65877100
2024-10-25,6211.930632895612,6278.7255859375,6211.930632895612,6278.7255859375,34637500
2024-10-28,6300.9901610433835,6300.9901610433835,6056.075349130037,6078.34033203125,114500800
2024-10-29,6056.075349130037,6100.605314932463,5989.280400426396,6078.34033203125,91268300
2024-10-30,5855.691004774305,6033.810883246528,5855.691004774305,6011.5458984375,122132700
2024-10-31,6011.545592350746,6078.340543376866,5967.015625,5967.015625,126730700
2024-11-01,5989.280792924695,5989.280792924695,5833.4259024024905,5922.48583984375,101423100
2024-11-04,5877.955989583333,6056.0758680555555,5811.161035156249,6011.5458984375,80208800
2024-11-05,5989.280997927008,6189.665864028655,5944.751027682198,6167.40087890625,88661200
2024-11-06,6167.400539718512,6167.400539718512,5833.42578125,5833.42578125,147272800
2024-11-07,5788.895534411478,5833.425500060797,5722.1005859375,5722.1005859375,154758500
2024-11-08,5722.100952630929,5811.160889636858,5588.511047122036,5633.041015625,192423000
2024-11-11,5610.776182640256,5744.366091750738,5477.186273529774,5655.30615234375,125606000
2024-11-12,5677.5712890625,5744.366245404412,5633.041318167892,5677.5712890625,117281700
2024-11-13,5788.895534411478,5833.425500060797,5699.8356031128405,5722.1005859375,102748300
2024-11-14,5677.5712890625,5766.631230851716,5655.306303615196,5677.5712890625,69750600
2024-11-15,5610.776182640256,5699.836122047244,5610.776182640256,5655.30615234375,41079700
2024-11-18,5655.305999876482,5722.100952630929,5543.981078619071,5633.041015625,77471700
2024-11-19,5677.571015625,5677.571015625,5543.9811093749995,5566.24609375,95495700
2024-11-20,5633.040892083961,5655.305875847139,5521.715973268073,5543.98095703125,68707200
2024-11-21,5543.980986804497,5543.980986804497,5454.921051273501,5477.18603515625,76579300
2024-11-22,5454.921171875,5610.7760625,5432.6561875,5566.24609375,80236400
2024-11-25,5633.0410731790635,5877.9559024477185,5633.0410731790635,5855.69091796875,183449100
2024-11-26,5877.956314086914,5877.956314086914,5633.041467666626,5699.83642578125,107194300
2024-11-28,5655.3057889716565,5811.160672919695,5655.3057889716565,5744.36572265625,81883200
2024-11-29,5633.040922335493,5677.570890100991,5454.921051273501,5477.18603515625,157628700
2024-12-02,5499.451582845052,5566.2465413411455,5321.3316935221355,5343.5966796875,114555300
2024-12-03,5432.655860931275,5588.5107421875,5432.655860931275,5588.5107421875,99509800
2024-12-04,5588.511347273285,5744.366245404412,5543.981376378677,5677.5712890625,75260000
2024-12-05,5655.305906218242,5677.570890100991,5477.18603515625,5477.18603515625,69528700
2024-12-06,5521.715973268073,5588.510924557606,5454.921021978539,5543.98095703125,75989700
2024-12-09,5499.451405484069,5677.5712890625,5499.451405484069,5677.5712890625,74220300
2024-12-10,5588.510895259797,5633.040862552703,5543.98092796689,5610.77587890625,92245000
2024-12-11,5610.77587890625,5699.835813492064,5610.77587890625,5610.77587890625,62509600
2024-12-12,5521.71634247449,5543.981327726403,5432.6564014668365,5454.92138671875,96707500
2024-12-13,5365.86083984375,5432.655788057573,5321.330874367868,5365.86083984375,135581400
2024-12-16,5254.536225244342,5432.656097286523,5254.536225244342,5410.39111328125,105375900
2024-12-17,5388.12634585084,5410.39133075105,5276.80142134979,5299.06640625,72109300
2024-12-18,5276.801145889217,5343.5960971030045,5143.211243461641,5187.7412109375,153164600
2024-12-19,5009.621399194658,5098.681335180341,4987.356415198237,5054.1513671875,277793000
2024-12-20,5054.1513671875,5120.946319176762,5009.621399194658,5054.1513671875,148568600
2024-12-23,5165.4762271995705,5232.271178413358,5098.681275985783,5187.7412109375,82910100
2024-12-24,5187.741240658967,5232.271208389945,5120.9462890625,5120.9462890625,41240900
2024-12-27,5120.9465921336205,5210.0065328663795,5120.9465921336205,5165.4765625,46126800
2024-12-30,5054.151519239995,5120.946473238761,5031.8865345737395,5076.41650390625,96782100
2025-01-02,5076.41644130609,5210.00634765625,5076.41644130609,5210.00634765625,82914600
2025-01-03,5210.0065328663795,5232.271518049569,5143.211577316811,5165.4765625,58067100
2025-01-06,5187.741271166024,5187.741271166024,5031.886383191079,5054.1513671875,68443700
2025-01-07,4987.3564453125,5031.886413574219,4942.826477050781,4987.3564453125,96982300
2025-01-08,4987.356385869565,5120.9462890625,4987.356385869565,5120.9462890625,118246100
2025-01-09,5098.68130519701,5143.211272927989,5076.416321331521,5120.9462890625,56491700
2025-01-10,5120.946350097656,5143.211334228516,4987.3564453125,4987.3564453125,77751500
2025-01-13,4898.296539168552,4942.826507706448,4876.031554899604,4920.5615234375,99953900
2025-01-14,4831.50180166739,4965.09171323423,4809.23681640625,4809.23681640625,97351900
2025-01-15,4876.031466542119,5187.741240658967,4853.76648267663,5120.9462890625,194025700
2025-01-16,5410.390859790558,5521.7157746010635,5210.006013131649,5232.27099609375,204359900
2025-01-17,5165.476047207447,5388.125876828457,5120.946081283244,5232.27099609375,114054600
2025-01-20,5343.5966796875,5388.126652018229,5276.801721191407,5343.5966796875,84338400
2025-01-21,5432.6559433109505,5499.450893433625,5365.860993188275,5388.1259765625,115355900
2025-01-22,5477.18603515625,5521.716002921748,5432.6560673907525,5477.18603515625,117929800
2025-01-23,5521.716156376518,5610.776094382591,5499.451171875,5499.451171875,120893700
2025-01-24,5566.246312978316,5566.246312978316,5454.92138671875,5454.92138671875,96161800
2025-01-30,5432.65625,5543.981173155737,5410.391265368852,5432.65625,101400400
2025-01-31,5499.450736271396,5543.980701747277,5365.86083984375,5365.86083984375,107861000
2025-02-03,5321.331458782328,5343.596443965517,5076.416621767242,5165.4765625,182181700
2025-02-04,5187.741271166024,5210.006255162445,5009.621399194658,5054.1513671875,121871500
2025-02-05,4987.356476244344,4987.356476244344,4876.031554899604,4920.5615234375,185656000
2025-02-06,4831.501426547182,4831.501426547182,4452.996706495098,4542.056640625,642118700
2025-02-07,4452.997003944175,4586.5869140625,4408.4670339047325,4586.5869140625,407896100
2025-02-10,4586.586982421875,4586.586982421875,4444.091076171875,4452.9970703125,169384300
2025-02-11,4230.347079918033,4408.466956967213,4230.347079918033,4346.125,316743200
2025-02-12,4381.749047159667,4408.467029154543,4301.5951011750385,4399.56103515625,225073300
2025-02-13,4399.560774253731,4519.791686100746,4363.936800373134,4475.26171875,215271400
2025-02-14,4542.0567930640245,4631.116730182927,4426.278874809452,4564.32177734375,239709300
2025-02-17,4631.116611463133,4876.031432261665,4608.851627754176,4831.50146484375,223837300
2025-02-18,4853.7666015625,4942.826539205848,4786.971648329988,4853.7666015625,157430200
2025-02-19,4786.971936801781,4809.236922554348,4564.322079276117,4608.85205078125,204335500
2025-02-20,4564.321929042779,4653.381869121663,4542.056944023058,4586.5869140625,98363500
2025-02-21,4452.99655557266,4542.056486684113,4452.99655557266,4519.79150390625,152528600
2025-02-24,4497.5267024253735,4519.791686100746,4435.184748134328,4475.26171875,127578500
2025-02-25,4452.996663244353,4475.261646560574,4328.312756673511,4337.21875,224607800
2025-02-26,4328.313059737043,4435.184987137957,4319.407065786967,4381.7490234375,161836900
2025-02-27,4390.65468980519,4408.466676376408,4150.19287109375,4150.19287109375,334919800
2025-02-28,4114.569312584918,4176.911271866508,4052.227353303329,4096.75732421875,464696700
2025-03-03,4230.347103196747,4435.184962930484,4185.817133689413,4363.93701171875,257118300
2025-03-04,4363.93693908187,4381.748926588327,4230.347032783446,4310.5009765625,144346500
2025-03-05,4328.31298828125,4497.526870539159,4328.31298828125,4328.31298828125,252222800
2025-03-06,4372.842723305955,4435.184676591375,4337.21875,4337.21875,194909200
2025-03-07,4337.218957822185,4337.218957822185,4283.782995302815,4310.5009765625,117916600
2025-03-10,4212.535132406118,4239.253114218418,4150.193174844082,4194.72314453125,231152200
2025-03-11,4141.286976488331,4257.064891960047,4132.380982990507,4221.44091796875,150738100
2025-03-12,4230.347079918033,4346.125,4230.347079918033,4346.125,129973900
2025-03-13,4399.5607879252375,4399.5607879252375,4194.722937475277,4221.44091796875,176286000
2025-03-14,4132.380982990507,4274.876878955696,4132.380982990507,4221.44091796875,154331400
2025-03-17,4221.440842848558,4248.158822866587,4150.192896133814,4168.0048828125,135692800
2025-03-18,4168.004941018212,4176.910934481926,3829.577189397075,4034.4150390625,387565100
2025-03-19,4034.414982722356,4185.8168694911865,3954.2610426682695,4168.0048828125,273084900
2025-03-20,4239.253255208334,4248.159249441965,4105.663341703869,4114.5693359375,138209700
2025-03-21,4096.757092811083,4105.663086491107,3900.8252318505524,3927.543212890625,374396400
2025-03-24,3874.1073102052974,4034.4151989034476,3785.0473720396585,3972.0732421875,319017400
2025-03-25,4007.6970740209654,4283.78287245352,4007.6970740209654,4221.44091796875,313034100
2025-03-26,4435.185015928398,4608.85189908222,4390.655045888956,4586.5869140625,582172700
2025-03-27,4586.586730957031,4675.646667480469,4497.526794433594,4631.11669921875,301025300
2025-04-08,4007.6972258933347,4301.595022458846,4007.6972258933347,4159.09912109375,738455000
2025-04-09,4123.475193031781,4265.971096030719,4123.475193031781,4194.72314453125,316821100
2025-04-10,4631.116604477612,4653.381588152985,4426.278754664179,4475.26171875,559966600
2025-04-11,4452.996706495098,4608.851591222427,4408.466739430147,4542.056640625,384917500
2025-04-14,4557.9206311677635,4655.9404296875,4557.9206311677635,4655.9404296875,423716000
2025-04-15,4704.950736464968,4724.554697866905,4616.73291015625,4616.73291015625,230981700
2025-04-16,4646.138678202618,4655.9406585363795,4499.1089731962065,4538.31689453125,201660000
2025-04-17,4538.317074983016,4567.723017153533,4479.505190641984,4508.9111328125,165381400
2025-04-21,4508.910910385032,4548.118831344902,4469.702989425163,4518.712890625,83034600
2025-04-22,4518.712885452529,4626.53466796875,4499.108924995035,4626.53466796875,126426200
2025-04-23,4685.346454480229,4802.97021484375,4646.1385343590555,4802.97021484375,273395600
2025-04-24,4851.980339939609,4925.495193575058,4763.76251557707,4793.16845703125,282970000
2025-04-25,4861.78209502551,4861.78209502551,4802.97021484375,4802.97021484375,134208400
2025-04-28,4851.980159108231,4881.386099466464,4793.168278391769,4822.57421875,90697900
2025-04-29,4832.376242448444,4851.980202864056,4783.3663414094135,4842.17822265625,108857600
2025-04-30,4802.970437515976,4822.574398485429,4714.752613153438,4793.16845703125,278360600
2025-05-02,4881.386187153478,4881.386187153478,4812.772325085056,4861.7822265625,146800800
2025-05-05,4891.188210851217,4999.009995058358,4861.7822697038155,4881.38623046875,154073100
2025-05-06,4925.495142189853,4950.000093146022,4881.38623046875,4881.38623046875,120165500
2025-05-07,4950.000276199495,4950.000276199495,4851.98046875,4851.98046875,100674600
2025-05-08,4861.782098121085,4925.494968358559,4695.1484375,4695.1484375,205199700
2025-05-09,4695.148393483032,4734.3563132615955,4655.940473704468,4675.54443359375,164014200
2025-05-14,4793.168316831683,4950.0,4783.366336633663,4950.0,342468200
2025-05-15,4974.50517165493,5293.069542253521,4950.000220070423,5219.5546875,300147300
2025-05-16,5317.574084974315,5366.583984375,5097.029537671233,5366.583984375,229382100
2025-05-19,5342.07938436793,5464.60414089013,5293.06948175905,5415.59423828125,191440600
2025-05-20,5391.089138454861,5440.099039713542,5244.059434678819,5293.0693359375,145525700
2025-05-21,5293.069201548165,5440.09890159117,5268.564251540997,5342.0791015625,167239400
2025-05-22,5342.0791015625,5391.089001576835,5293.069201548165,5342.0791015625,137585600
2025-05-23,5342.07916906682,5366.58411938364,5268.56431811636,5317.57421875,67336400
2025-05-26,5317.574084974315,5366.583984375,5195.049336472603,5366.583984375,102960800
2025-05-27,5391.089138454861,5391.089138454861,5293.0693359375,5293.0693359375,86083800
2025-05-28,5293.069114829009,5317.574064434699,5195.04931640625,5195.04931640625,190669100
2025-06-02,5097.029633620689,5146.039533943966,4925.494982489224,4974.5048828125,373474500
2025-06-03,4999.009900990099,5023.514851485148,4851.980198019802,4950.0,169321800
2025-06-04,5023.5149205146145,5023.5149205146145,4881.386205690299,4925.4951171875,139577800
2025-06-05,4949.999932650862,4974.5048828125,4900.990032327586,4974.5048828125,69179700
2025-06-10,4974.504899088542,5146.03955078125,4974.504899088542,5146.03955078125,158265000
2025-06-11,5195.049588716947,5195.049588716947,5048.019883375901,5097.02978515625,90666100
2025-06-12,5121.534804781853,5121.534804781853,5023.514999905646,5072.52490234375,72423700
2025-06-13,5072.524971082373,5146.03982573574,4999.0101164290045,5048.02001953125,128071000
2025-06-16,5048.02001953125,5097.029922633495,4999.0101164290045,5048.02001953125,61695600
2025-06-17,5072.524615119485,5121.5345147824755,4999.009765625,4999.009765625,70657700
2025-06-18,4974.5048828125,4999.009832974138,4925.494982489224,4974.5048828125,53353000
2025-06-19,4949.9998231576965,4949.9998231576965,4812.772105287978,4871.583984375,114769600
2025-06-20,4842.178445502662,4891.188348797224,4734.356658254627,4832.37646484375,301154300
2025-06-23,4773.564318152948,4832.3761988694105,4704.950457317073,4822.57421875,119439200
2025-06-24,4950.000068019279,5023.5149205146145,4925.4951171875,4925.4951171875,126563900
2025-06-25,4925.494920073962,4949.999869925076,4783.3662109375,4783.3662109375,139963400
2025-06-26,4851.980264692164,4925.4951171875,4812.772343361318,4925.4951171875,94704500
2025-06-30,4949.999869925076,4949.999869925076,4783.3662109375,4783.3662109375,220479900
2025-07-01,4802.970127467105,4812.772107319079,4616.732510279606,4655.9404296875,319875800
2025-07-02,4636.336513815186,4675.54443359375,4616.732553925904,4675.54443359375,159152200
2025-07-03,4685.346593156645,4753.960455399525,4626.534711234177,4646.138671875,103849000
2025-07-04,4655.9406521954115,4695.148573477057,4606.930750593354,4646.138671875,104170500
2025-07-07,4646.138671875,4655.9406521954115,4587.326789952532,4646.138671875,120538300
2025-07-08,4616.732687740003,4655.940608654992,4606.930707511255,4626.53466796875,132853800
2025-07-09,4626.534890857219,4665.742813661093,4577.524987352375,4616.73291015625,110198500
2025-07-10,4655.940822743776,4734.356668179461,4636.336861384855,4724.5546875,160889700
2025-07-11,4753.960226200956,4891.187944070674,4734.356266505281,4871.583984375,219980300
2025-07-14,4881.386343949894,4891.188324560235,4577.524945029318,4597.12890625,429438700
2025-07-15,4606.9306640625,4646.138584607713,4597.128683926197,4606.9306640625,206958200
2025-07-16,4636.336828691365,4665.742770522388,4587.326925639659,4597.12890625,323831100
2025-07-17,4606.930707511255,4626.53466796875,4587.32674705376,4626.53466796875,120304000
2025-07-18,4665.742632515822,4714.75253411788,4626.534711234177,4646.138671875,161262400
2025-07-21,4675.54448054387,4675.54448054387,4587.32666015625,4587.32666015625,103387400
2025-07-22,4587.326616148069,4616.732555995171,4557.920676300966,4567.72265625,132984400
2025-07-23,4567.722700070112,4597.128640199319,4567.722700070112,4587.32666015625,115298400
2025-07-24,4597.128897094727,4744.158605957032,4587.326916503906,4704.95068359375,273623100
2025-07-25,4704.950692963753,4704.950692963753,4597.12890625,4597.12890625,88471700
2025-07-28,4636.336604471409,4655.940564744015,4597.128683926197,4606.9306640625,112048900
2025-07-29,4606.930929455281,4626.534890857219,4597.128948754313,4616.73291015625,74422700
2025-07-30,4616.732466264205,4626.534446022727,4528.5146484375,4528.5146484375,141263400
2025-07-31,4518.712668678977,4548.118607954546,4420.69287109375,4420.69287109375,155903600
2025-08-01,4479.504794426049,4518.712713852097,4420.692915286975,4440.296875,157949900
2025-08-04,4440.296830610796,4538.316628196023,4420.69287109375,4528.5146484375,174404800
2025-08-05,4597.128550575658,4685.346369243422,4567.722611019737,4655.9404296875,277668300
2025-08-06,4655.940564744015,4655.940564744015,4597.128683926197,4606.9306640625,79277900
2025-08-07,4646.138540414664,4646.138540414664,4587.32666015625,4587.32666015625,61453100
2025-08-08,4587.326882862688,4606.930843900563,4567.722921824813,4577.52490234375,71516700
2025-08-11,4616.732687740003,4685.346549341234,4606.930707511255,4626.53466796875,105204200
2025-08-12,4675.544732927062,4822.574441509674,4655.940771782714,4812.7724609375,301599000
2025-08-13,4832.376335504363,4871.584257090605,4763.762472728439,4773.564453125,180844900
2025-08-14,4812.772331064755,4832.376291680091,4744.158468911082,4753.96044921875,109457100
2025-08-15,4793.16837044942,4832.376291680091,4753.96044921875,4753.96044921875,126685400
2025-08-19,4763.762567138672,4773.564547729492,4685.34672241211,4704.95068359375,116454000
2025-08-20,4695.148776830808,4851.98046875,4685.346796085858,4851.98046875,144622900
2025-08-21,4851.980114995216,4851.980114995216,4763.762294722576,4802.97021484375,132019200
2025-08-22,4822.574398485429,4822.574398485429,4773.5644960617965,4793.16845703125,73104500
2025-08-25,4851.98046875,4881.386410984848,4822.574526515151,4851.98046875,149580800
2025-08-26,4851.980114995216,4851.980114995216,4763.762294722576,4802.97021484375,308891700
2025-08-27,4744.158605957032,4783.366528320313,4704.95068359375,4704.95068359375,113576300
2025-08-28,4695.148393483032,4753.960273150878,4675.54443359375,4675.54443359375,111707400
2025-08-29,4626.534446022727,4655.940385298296,4567.722567471591,4636.33642578125,176485100
2025-09-01,4459.901229194973,4577.524997877038,4371.683402683424,4508.9111328125,320335300
2025-09-02,4518.712803012172,4577.52468331168,4469.702902762582,4479.5048828125,150045600
2025-09-03,4528.5146484375,4567.722567471591,4479.504749644886,4528.5146484375,131617900
2025-09-04,4538.316759940905,4587.32666015625,4528.514779897837,4587.32666015625,88735300
2025-09-08,4655.940854894558,4655.940854894558,4371.683413227311,4401.08935546875,200234500
2025-09-09,4361.8810383736945,4391.286977958236,4224.6533203125,4224.6533203125,509366600
2025-09-10,4273.663174715909,4332.475053267046,4263.861194957386,4312.87109375,293494200
2025-09-11,4391.287109375,4450.09899030413,4361.881168910436,4391.287109375,366697800
2025-09-12,4410.89115649198,4459.90105823078,4391.28719579646,4430.4951171875,216960200
2025-09-15,4459.900834713024,4548.118653421633,4430.494895143488,4440.296875,231346000
2025-09-16,4479.504930768694,4479.504930768694,4371.68314906529,4391.287109375,122027400
2025-09-17,4391.286931818182,4430.494850852273,4352.079012784091,4420.69287109375,232702500
2025-09-18,4450.09885596366,4459.90083582261,4332.47509765625,4332.47509765625,177560100
2025-09-19,4263.861635809076,4332.4755012129,4244.257674265125,4293.267578125,235975900
2025-09-22,4322.6731177973,4332.47509765625,4273.6632185025455,4332.47509765625,107176100
2025-09-23,4303.069379118835,4342.277300568665,4283.46541839392,4322.67333984375,90675500
2025-09-24,4322.673296465689,4342.277256993878,4303.0693359375,4303.0693359375,85439100
2025-09-25,4312.871496918005,4322.673477592818,4273.66357421875,4273.66357421875,73946900
2025-09-26,4263.861238643594,4342.277077515201,4263.861238643594,4332.47509765625,86572900
2025-09-29,4332.475053267046,4342.277033025568,4312.87109375,4312.87109375,63753600
2025-09-30,4332.475053267046,4361.880992542614,4293.267134232955,4312.87109375,108639600
2025-10-01,4273.6636165810505,4312.87153966895,4263.861635809076,4293.267578125,92265100
2025-10-02,4322.673477592818,4352.079419617259,4273.66357421875,4273.66357421875,93387400
2025-10-03,4283.465199481583,4293.267179343097,4214.851340450986,4224.6533203125,102459100
2025-10-06,4234.455435739436,4244.257415914759,4175.6435546875,4175.6435546875,96040500
2025-10-07,4175.643377130682,4234.455255681818,4165.841397372159,4205.04931640625,100237500
2025-10-08,4195.247738970588,4205.049719669118,4126.633874080882,4165.841796875,97466800
2025-10-09,4156.039631976082,4361.881217522067,4116.831710919704,4303.0693359375,183242600
2025-10-10,4322.6734880514705,4332.47546875,4165.841796875,4165.841796875,139911200
2025-10-13,4126.63383177268,4156.039773566785,4116.831851174646,4146.23779296875,79178600
2025-10-14,4136.435755797295,4185.445658117168,4009.010009765625,4009.010009765625,188507000
2025-10-15,4028.6138834635417,4058.01982421875,3930.5940809461804,3969.802001953125,270562400
2025-10-16,3969.8020879097267,4067.821892549473,3969.8020879097267,4009.010009765625,125979600
2025-10-17,4028.6138834635417,4028.6138834635417,3950.198041449653,3969.802001953125,247510000
2025-10-20,4038.4159156976743,4234.455523255814,3989.4060138081395,4214.8515625,331939200
2025-10-21,4263.861328125,4303.069248383621,4214.851427801724,4263.861328125,230858900
2025-10-22,4263.861284145857,4371.683063744948,4205.049404364535,4244.25732421875,216261300
2025-10-23,4224.653578230813,4352.079324209933,4224.653578230813,4342.27734375,202102500
2025-10-24,4293.267219694368,4499.10879872081,4293.267219694368,4459.90087890625,350420300
2025-10-27,4499.109119389681,4508.911100041946,4322.6734676489095,4381.4853515625,245576100
2025-10-28,4401.088911576705,4420.69287109375,4352.079012784091,4420.69287109375,174666600
2025-10-29,4410.891192036291,4557.9208984375,4401.089211609543,4557.9208984375,176978800
2025-10-30,4577.524935913086,4734.356625366211,4557.920974731445,4704.95068359375,390256000
2025-10-31,4695.148529569981,4704.9505097987285,4626.53466796875,4626.53466796875,227378000
2025-11-03,4616.732773724724,4665.74267578125,4606.930793313419,4665.74267578125,129834200
2025-11-04,4665.742365056818,4695.148304332386,4626.534446022727,4636.33642578125,136412400
2025-11-05,4597.1285940366215,4675.54443359375,4587.326614091981,4675.54443359375,102878900
2025-11-06,4695.148349095395,4695.148349095395,4655.9404296875,4655.9404296875,57932600
2025-11-07,4655.9404296875,4685.346369243422,4646.138449835526,4655.9404296875,58845500
2025-11-10,4695.148304332386,4695.148304332386,4636.33642578125,4636.33642578125,88738200
2025-11-11,4646.138540414664,4655.940520457732,4518.712799854768,4587.32666015625,168794500
2025-11-12,4587.326832490809,4695.148617015166,4587.326832490809,4665.74267578125,138539800
2025-11-13,4665.742544880319,4665.742544880319,4597.128683926197,4606.9306640625,108100300
2025-11-14,4597.128550575658,4655.9404296875,4587.326570723684,4655.9404296875,73479600
2025-11-17,4685.346764782158,4753.960629538382,4675.544784102697,4724.5546875,136477100
2025-11-18,4714.752397573069,4753.960317719207,4685.346457463465,4695.1484375,127022100
2025-11-19,4724.554508295748,4753.96044921875,4704.9505476804125,4753.96044921875,107585700
2025-11-20,4842.17822265625,4891.188123695281,4802.970301825026,4842.17822265625,234717700
2025-11-21,4842.17848800505,4871.584430239899,4802.970565025253,4851.98046875,142452600
2025-11-24,4812.772146905638,4999.009765625,4773.564227175245,4999.009765625,303252000
2025-11-25,4974.505018851058,4999.009969682836,4851.980264692164,4925.4951171875,169379300
2025-11-26,4925.4951171875,4925.4951171875,4861.782245024876,4925.4951171875,128492000
2025-11-27,4925.494874553916,4925.494874553916,4753.960227181391,4763.76220703125,170213000
2025-11-28,4704.950504658385,4783.366346402691,4704.950504658385,4734.3564453125,128777200
2025-12-01,4753.960227181391,4812.772106280542,4724.554287631816,4763.76220703125,58603700
2025-12-02,4822.574311372423,4842.178271987758,4724.554508295748,4753.96044921875,104013500
2025-12-03,4753.960271116162,4822.574130699282,4724.554331294826,4783.3662109375,102556300
2025-12-04,4832.3761988694105,4842.178178988821,4783.366298272358,4822.57421875,59392600
2025-12-05,4842.178134964924,4842.178134964924,4773.56427475287,4802.97021484375,53969200
2025-12-08,4851.98046875,4861.782449494949,4812.772545770202,4851.98046875,62947600
2025-12-09,4871.584300909061,4881.3862813937885,4773.5644960617965,4793.16845703125,134575200
2025-12-10,4851.980024679326,4871.583984375,4773.56418589663,4871.583984375,96005900
2025-12-11,4900.990372474747,4950.000276199495,4734.356699810606,4851.98046875,151956700
2025-12-12,4881.38637837137,4881.38637837137,4724.5546875,4724.5546875,111830600
2025-12-15,4724.554329361848,4925.494918058774,4695.1483895525425,4891.18798828125,122451500
2025-12-16,4925.495185546875,4950.00013671875,4822.574390625,4900.990234375,137373200
2025-12-17,4891.18818602301,4925.4951171875,4861.782245024876,4925.4951171875,94254100
2025-12-18,4925.495261775637,5072.524971082373,4925.495261775637,5048.02001953125,150669000
2025-12-19,5072.52490234375,5097.029853562802,4999.010048686594,5072.52490234375,161960800
2025-12-22,5072.524615119485,5097.029564950981,4925.494916130515,4999.009765625,93615600
2025-12-23,4950.0,4999.009900990099,4900.990099009901,4950.0,44307700
2025-12-24,4925.495049504951,4999.009900990099,4925.495049504951,4950.0,40272500
2025-12-29,4974.5048828125,5048.019733297414,4949.999932650862,4974.5048828125,55697500
2025-12-30,4974.504815793505,5048.01966528799,4949.99986596201,4999.009765625,74077800
2026-01-02,5023.514783135776,5048.019733297414,4925.494982489224,4974.5048828125,59263700
2026-01-05,4974.504950495049,4999.009900990099,4925.495049504951,4950.0,108458200
2026-01-06,4990.0,4990.0,4880.0,4880.0,180600600
2026-01-07,4890.0,4900.0,4800.0,4810.0,284261700
2026-01-08,4820.0,4880.0,4810.0,4810.0,108534300
2026-01-09,4820.0,4840.0,4760.0,4760.0,104703800
2026-01-12,4780.0,4850.0,4720.0,4770.0,118384500
2026-01-13,4800.0,4840.0,4780.0,4820.0,93419500
2026-01-14,4840.0,4850.0,4770.0,4840.0,114314800
2026-01-15,4840.0,5075.0,4830.0,4990.0,245024400
2026-01-19,5025.0,5100.0,4980.0,5000.0,197645100
2026-01-20,5000.0,5075.0,4990.0,5025.0,93803800
2026-01-21,5025.0,5025.0,4930.0,4990.0,117548600
2026-01-22,4990.0,5025.0,4930.0,4980.0,145002200
2026-01-23,4980.0,5000.0,4870.0,4990.0,116237200
2026-01-26,4910.0,4970.0,4870.0,4910.0,225443300
2026-01-27,4860.0,4910.0,4800.0,4810.0,160620600
2026-01-28,4570.0,4810.0,4410.0,4560.0,643802800
2026-01-29,4420.0,4640.0,4070.0,4630.0,907054600
2026-01-30,4700.0,4880.0,4630.0,4820.0,343393600
2026-02-02,4900.0,4920.0,4710.0,4800.0,290622800
2026-02-03,4830.0,4850.0,4710.0,4810.0,88755200
