Date,Open,High,Low,Close,Volume
2021-02-04,5280.681523840206,5529.984085051547,5258.017654639176,5495.98828125,5801600
2021-02-05,5575.312662760417,5801.951388888889,5552.648790147569,5711.2958984375,4704800
2021-02-08,5892.606366650295,5937.93410793222,5733.959272163556,5767.955078125,2670300
2021-02-09,5824.615663441228,5869.943411794856,5575.313047496273,5699.96435546875,2971200
2021-02-10,5699.963580078124,5745.291322265624,5563.980353515624,5665.9677734375,1601300
2021-02-11,5665.968022291265,5892.606743182915,5586.644469979186,5869.94287109375,2517600
2021-02-15,5892.607460171568,6005.926834405637,5779.2880859375,5779.2880859375,3191200
2021-02-16,5779.28780279216,5835.9474871332595,5688.632307846401,5745.2919921875,1667600
2021-02-17,5745.291735197368,5767.955607920041,5563.980753415992,5597.9765625,1388700
2021-02-18,5688.631773646476,5688.631773646476,5484.656929173097,5507.32080078125,1990900
2021-02-19,5507.321477170851,5529.9853515625,5427.997916800077,5529.9853515625,1401100
2021-02-22,5541.316555314335,5801.95107632094,5529.984619618395,5790.619140625,3342100
2021-02-23,5790.619692551872,5801.951629327903,5541.317083479188,5563.98095703125,3169200
2021-02-24,5563.979888853093,5575.311823453609,5484.6563466494845,5495.98828125,1902800
2021-02-25,5541.3159220041325,5620.639462809917,5484.65625,5484.65625,1985800
2021-02-26,5439.329853995901,5552.64922595415,5371.338230820953,5529.9853515625,2693000
2021-03-01,5529.984780212655,5575.31252431276,5450.661228037474,5461.9931640625,1775600
2021-03-02,5552.648956298828,5586.644766235351,5416.665716552734,5439.32958984375,3451000
2021-03-03,5518.652358081106,5518.652358081106,5405.3330078125,5405.3330078125,1639700
2021-03-04,5394.00244140625,5484.657944623162,5348.674689797794,5394.00244140625,3199200
2021-03-05,5371.337712878078,5416.665457290551,5280.682224053131,5292.01416015625,2568600
2021-03-08,5360.00617581478,5382.670049708289,5258.018743293992,5280.6826171875,2089700
2021-03-09,5337.342530362991,5371.338342658297,5190.02734375,5190.02734375,3188100
2021-03-10,5190.026760376778,5280.682249641001,5178.69482421875,5178.69482421875,1308800
2021-03-12,5201.358683796672,5360.005789620535,5190.026747666396,5235.3544921875,2865700
2021-03-15,5280.6827864858615,5427.997971516583,5190.027288005417,5360.00634765625,3275900
2021-03-16,5382.6689453125,5439.328618421053,5326.009272203947,5382.6689453125,1887100
2021-03-17,5394.001282649254,5405.333218117004,5292.013863439499,5314.677734375,1047800
2021-03-18,5394.0019053907845,5609.308704135375,5371.338031838723,5563.98095703125,4792500
2021-03-19,5563.980363202336,5654.635847735164,5450.6610075363005,5609.30810546875,3925100
2021-03-22,5722.627752219817,5813.2832413638935,5620.640326932731,5643.30419921875,4428700
2021-03-23,5779.286723381917,5983.261548913043,5665.967375864624,5733.958984375,5376300
2021-03-24,5665.968616556677,5688.632491022903,5450.661809127523,5473.32568359375,2994000
2021-03-25,5450.6613360927695,5518.6529535908085,5360.005846095385,5416.66552734375,2311000
2021-03-26,5461.9937283875515,5541.317288758325,5394.002105212603,5529.9853515625,1605700
2021-03-29,5575.312512031571,5586.644448031635,5473.325088030993,5518.65283203125,1129600
2021-03-30,5507.320627719541,5507.320627719541,5360.005466895767,5371.33740234375,1233900
2021-03-31,5405.333547379309,5405.333547379309,5178.69482421875,5178.69482421875,2868100
2021-04-01,5212.690221020299,5371.337314703525,5201.358285757212,5303.345703125,1623400
2021-04-05,5348.67428949311,5756.6240234375,5337.342352439099,5756.6240234375,6388900
2021-04-06,5756.624040910786,5767.955977999192,5575.313047496273,5699.96435546875,3102900
2021-04-07,5575.312662760417,5722.627834743924,5541.3168538411455,5711.2958984375,1677200
2021-04-08,5711.296292557157,5745.2921038223785,5620.640795849901,5699.96435546875,1409300
2021-04-09,5688.631654434975,5722.627461134785,5586.644234335543,5609.30810546875,1498200
2021-04-12,5609.309261546415,5665.968951056985,5382.670503504136,5394.00244140625,1797700
2021-04-13,5382.669249966613,5473.324732071314,5303.345703125,5303.345703125,2755200
2021-04-14,5348.674374029503,5495.989558059977,5348.674374029503,5473.32568359375,1106400
2021-04-15,5607.538096174005,5607.538096174005,5423.684388102725,5481.138671875,1497500
2021-04-16,5492.629528629455,5504.12038538391,5377.720961084906,5481.138671875,904300
2021-04-19,5492.630262586806,5917.792019314236,5469.648546006944,5791.392578125,5021800
2021-04-20,5791.392020089285,5802.882877272003,5573.0657336176655,5630.52001953125,1077900
2021-04-21,5550.083583502122,5607.537864904835,5538.5927272215795,5584.55615234375,696800
2021-04-22,5584.557047020575,5619.0296213849,5492.630182049043,5550.08447265625,743900
2021-04-23,5469.64846580616,5596.047905142016,5469.64846580616,5550.08447265625,750500
2021-04-26,5550.08422233485,5550.08422233485,5423.684788699895,5446.66650390625,1050100
2021-04-27,5446.666419934316,5504.120707064424,5377.721275378185,5412.19384765625,706800
2021-04-28,5412.194147190126,5492.63015362395,5412.194147190126,5469.6484375,434100
2021-04-29,5492.629614257813,5596.047326660157,5481.138757324219,5515.611328125,1584500
2021-04-30,5538.593227796052,5538.593227796052,5412.193797286184,5458.1572265625,1903400
2021-05-03,5435.175511924342,5469.648083881579,5400.702939967105,5458.1572265625,1040500
2021-05-04,5492.629566034995,5596.047277529377,5446.666138704158,5561.57470703125,1228500
2021-05-05,5561.574755859375,5573.065612792969,5492.629614257813,5515.611328125,577300
2021-05-06,5573.06494140625,5699.464352448454,5538.5923747583765,5573.06494140625,1280300
2021-05-07,5642.011775899961,5699.466070970226,5561.575762801592,5596.04833984375,1337800
2021-05-10,5630.5204544376265,5699.465602859312,5584.557022156503,5676.48388671875,1687100
2021-05-11,5791.391595873786,6009.717866353155,5791.391595873786,5917.791015625,7472800
2021-05-17,5975.2451171875,6193.571381084736,5883.318269230769,5975.2451171875,7422700
2021-05-18,5975.245204947419,6021.20862960086,5894.809211803896,6009.7177734375,2261300
2021-05-19,6009.718413649706,6021.209271037182,5825.864695450097,5871.828125,2014400
2021-05-20,5871.828040415847,5963.754898191437,5756.919468196358,5837.35546875,1954900
2021-05-21,5929.282190109283,5975.245617939588,5768.410192703217,5848.84619140625,1502300
2021-05-24,5975.2464461372365,6136.118465840931,5917.792153385917,5986.7373046875,4175800
2021-05-25,6067.172597543353,6113.136026312621,5917.791454043232,5963.7548828125,2340100
2021-05-27,6021.209304868485,6044.191019772563,5940.77330270421,5952.26416015625,1756900
2021-05-28,5986.736597197134,6113.136026312621,5929.282311235549,5963.7548828125,2974300
2021-05-31,6067.172872340426,6090.154587765957,5883.319148936171,5940.7734375,2388900
2021-06-02,6009.718334184518,6515.316052548034,5998.227476948984,6503.8251953125,14867800
2021-06-03,6503.824262191392,6515.315117778303,6365.933995148465,6457.86083984375,2495000
2021-06-04,6423.389945388686,6492.335096859763,6377.426511074635,6480.84423828125,3315700
2021-06-07,6469.352828480114,6469.352828480114,6285.499106889205,6319.9716796875,2346100
2021-06-08,6434.880615663445,6607.243489297287,6423.389757421189,6538.29833984375,5497100
2021-06-09,6572.770202959657,6618.733630952382,6492.3342039723875,6515.31591796875,1753600
2021-06-10,6561.280248330841,6584.261965487866,6457.862521124224,6480.84423828125,1720500
2021-06-11,6572.770212877516,6928.98678035864,6572.770212877516,6848.55078125,9271900
2021-06-14,6871.533284369801,6917.496717710067,6756.624701019135,6906.005859375,2803100
2021-06-15,6871.532482367174,6986.441052306425,6779.605626415774,6974.9501953125,4343400
2021-06-16,6940.47749087685,6986.44091796875,6848.550636693051,6986.44091796875,2489000
2021-06-17,6986.441237541529,6986.441237541529,6837.0600926598845,6917.49609375,2433500
2021-06-18,6917.4960753558435,6928.986932623877,6584.261214582888,6710.66064453125,3753000
2021-06-21,6664.697808159723,6664.697808159723,6365.935492621527,6618.734375,2463200
2021-06-22,6618.733869250425,6756.624158193143,6595.752154426639,6745.13330078125,1561100
2021-06-23,6503.8254449728265,6699.170025475543,6480.843729619565,6607.2431640625,3322900
2021-06-24,6607.242810186193,6664.69709549216,6377.425668962325,6595.751953125,2887600
2021-06-25,6584.261214582888,6814.078359943547,6572.770357314855,6710.66064453125,4048800
2021-06-28,6802.587744565218,6814.078602241848,6549.788875679348,6607.2431640625,2229800
2021-06-29,6572.770267210145,6584.261124320652,6228.044553894928,6342.953125,3941900
2021-06-30,6331.462075676717,6549.788354148328,6216.553508060079,6526.806640625,2736100
2021-07-01,6641.71544645852,6641.71544645852,6342.953159939624,6423.38916015625,1968200
2021-07-02,6480.843298489493,6618.733581436078,6388.916443191769,6561.279296875,2531100
2021-07-05,6572.770166015625,6595.751879882812,6411.898168945313,6434.8798828125,1374800
2021-07-06,6572.77096690731,7204.768175263783,6572.77096690731,7112.84130859375,9027600
2021-07-07,7032.404752066115,7089.859039256198,6814.078460743802,6951.96875,2733600
2021-07-08,6894.515525688559,6986.442399364407,6722.152637546345,6779.60693359375,1879900
2021-07-09,6779.605421072706,6871.532274239794,6733.641994489162,6825.56884765625,1708200
2021-07-12,6894.514617147976,7055.386624881429,6768.1151825002635,6814.07861328125,2109300
2021-07-13,6825.569094348867,6883.023379654835,6526.806810757839,6595.751953125,1830300
2021-07-14,6618.7336409395975,6963.459351405201,6572.770212877516,6848.55078125,3513100
2021-07-15,6848.550949958472,6963.459522944353,6802.58752076412,6917.49609375,1427600
2021-07-16,6940.478192238729,7147.313635053791,6928.987334304559,7009.42333984375,2435300
2021-07-19,7009.4235835899635,7170.295600262521,7009.4235835899635,7112.84130859375,2433100
2021-07-21,7147.313086891795,7170.294800997557,7009.422802257227,7055.38623046875,1857600
2021-07-22,7078.36835106383,7572.475232712766,7066.877493351064,7560.984375,7982100
2021-07-23,7538.001509777608,7538.001509777608,7319.675246537098,7492.0380859375,2851800
2021-07-26,7492.03858412149,7538.002011017941,7342.6574467080245,7365.63916015625,1555800
2021-07-27,7377.130641174316,7526.511791229248,7273.712921905518,7354.14892578125,1583900
2021-07-28,7354.148787313433,7710.365369198927,7354.148787313433,7698.87451171875,3039200
2021-07-29,7698.874361368219,7940.182363739462,7664.401789600898,7836.7646484375,2697400
2021-07-30,7859.745428304756,7917.199707751429,7606.946598739399,7790.80029296875,2758100
2021-08-02,7859.745428304756,7917.199707751429,7664.400878186071,7790.80029296875,1194600
2021-08-03,7790.801404403619,7802.292261932238,7675.89282911743,7779.310546875,1404900
2021-08-04,7767.819656599813,7802.292229040345,7629.929366837686,7698.87451171875,1191100
2021-08-05,7744.8389126090115,7882.72921965843,7308.186273619186,7411.60400390625,4279600
2021-08-06,7354.148473724884,7515.020471587615,7342.657616734688,7434.58447265625,1631800
2021-08-09,7733.3466914888595,7894.218688042863,7480.5478397611405,7606.947265625,5549000
2021-08-10,7733.347629123264,7986.146511501736,7595.457329644098,7859.7470703125,7353700
2021-08-12,7997.636278450144,8158.5082725569,7894.218567952945,7951.6728515625,6456800
2021-08-13,8020.619086371527,8032.109944661458,7790.801920572917,7859.7470703125,3136800
2021-08-16,7859.745252273956,8066.580653649586,7790.800118482079,7974.65380859375,4042400
2021-08-18,7951.673822170351,7951.673822170351,7503.530355313929,7538.0029296875,7173500
2021-08-19,7538.002648925782,7606.94779510498,7147.313487243652,7354.14892578125,6442600
2021-08-20,7354.148536392405,7446.07539309731,7147.313108806368,7262.2216796875,3771000
2021-08-23,7239.240083783586,7388.621228369597,7216.258369231892,7377.13037109375,2706600
2021-08-24,7400.111711090686,7446.075137867648,6928.986586626838,7032.404296875,7483900
2021-08-25,7032.404734425731,7193.276738154424,7009.423019607346,7078.3681640625,1959100
2021-08-26,7089.85826491075,7170.294258191748,7055.385696361752,7101.34912109375,2232900
2021-08-27,7101.350203317111,7124.331919185451,6940.478192238729,7009.42333984375,1596100
2021-08-30,7124.331394630142,7273.7125367756125,7089.858823365803,7262.2216796875,2996600
2021-08-31,7285.203779602051,7354.14892578125,7181.786060333252,7354.14892578125,2428500
2021-09-01,7354.148557692308,7503.529700270433,7308.185129206731,7469.05712890625,2647200
2021-09-02,7538.002124244713,7652.910693211858,7469.056982864427,7606.947265625,2884200
2021-09-03,7698.874544174668,7882.72826463257,7629.929399002955,7779.310546875,3470000
2021-09-06,7825.274741753472,8020.6193388310185,7721.857013888888,7756.32958984375,1994300
2021-09-07,7767.819420793447,7836.764563581554,7675.892563742636,7802.2919921875,1064400
2021-09-08,7813.782570899567,7997.636278450144,7802.291714177655,7951.6728515625,3711000
2021-09-09,7951.6728515625,7951.6728515625,7779.3100007338335,7951.6728515625,2928800
2021-09-10,7940.182448962136,7963.1641637203475,7836.764732550183,7871.2373046875,1361600
2021-09-13,7871.237981845451,8032.109998992657,7825.27454837482,8020.619140625,1969400
2021-09-14,8078.072170853112,8319.38015888713,8066.581314280063,8169.9990234375,4111000
2021-09-15,8181.491102430556,8560.689425998264,8170.000244140625,8273.41796875,7063100
2021-09-16,8399.817029644692,8618.143327268835,8273.417594178083,8388.326171875,5094400
2021-09-17,8250.435733147791,8296.399163416023,8101.054584776034,8192.9814453125,4178000
2021-09-20,8273.416917492917,8273.416917492917,8055.090637725743,8112.544921875,1657600
2021-09-21,8066.581228482521,8158.508080089159,7974.654376875883,8135.5263671875,2967600
2021-09-22,8135.525923295455,8445.779030539774,8135.525923295455,8342.361328125,5525200
2021-09-23,8457.271194926569,8618.143201351802,8457.271194926569,8606.65234375,5325200
2021-09-24,8710.069079225948,8790.50507336128,8411.306815294716,8480.251953125,5960600
2021-09-27,8526.216443678306,8733.05188301282,8422.798724011049,8514.7255859375,2815300
2021-09-28,8664.105800880394,9054.794921875,8664.105800880394,9054.794921875,8110000
2021-09-29,9054.795374519847,9238.649087708067,8974.359375,8974.359375,6296200
2021-09-30,9066.285750169021,9790.209707406852,9066.285750169021,9560.392578125,10377800
2021-10-01,9606.356432629871,9997.04556984209,9606.356432629871,9732.755859375,8163800
2021-10-04,10111.956145091557,11421.914100251144,10100.465285835771,11295.5146484375,14176700
2021-10-05,11916.01962172709,12410.126510574019,11307.00415407855,11410.421875,11392400
2021-10-06,12272.236145376462,12318.199576632554,11617.257249977156,11789.6201171875,7975900
2021-10-07,11261.039982820681,11261.039982820681,10973.7685546875,10973.7685546875,9258600
2021-10-08,10663.516442404427,11720.675400056589,10571.58957652163,11421.9130859375,9878300
2021-10-11,11548.311103606893,12341.180224153037,11421.911678592289,12295.216796875,7529400
2021-10-12,12410.126648237938,12754.85238846677,11950.492327932829,12145.8369140625,8845700
2021-10-13,12134.345535714285,12318.19925595238,11893.037527901784,12065.400390625,4508700
2021-10-14,12019.436827299412,12145.836258561643,11709.183677837573,11743.65625,5001900
2021-10-15,11835.581674429088,12088.380506310097,11686.2005464994,11950.490234375,4779400
2021-10-18,11858.56463759737,12042.418352908957,11732.165208320654,11801.1103515625,4065100
2021-10-19,11766.637168141593,11870.054877627212,11674.710315265485,11686.201171875,2916000
2021-10-21,10870.350909442725,11215.076625386997,10870.350909442725,11134.640625,11720700
2021-10-22,10433.69912027311,11249.55004267332,10376.244829963236,10939.296875,8629100
2021-10-25,11215.077637701208,11513.839951820297,11215.077637701208,11421.9130859375,4086500
2021-10-26,11490.858289930555,11582.78515625,11203.586832682291,11582.78515625,4182900
2021-10-27,11582.784986413044,11582.784986413044,11077.187229069617,11100.1689453125,3019400
2021-10-28,10962.278434371523,10962.278434371523,10330.28125,10330.28125,8828100
2021-10-29,10111.954300491898,10479.661729600693,9778.719442862051,9928.1005859375,14505300
2021-11-01,9675.301191625702,10284.316587298104,9468.465774227529,10226.8623046875,8565800
2021-11-02,9997.04663000871,10169.409502939896,9813.192898882113,9893.62890625,4887500
2021-11-03,10203.881297295404,10341.771585096692,10100.463581444437,10249.8447265625,4887400
2021-11-04,10571.588178362164,10617.55160522461,10192.389906747001,10295.8076171875,6459600
2021-11-05,10295.808510638299,10307.299368351063,10065.99135638298,10261.3359375,3285900
2021-11-08,10341.772272099448,10410.717420580111,10261.336265538674,10399.2265625,2289900
2021-11-09,10548.606455002757,10617.551595231533,10353.261891021224,10422.20703125,4313900
2021-11-10,10422.205238145343,10422.205238145343,10134.933869949495,10238.3515625,5554900
2021-11-11,10502.371342699884,10623.926566573726,10344.34955166389,10490.2158203125,5716200
2021-11-12,10502.37251805054,10550.994613041516,10052.618139384025,10101.240234375,7600200
2021-11-15,10040.461432729624,10040.461432729624,9396.21875,9396.21875,13203200
2021-11-16,9420.529094915739,9590.706394694862,9250.351795136616,9286.818359375,8718600
2021-11-17,9420.52944250274,9785.195098341557,9408.373920641447,9700.1064453125,6970800
2021-11-18,9675.795978565706,9687.951501151843,9408.374481670673,9481.3076171875,3040500
2021-11-19,9578.550950666047,9943.216595995973,9493.462300089064,9809.505859375,4425600
2021-11-22,9809.505640869142,9833.816683349609,9590.706258544922,9724.4169921875,2767500
2021-11-23,10016.149829275533,10247.104740387469,9858.12804798842,10234.94921875,6752000
2021-11-24,10453.749351275206,10453.749351275206,10137.705766236655,10247.10546875,4838800
2021-11-25,10356.505320113109,10538.838160255946,10222.794570675029,10478.060546875,4058900
2021-11-26,10405.125860618116,10429.436902348532,9894.593984279376,9931.060546875,4406800
2021-11-29,9724.418038922156,10174.172373222305,9675.795948727546,10149.861328125,3655400
2021-11-30,9967.528594475058,10478.060546875,9918.906503770302,10478.060546875,5651700
2021-12-01,10210.63967180024,10405.128046501197,10089.084437612142,10162.017578125,3340500
2021-12-02,10234.949794642858,10672.548598214285,10210.63875,10636.08203125,5238600
2021-12-03,10636.082341665458,10672.548909694025,10417.282933494054,10478.060546875,1862100
2021-12-06,10490.214609829214,10526.68117278343,10295.7262740734,10453.748046875,1554400
2021-12-07,10441.595591517857,10465.906640625,10174.174051339285,10210.640625,2650400
2021-12-08,10332.19367825255,10332.19367825255,10113.394282713085,10125.5498046875,1567400
2021-12-09,10210.638224774097,10405.12657191265,10089.0830078125,10089.0830078125,2093100
2021-12-10,10089.083622415266,10125.550189725202,9760.884516625854,9773.0400390625,3488000
2021-12-13,9845.97388268696,9991.84016243047,9821.66283606304,9833.818359375,1205800
2021-12-14,9821.662813268758,9906.751476254996,9602.863394161284,9882.4404296875,2238100
2021-12-15,9906.751476254996,10101.239848794972,9760.885196850015,9882.4404296875,2508100
2021-12-16,9931.060853271485,10003.99398071289,9700.105949707031,9724.4169921875,1976500
2021-12-17,9845.973303355502,10052.6171875,9845.973303355502,10052.6171875,2974200
2021-12-20,10052.616818088716,10052.616818088716,9724.417720037452,9736.5732421875,1943300
2021-12-21,9760.884459252451,9967.528339460783,9760.884459252451,9918.90625,1192600
2021-12-22,9967.528884925558,10052.617546138337,9797.3515625,9797.3515625,1422700
2021-12-23,9821.661646664588,9894.594777704177,9724.417471945137,9748.728515625,1118400
2021-12-24,9736.573471752565,9845.973173682369,9663.640337132696,9773.0400390625,1108800
2021-12-27,9797.3515625,9821.662608560795,9748.729470378412,9797.3515625,584700
2021-12-28,9797.351080500732,10429.43824698465,9797.351080500732,10392.9716796875,4824700
2021-12-29,10380.816699796598,10405.127745931954,10222.79489991679,10271.4169921875,1474700
2021-12-30,10234.949831495098,10234.949831495098,9858.12863817402,9918.90625,2800400
2022-01-03,9408.374216261944,9663.640183369826,9396.218694018711,9542.0849609375,6248000
2022-01-04,9554.241391056305,9712.263195234082,9542.085867658014,9687.9521484375,3148100
2022-01-05,9797.350602984725,10076.927605303148,9724.417471945137,9748.728515625,3537100
2022-01-06,9748.728839072453,9773.039883558919,9505.618394207802,9542.0849609375,3597300
2022-01-07,9675.795631437266,9906.750552288155,9578.551454236891,9736.5732421875,4142100
2022-01-10,9773.039559304863,9833.81716850452,9712.261950105205,9748.728515625,997200
2022-01-11,9894.594509951983,10052.616289594951,9785.194816353005,9809.505859375,2554500
2022-01-12,9858.12794541899,9943.216595995973,9773.039294842007,9809.505859375,1386900
2022-01-13,9943.21822616429,10113.395555218447,9870.28508514108,10016.1513671875,2109100
2022-01-14,10089.08252660779,10149.860132189766,9967.527315443842,10064.771484375,1899700
2022-01-17,10186.328330713757,10283.572515255179,10137.706238443048,10271.4169921875,2603100
2022-01-18,10320.038156278135,10429.437854047868,10028.305628892182,10125.5498046875,3156200
2022-01-19,10149.861556533413,10295.727830399761,9991.839759844868,10186.328125,1383200
2022-01-20,10186.327414559573,10259.260546406062,10089.083238764255,10125.5498046875,1465800
2022-01-21,10089.083486703727,10149.86109806941,9991.839308518629,10113.39453125,1176700
2022-01-24,10113.393459302326,10453.748046875,10076.92689634811,10453.748046875,4409400
2022-01-25,10490.216385085394,10587.460569419905,10234.950401207303,10320.0390625,2437700
2022-01-26,10320.039266711083,10490.216592663915,10271.417173581702,10405.1279296875,2321800
2022-01-27,10405.128236103274,10769.7939453125,10380.817188822659,10769.7939453125,5322500
2022-01-28,10781.948413248338,11037.214384700665,10636.082143847007,10964.28125,3732600
2022-01-31,10964.281432682592,11012.903523293158,10514.527094534858,10526.6826171875,3660000
2022-02-02,10526.681940577375,10611.770593676729,10283.571503150644,10368.66015625,2195200
2022-02-03,10380.816744604988,10417.283313965427,9906.75134291928,10174.1728515625,3394600
2022-02-04,10174.172142615686,10295.727365347055,10064.772442157451,10113.39453125,1219500
2022-02-07,10222.794423747035,10368.660693764827,10210.638901245551,10247.10546875,2379600
2022-02-08,10356.50472220138,10380.81576615021,10113.394282713085,10125.5498046875,4245300
2022-02-09,10222.794550871464,10526.6826171875,10174.172460260897,10526.6826171875,3160900
2022-02-10,10550.993745404412,10575.304790900736,10307.883290441177,10332.1943359375,1934600
2022-02-11,10332.193973214286,10636.08203125,10283.571883928571,10636.08203125,2595900
2022-02-14,10636.082307072997,11170.92530308581,10636.082307072997,11146.6142578125,5991900
2022-02-15,11146.61464739305,11377.569585561498,11085.837032085561,11365.4140625,3541700
2022-02-16,11401.878658729367,11535.589389268836,11280.32344914803,11414.0341796875,3412500
2022-02-17,11377.56967491839,11389.725198075354,11085.837119151252,11170.92578125,2998100
2022-02-18,11085.83588676948,11268.168713854506,10988.591712324134,11231.7021484375,1670700
2022-02-21,11243.85814955116,11401.87993976107,11219.547104903482,11256.013671875,1498600
2022-02-22,11353.25931522764,11389.725886903962,11122.304361277613,11280.326171875,2174400
2022-02-23,11535.5912551323,11717.924098996351,11389.72498004106,11657.146484375,4480000
2022-02-24,11912.41188310936,13298.141428695551,11803.012182142029,13115.80859375,19453000
2022-02-25,13127.965162253984,13468.319814608716,12957.787836076617,12969.943359375,8341200
2022-03-01,13298.140577319733,13832.983525584877,13298.140577319733,13444.0068359375,8939000
2022-03-02,13869.449270833333,14209.803854166666,13577.716770833333,13674.9609375,7478400
2022-03-04,14234.115730592386,14294.893338323354,13857.294562660394,14209.8046875,12324500
2022-03-07,14586.624259663342,14683.86842139443,14404.29145641755,14623.0908203125,11311000
2022-03-08,14489.383123067579,14489.383123067579,13626.341007515735,13760.0517578125,9665100
2022-03-09,13808.672956946943,14173.338616021245,13419.696253934351,13516.9404296875,7098500
2022-03-10,13261.67605461556,13456.164429385359,12726.833023998619,13200.8984375,7828000
2022-03-11,12811.920759444316,13602.02972468519,12775.454191817815,13152.275390625,3818000
2022-03-14,13298.142131589217,13310.29765456142,12520.188661368276,12653.8994140625,5760100
2022-03-15,12641.742951355276,12763.298172041385,12398.63250998306,12556.654296875,3423100
2022-03-16,12653.89874522127,13115.80859375,12641.743222891566,13115.80859375,3449600
2022-03-17,13127.963997148288,13176.586086026617,12690.365197243345,12787.609375,4173600
2022-03-18,12836.231580166821,13237.363817047035,12787.609490848008,13115.80859375,3322300
2022-03-21,13115.809891863566,13127.965415396342,12884.854944740853,12957.7880859375,3184500
2022-03-22,12921.320404443271,13407.541303951954,12897.009359467836,13298.1416015625,5209400
2022-03-23,13516.941837956772,13662.808116783644,13480.475268250055,13638.4970703125,5351500
2022-03-24,13857.295044823515,13966.694742545806,13371.074166057779,13516.9404296875,11516500
2022-03-25,13614.185199386502,13905.917739373355,13614.185199386502,13869.451171875,9149000
2022-03-28,13881.60724885541,14319.20607631495,13881.60724885541,14270.583984375,6139800
2022-03-29,14294.895855802415,14416.451092671485,13905.919097821397,14088.251953125,6603800
2022-03-30,14100.406139673432,14124.717184741836,13687.118373510591,13772.20703125,8894300
2022-03-31,13808.673311624343,14003.161668126095,13808.673311624343,13881.6064453125,7237200
2022-04-01,13905.918649718127,14015.318359375,13820.82998665167,14015.318359375,12158600
2022-04-04,14580.604492187498,14580.604492187498,14580.604492187498,14580.6044921875,2043100
2022-04-05,14037.059387847057,14322.420711317327,13914.76167778837,14254.4775390625,9575000
2022-04-06,14403.951905401584,15083.3835990526,14403.951905401584,15015.4404296875,10995200
2022-04-07,15029.028009751262,15137.737073112936,14308.830464980181,14784.4326171875,8539200
2022-04-08,14770.844601271043,15029.02863753981,14702.901433831894,14933.908203125,5062600
2022-04-11,15029.02863753981,15409.510375199045,14798.021868246702,14933.908203125,7191100
2022-04-12,14920.31943221831,14974.673965669013,14471.89453125,14471.89453125,4635900
2022-04-13,14838.786539208075,15382.33183368456,14838.786539208075,15314.388671875,8244000
2022-04-14,15327.98042043949,15463.86677168452,15124.150893571943,15382.3349609375,4332900
2022-04-18,15327.976738774818,15450.274425520362,15001.849574120035,15056.2041015625,5527100
2022-04-19,15192.092893145164,15192.092893145164,14702.902066532259,14743.66796875,5017300
2022-04-20,14933.90908167156,15001.852253107736,14512.661418767266,14757.2568359375,4644800
2022-04-21,14865.966098690995,15151.327422340455,14730.079754096012,14825.2001953125,4943900
2022-04-22,14811.611560853002,14974.67517436698,14648.547947339024,14825.2001953125,4347500
2022-04-25,14621.370160914179,14662.136062849813,14458.306553171642,14567.015625,4055000
2022-04-26,14567.01385753327,14621.368386852422,14295.241210937498,14295.2412109375,3972400
2022-04-27,14295.243765855628,14798.02325191709,14295.243765855628,14730.080078125,3240100
2022-04-28,15015.439865757042,15436.6875,14906.730798855633,15436.6875,8582400
2022-05-09,15654.10409369527,15953.053998262369,15232.85650089618,15518.2177734375,9592100
2022-05-10,15137.738167161617,15654.106255448998,14784.433685701832,15586.1630859375,10687300
2022-05-11,16252.00629865917,16714.019855644463,15708.460937499998,15708.4609375,9993500
2022-05-12,15708.460679290252,16537.36734143273,15708.460679290252,16034.587890625,9475000
2022-05-13,16306.358968676124,17298.329139270587,16224.827173832742,17243.974609375,10436500
2022-05-17,17393.45157657658,18249.535521361206,17311.919772311376,18100.060546875,7142300
2022-05-18,18235.947250600962,18439.77676532452,17420.629191706732,17665.224609375,7790700
2022-05-19,17366.274639184223,17570.104153728636,16985.79287870131,17094.501953125,6494300
2022-05-20,17216.798971432963,17977.762461883038,17216.798971432963,17964.173828125,4831400
2022-05-23,18100.060724971507,18371.833408529637,17773.93350470175,17882.642578125,4005000
2022-05-24,17773.932955512482,18127.237433221446,17760.344321754445,17964.173828125,2605000
2022-05-25,17787.52296980892,18263.125188253012,17719.57979574548,18045.70703125,4143500
2022-05-27,18263.125856164384,18290.303126783674,17760.346349707477,17855.466796875,2862400
2022-05-30,17936.99570610687,18018.527504770995,17719.57757633588,17801.109375,2608600
2022-05-31,18004.940325055806,19024.087890625,17964.174422433036,19024.087890625,6144000
2022-06-02,18969.733254100578,19024.087790645277,18697.960571377072,18847.435546875,3166300
2022-06-03,18956.144254627146,19431.74644022711,18942.55562075286,18996.91015625,3304700
2022-06-06,19078.441872999643,19309.448647815167,18942.555534872863,19105.619140625,2317600
2022-06-07,19132.798696844995,20111.180448388204,19132.798696844995,19812.23046875,4236300
2022-06-08,19703.519028382823,19812.228098884243,19037.67597156161,19105.619140625,4462200
2022-06-09,19105.619695870537,19200.740135323664,18915.378816964287,19024.087890625,3010800
2022-06-10,18806.668093448403,18915.37715757238,18235.94550679751,18303.888671875,5146600
2022-06-13,17665.225443025916,18018.529951886434,17284.74366425305,17828.2890625,6138600
2022-06-14,17393.450570342207,18154.414032794677,17379.861937084126,17869.052734375,4035500
2022-06-15,17869.054108393782,17923.408645605625,17012.970147307235,17094.501953125,5585900
2022-06-16,17665.223590874233,18100.059863880368,17542.925889091257,17719.578125,4152600
2022-06-17,17638.046666175313,17638.046666175313,17067.32404677673,17284.7421875,4871500
2022-06-20,17366.273212859425,17379.861846046326,16714.01881988818,17012.96875,5023500
2022-06-21,17597.28290549185,17977.764698043025,17366.276102871496,17923.41015625,5879200
2022-06-22,17977.763485157433,18208.770272192716,17515.749911086874,17909.8203125,6384300
2022-06-23,17896.230532438858,17896.230532438858,17311.919284986412,17502.16015625,3586600
2022-06-24,17651.63512652853,17746.755562160324,17434.216987941574,17502.16015625,1772300
2022-06-27,17502.158626379038,17583.690421222418,17121.67691710993,17243.974609375,3568600
2022-06-28,17257.56437059859,17488.571137764084,17176.032570422536,17366.2734375,1780900
2022-06-29,17352.68572344617,17352.68572344617,17067.32440771213,17135.267578125,2363100
2022-06-30,16863.494782115933,17026.55839000102,16578.133468317035,16673.25390625,4094800
2022-07-01,16673.25369809013,16945.026374505618,16279.183317287676,16319.94921875,4248800
2022-07-04,16319.95042767263,16578.13448939268,15885.114113196756,16333.5390625,5241900
2022-07-05,16591.72138671875,17936.99609375,16591.72138671875,17936.99609375,7752100
2022-07-06,17665.223846435547,17665.223846435547,17162.444398498534,17393.451171875,3938600
2022-07-07,17393.451726844585,17556.515336783752,17216.79948274382,17311.919921875,1583200
2022-07-08,17678.811367731716,17936.995392318113,17556.513671875,17556.513671875,2994600
2022-07-11,17542.927171003485,17665.22488172311,16972.204520978587,17053.736328125,5211800
2022-07-12,17284.742504222973,18290.301423493805,17230.387968046172,18100.060546875,6715600
2022-07-13,18317.477498613167,18548.48426231971,17936.995770155325,18371.83203125,5676500
2022-07-14,18371.83509368112,18725.139614713447,17909.821489254224,18494.1328125,4289900
2022-07-15,18371.832362689394,18371.832362689394,17936.99609375,17936.99609375,2910500
2022-07-18,17570.104176523466,18127.238183667676,17502.161004920516,17950.5859375,1613300
2022-07-19,17855.465416666666,18399.010787037034,17733.16770833333,18344.65625,2600100
2022-07-20,18534.89406089391,18657.191748978985,18426.185004818282,18507.716796875,2552800
2022-07-21,18534.89890075952,18684.373891894676,18412.601180739843,18562.076171875,2086300
2022-07-22,18602.838053501426,19200.73788867605,18466.951727325373,19064.8515625,2944700
2022-07-25,19078.444849991083,19404.572112384092,19037.678942191957,19051.267578125,3452400
2022-07-26,19200.73986953564,19350.21484375,19146.38533345769,19350.21484375,2353300
2022-07-27,19635.57753379057,21306.979635282776,19635.57753379057,21143.916015625,8455200
2022-07-28,21157.50427768028,21728.226936423103,20872.142948308872,21293.390625,5124000
2022-07-29,21374.923448350695,21660.284791272097,21293.391636087435,21524.3984375,3919800
2022-08-01,21524.397411809816,22217.41778302339,21306.97925613497,22149.474609375,4759700
2022-08-02,22149.475088443396,22149.475088443396,21551.57514740566,21605.9296875,3257300
2022-08-03,21605.926557647515,22067.94008152174,21605.926557647515,21877.69921875,2597500
2022-08-04,21755.40137090538,21850.521801633884,21347.742382068926,21415.685546875,4096900
2022-08-05,20926.497936320753,21904.87965801887,20926.497936320753,21605.9296875,4714300
2022-08-08,21306.980271464647,21551.57570825442,21198.271188446968,21524.3984375,2988500
2022-08-09,21687.459092409885,21986.40902977393,21687.459092409885,21864.111328125,3062400
2022-08-10,21959.23344447891,22434.835653981856,21836.935733463866,21904.87890625,3540200
2022-08-11,21687.458963597073,21687.458963597073,20382.95015375665,20437.3046875,23464200
2022-08-12,20410.12687293046,20858.5517642798,20124.76557843543,20518.8359375,5979400
2022-08-15,20546.01487097855,20777.02165193532,20274.2421875,20274.2421875,3763000
2022-08-16,20274.242458915192,20437.306071185285,19839.40615952827,19948.115234375,4011900
2022-08-18,20165.53432298743,20437.307022758152,19948.116163170856,20002.470703125,4406500
2022-08-19,20165.533026041667,20777.02156119792,20138.3557578125,20382.951171875,4180700
2022-08-22,20532.42689524484,20681.901875951455,19839.40653015054,20084.001953125,3640900
2022-08-23,20083.99854217729,20831.37331878064,20083.99854217729,20790.607421875,4437100
2022-08-24,20722.66824342798,21008.02957661617,20437.306910239793,20967.263671875,3148700
2022-08-25,20994.441222351867,21089.561668019483,20790.611695921267,20926.498046875,2497400
2022-08-26,21048.795762733364,21062.384397828737,20844.96623630276,20926.498046875,1431800
2022-08-29,20722.66662057522,21605.92782079646,20464.482577433628,21497.21875,4071400
2022-08-30,21633.104896559926,21728.22533266289,21361.33222198003,21429.275390625,3922200
2022-08-31,21402.097932072997,21429.275199288328,21021.61619105837,21361.33203125,2139400
2022-09-01,21429.27578416511,21918.466607392722,21306.97807835821,21850.5234375,3847700
2022-09-02,21959.232145614576,22149.47301816322,21932.05487810763,21999.998046875,3092700
2022-09-05,22013.58746144242,23535.51449581375,22013.58746144242,23127.85546875,6620800
2022-09-06,23467.573715823073,24174.182768065577,23467.573715823073,24011.119140625,6097400
2022-09-07,23915.99535065304,24242.122559980126,23494.747705272217,23929.583984375,3380800
2022-09-08,23698.57506594373,23834.46139086313,23155.02976626612,23182.20703125,3430300
2022-09-09,23222.976288634236,23630.635322372695,22733.785448148083,23549.103515625,2177800
2022-09-12,23630.63339042011,23888.81742401297,23345.272090133265,23834.462890625,1410100
2022-09-13,23956.761704174438,23970.350338152984,23630.634488689364,23671.400390625,1372800
2022-09-14,23372.450443097016,23861.641266324626,23318.095907182837,23671.400390625,2373100
2022-09-15,23834.462342418326,24595.4257923473,23834.462342418326,23915.994140625,4380700
2022-09-16,23915.995610247555,24038.293315072686,23426.804790947037,23603.45703125,3268100
2022-09-19,23562.69414362803,23562.69414362803,22828.907820816083,22978.3828125,3629500
2022-09-20,23046.327308491684,23345.27730895561,22652.256853334693,22883.263671875,2198500
2022-09-21,22665.8388034612,23182.20683375588,22339.71162643298,23114.263671875,2512200
2022-09-22,23127.854223925613,23902.406333657553,22964.790621876786,23793.697265625,3224100
2022-09-23,23603.454410901373,23603.454410901373,23222.97270479588,23508.333984375,2386000
2022-09-26,23100.676263619855,23100.676263619855,22298.946910941286,22448.421875,7422300
2022-09-27,22760.960744526572,22883.258444049403,22557.131245321856,22693.017578125,3284200
2022-09-28,22611.488939393937,22788.14119673295,22421.248046874996,22421.248046875,2549200
2022-09-29,22665.841886295184,22801.72822853916,22475.601007153615,22557.1328125,2796900
2022-09-30,22394.069477972236,22733.785337771573,22190.239962092637,22516.3671875,2546700
2022-10-03,22557.133007117438,22910.4375,22543.5443727758,22910.4375,1531800
2022-10-04,22951.20253884131,24011.115977579982,22951.20253884131,23997.52734375,5310500
2022-10-05,24051.882615395643,24133.414420871562,23698.578125,23698.578125,1903000
2022-10-06,23698.577276991917,24051.881754745235,23535.513671875,23535.513671875,1522600
2022-10-07,23549.099195785173,23943.169522777538,23426.801508097888,23807.283203125,1810700
2022-10-10,23345.271412123362,23345.271412123362,22774.548828125,22774.548828125,3768300
2022-10-11,22937.614480290766,23100.67809034023,22611.487260191847,22665.841796875,2429800
2022-10-12,22937.613088606653,23059.91078872363,22693.017688372696,22869.669921875,2321700
2022-10-13,23250.15270795037,23481.15948529412,23073.500466452206,23100.677734375,2434700
2022-10-14,23236.56349684718,23304.506664966615,22896.847656249996,22896.84765625,1448700
2022-10-17,22910.436395759716,23263.740871613663,22828.904593639578,23073.5,1701300
2022-10-18,23209.385082599943,23277.328247361653,22652.251131553923,22774.548828125,2349200
2022-10-19,22774.548828125,22937.612423553102,22611.485232696898,22774.548828125,2439600
2022-10-20,22788.14205107343,23875.23290622303,22788.14205107343,23617.048828125,8048300
2022-10-21,23671.40057956497,23848.05282269605,23535.514238694905,23739.34375,1903100
2022-10-24,23807.28647013024,24092.64778055988,23698.577399490376,23997.52734375,2189400
2022-10-25,23997.527517857143,24065.470687499997,23372.450357142858,23780.109375,2557800
2022-10-26,23807.285970231533,24690.547150633956,23657.811001240352,24649.78125,4555800
2022-10-27,24649.780000959126,24812.843595232283,24337.241445268904,24350.830078125,2237800
2022-10-28,24323.655129228664,24445.952836582328,24092.648348671744,24201.357421875,1619400
2022-10-31,24269.302539279273,24609.01842028822,24269.302539279273,24486.720703125,2254600
2022-11-01,24119.823324144876,24119.823324144876,22883.257734005616,22991.966796875,6919800
2022-11-02,23114.26786113596,23372.451923076926,22665.842911449017,22788.140625,3682500
2022-11-03,23657.812222262044,24269.300763331423,23508.337245556195,23698.578125,10199900
2022-11-04,23684.989490754015,23902.407638689794,23589.86905103211,23698.578125,3471500
2022-11-07,23712.16554835413,23943.17231873924,23562.69057928141,23684.98828125,3640800
2022-11-08,23671.40188245346,23671.40188245346,23209.388298065736,23358.86328125,6013300
2022-11-09,23073.501956618966,23141.445130813954,22760.963355322005,22788.140625,9618300
2022-11-10,22244.59250798181,22353.301573384288,21510.806316515092,21945.642578125,14213600
2022-11-11,22734.54296875,23309.717824151132,22734.54296875,22734.54296875,15699400
2022-11-14,22719.404889129884,22916.175217949796,22401.545127190027,22462.08984375,3595300
2022-11-15,22583.182091743878,22901.041893303274,22492.365005584048,22870.76953125,4536500
2022-11-16,23188.6302734375,23249.175,22855.63427734375,23006.99609375,4292000
2022-11-17,22991.858497955705,23037.26704008465,22734.543425891683,23022.130859375,2408000
2022-11-18,23128.082974137928,23294.58095366379,22916.176454741377,23264.30859375,3089700
2022-11-21,23612.44192216981,24172.48060878538,23445.943934257077,24066.52734375,4092900
2022-11-22,24217.889165159737,25186.604731766125,24217.889165159737,25110.923828125,5371800
2022-11-23,25110.921670836484,25459.053797677494,25004.96841484139,25050.376953125,3996700
2022-11-24,25126.057923169268,25413.645333133256,25110.92174369748,25216.875,2409500
2022-11-25,25247.149334720525,25307.694057345754,24641.702108468235,24777.927734375,2128800
2022-11-28,24777.9284694732,25110.924453791107,24777.9284694732,24853.609375,1678300
2022-11-29,25141.19644540584,25383.375339521728,25141.19644540584,25337.966796875,2593300
2022-11-30,25428.781717814374,25640.688232129494,25216.875203499254,25277.419921875,2696900
2022-12-01,25489.327925037203,25610.417368861607,25277.421398344493,25428.783203125,1911000
2022-12-02,25353.099529559793,25353.099529559793,25095.784489558293,25186.6015625,1270400
2022-12-05,25383.374202952666,25383.374202952666,24641.701372931988,24702.24609375,2022300
2022-12-06,24747.65114091082,25004.966168064024,24414.655223418446,24823.33203125,1815900
2022-12-07,24959.559338866005,25065.512592578598,24444.92924940485,25035.240234375,1853600
2022-12-08,25020.104578672737,25020.104578672737,24293.567966587867,24611.427734375,2199200
2022-12-09,24611.42881916799,24626.56499925358,23672.985653861462,23763.802734375,2919700
2022-12-12,23763.80306234336,24278.43319235589,23370.262374686718,24157.34375,1510400
2022-12-13,23975.709458386278,24021.11799902716,23763.80293539549,23824.34765625,1413700
2022-12-14,24036.253573495367,24671.97312644676,24036.253573495367,24520.611328125,1950400
2022-12-15,24535.746558086983,24671.972171302765,24233.02297316302,24384.384765625,1530800
2022-12-16,24217.8860067734,24581.154296874996,24096.79657673953,24581.154296875,1927300
2022-12-19,24596.294044349263,24656.838768150737,24369.25133009373,24626.56640625,955500
2022-12-20,24671.97319512569,24989.83297248621,24490.33903663397,24687.109375,2699700
2022-12-21,24762.78731897866,24914.14909965701,24596.28936023247,24823.33203125,1986700
2022-12-22,24929.285277724848,25065.510880335365,24717.378784775152,24823.33203125,1654700
2022-12-23,24853.60647341932,24853.60647341932,24581.15524533068,24717.380859375,922100
2022-12-26,24823.33471921411,24914.151797455135,24369.249328008973,24460.06640625,1133500
2022-12-27,24399.520404697207,24444.928941430513,24323.839510141694,24369.248046875,652000
2022-12-28,24581.15858589824,24581.15858589824,23975.71133008794,24096.80078125,1554000
2022-12-29,24217.88724554707,24217.88724554707,23794.074218749996,23794.07421875,1706200
2022-12-30,23824.34650514494,23900.027402556454,23597.303812910395,23627.576171875,2089700
2023-01-02,23642.71302625868,24217.88786300505,23642.71302625868,23975.708984375,715600
2023-01-03,23975.706866197183,24005.97922335147,23627.574758922852,23642.7109375,1454700
2023-01-04,23642.711200345602,23672.983557836444,22704.26811812958,22719.404296875,3524000
2023-01-05,22719.405827702703,22719.405827702703,21205.787851173543,21281.46875,5661500
2023-01-06,21251.19398834746,21871.77728857698,20887.925715042376,21432.828125,3838200
2023-01-09,21432.830818965514,21644.73733836207,20751.70272090517,21069.5625,2579100
2023-01-10,21069.563149238227,21871.780711673306,20781.975721195464,21856.64453125,2876500
2023-01-11,21856.645947028763,22159.369575103952,21372.288142108457,21841.509765625,2119700
2023-01-12,21780.962610607075,21780.962610607075,21084.698343693995,21114.970703125,3028100
2023-01-13,21251.19572193697,21478.238411273902,21251.19572193697,21372.28515625,1176400
2023-01-16,21372.284201265145,21372.284201265145,20978.743557332502,21236.05859375,1065900
2023-01-17,20918.199325883437,21523.646484375,20918.199325883437,21523.646484375,1655200
2023-01-18,21750.694393382353,22098.826593137255,21493.379289215685,21614.46875,1969900
2023-01-19,21220.923594916047,22386.409412896457,21220.923594916047,22310.728515625,1497700
2023-01-20,22401.546141144816,23415.67018942637,22371.27378149462,23203.763671875,2872300
2023-01-24,23006.993125,23022.1293046875,22568.043914062502,22704.26953125,2093300
2023-01-25,22704.267999229978,22704.267999229978,22113.95703125,22113.95703125,1835900
2023-01-26,21478.23854259342,21629.600336410145,21130.106416814946,21266.33203125,4227400
2023-01-27,21493.37620109072,21886.916892096608,21493.37620109072,21856.64453125,2506100
2023-01-30,21856.64263017181,22113.95767498685,21523.64668982293,21584.19140625,1598200
2023-01-31,21493.376397401586,21917.189453125,21342.014591786083,21917.189453125,2913800
2023-02-01,21644.738762654048,21780.964391230194,21493.376953125,21493.376953125,1775400
2023-02-02,21326.876207487534,21629.599787437677,21251.1953125,21251.1953125,1900900
2023-02-03,21251.197073304156,21387.422695568926,20721.430764496716,20751.703125,2638800
2023-02-06,20751.702857093474,21024.154098105642,20358.162175631453,20524.66015625,2450000
2023-02-07,21175.515307951628,22416.682037938786,21069.5620505137,22098.822265625,6081400
2023-02-08,22250.18522225589,22386.410846065617,21508.512381514025,21856.64453125,1951200
2023-02-09,21311.74399293286,21614.46762919611,21160.382174801238,21417.697265625,1651100
2023-02-10,20827.387216325034,20948.476676885064,20539.799747494966,20676.025390625,3286100
2023-02-13,21009.017183064232,21493.374927918736,21009.017183064232,21326.876953125,2420600
2023-02-14,21342.012928158365,21478.23854259342,21114.970237433274,21266.33203125,1465900
2023-02-15,21387.422077617768,21765.826572975475,21387.422077617768,21447.966796875,1913000
2023-02-16,21614.462261652545,21675.00697387006,21342.01105667373,21432.828125,724800
2023-02-17,21342.012928158365,21357.149107540037,21099.8340580516,21266.33203125,1484300
2023-02-20,21251.19805787852,21508.513134077904,21114.972429302376,21493.376953125,1347000
2023-02-21,21493.375266714083,21735.554142958747,21220.924030938833,21281.46875,1218400
2023-02-22,21735.553534566057,21735.553534566057,21402.557589050422,21538.783203125,1457100
2023-02-23,21675.009966922004,21992.869749956477,21629.60142648851,21735.5546875,3500600
2023-02-24,21932.32380942054,22144.23031965649,21599.327864764055,21811.234375,3271400
2023-02-27,21811.23686584388,21992.87103821732,21690.14741759492,21826.373046875,2007000
2023-02-28,21841.5085921749,22840.496511151716,21826.372411584343,22522.63671875,4923200
2023-03-01,22522.63577586207,22583.180495689652,22250.184536637928,22386.41015625,2432500
2023-03-02,22507.502099609374,23006.99609375,22386.412646484372,23006.99609375,2904700
2023-03-03,23052.39964179842,23309.714673913044,22795.084609683792,22976.71875,1869200
2023-03-06,22885.90126241722,22885.90126241722,22522.632988410598,22855.62890625,1422400
2023-03-07,22568.045400595038,22779.95193017809,22416.68359375,22416.68359375,1277800
2023-03-08,22356.136287155754,22946.447265624996,22129.09360312912,22946.447265625,3387800
2023-03-09,23006.99386815515,23218.900390625,22795.0873456853,23218.900390625,2594100
2023-03-10,23188.62938875657,23188.62938875657,22946.450491746058,23037.267578125,1416000
2023-03-13,23037.267018649192,23551.897162298388,23022.130837953628,23461.080078125,3822400
2023-03-14,23491.348294696465,23491.348294696465,22598.3137912254,22689.130859375,3227400
2023-03-15,22764.81311840369,23203.762307521847,22719.404581598366,22946.447265625,2000900
2023-03-16,22825.360330561158,22825.360330561158,21886.917133946572,22522.63671875,2838000
2023-03-17,22522.635967356688,23763.802734375,22522.635967356688,23763.802734375,13410000
2023-03-20,23642.712128803993,23642.712128803993,22976.72023785177,23128.08203125,1215800
2023-03-21,23249.172750977836,23370.26219238918,23022.130048331568,23218.900390625,1184700
2023-03-24,23249.171875,23370.26131184896,23158.35479736328,23249.171875,1471500
2023-03-27,23309.71875,23521.62528409091,23128.08457792208,23309.71875,3260500
2023-03-28,23430.803423930145,24066.52289667244,23370.258712240404,24051.38671875,4144700
2023-03-29,24096.798885569853,24823.33553538603,24096.798885569853,24702.24609375,5353500
2023-03-30,24793.063332602105,25126.059299218254,23249.17294192725,23718.39453125,8988400
2023-03-31,23869.755320282755,24369.249248988737,23824.346781309487,23854.619140625,8890800
2023-04-03,24051.390487938595,24233.02465147243,24036.25430764411,24157.34375,5651200
2023-04-04,24460.069093152375,24702.247995064776,24293.5710980876,24535.75,5018800
2023-04-05,24535.746375496637,24793.061420767113,24338.97604676039,24762.7890625,3738800
2023-04-06,24823.332779255317,25126.05634973404,24762.788065159573,24899.013671875,5781000
2023-04-10,24944.426605504585,25110.924598623853,24429.79644495413,24747.65625,12093500
2023-04-11,27308.671875,27308.671875,27308.671875,27308.671875,634700
2023-04-12,25405.505859375004,25405.505859375004,25405.505859375004,25405.505859375,1914000
2023-04-13,24561.645310242053,25136.186721007947,24507.782052982748,24848.916015625,6879100
2023-04-14,24830.961977043182,24830.961977043182,24220.51171875,24220.51171875,5871600
2023-04-17,24202.55750363372,24202.55750363372,23125.29233284884,23161.201171875,6301500
2023-04-18,23215.063602617305,24364.146410480807,23215.063602617305,24202.556640625,4753400
2023-04-26,24418.01037822878,24615.508991582104,24220.51176487546,24328.23828125,3251100
2023-04-27,24382.102111816406,24382.102111816406,24058.922555106026,24130.740234375,1880500
2023-04-28,24130.738175675677,24148.69259396115,23807.558646537163,23915.28515625,2192500
2023-05-02,23915.28729281768,23951.196132596684,22748.25,22748.25,3841100
2023-05-03,22766.20444143701,23125.29283956693,21994.16438545768,22802.11328125,2839000
2023-05-04,22766.20294957899,22927.792718148557,22371.20573752005,22389.16015625,2089500
2023-05-05,21976.20934338111,22030.072601575674,21240.078148055436,21293.94140625,4819400
2023-05-08,21293.938938802083,21868.48029296875,21293.938938802083,21545.30078125,2527800
2023-05-09,21563.257766736402,21760.756380753137,21311.895894351463,21455.53125,1824400
2023-05-10,21473.48641219992,22012.119014512624,21473.48641219992,21688.939453125,1704700
2023-05-11,21042.580445954907,21150.306967009285,20288.494798574273,20306.44921875,5874300
2023-05-12,20108.950471698114,20306.44909240229,19767.816490481804,19983.26953125,2497500
2023-05-15,19983.269510135135,20360.31233108108,19893.49740990991,19929.40625,2256800
2023-05-16,20019.17761896307,20198.721812855114,19749.861328125,19749.861328125,1488900
2023-05-17,19749.8609419558,19767.81536099394,18780.32231389615,18888.048828125,4314300
2023-05-19,18816.229915232794,18816.229915232794,17738.96484375,17738.96484375,5010200
2023-05-22,18026.236353339125,18313.50705219712,17846.69216655288,18080.099609375,2899300
2023-05-23,18313.5071531526,18493.051340928607,18169.871802931797,18295.552734375,2028400
2023-05-24,18169.87162606463,18241.68930047595,17792.828835405184,17918.509765625,0
2023-05-25,17379.878134847688,17379.878134847688,16948.972065388654,17092.607421875,3226500
2023-05-26,16877.15495483528,17487.605240435707,16805.337274176407,16895.109375,1754500
2023-05-29,16895.108552519723,16966.926229682398,16284.658296636968,16500.111328125,2568000
2023-05-30,16589.884107529793,16787.38272785753,16392.385487202057,16571.9296875,2273100
2023-05-31,16230.795100635592,16284.658358712923,15889.6611328125,15889.6611328125,3356200
2023-06-05,16158.975360576924,16571.926953125,16033.29444110577,16338.51953125,3362700
2023-06-06,16913.063836457233,17164.42571937698,16751.474054580252,17002.8359375,3738400
2023-06-07,16877.154109238538,16913.062947768834,16374.430369814412,16446.248046875,2980700
2023-06-08,16769.42843384697,17092.6079968119,16625.793072529224,16895.109375,2706800
2023-06-09,16913.06306642723,17092.607260338347,16643.746775560554,16715.564453125,1522900
2023-06-12,16877.15561139862,17128.51750348328,16733.5202444931,16913.064453125,1999300
2023-06-13,16913.061178523938,16913.061178523938,16661.699335106383,16877.15234375,1178200
2023-06-14,16877.15495483528,17002.83589598831,16715.565173352818,16895.109375,1511000
2023-06-15,16895.10893806379,17505.559207876933,16787.382419861467,17415.787109375,2127900
2023-06-16,17649.195878886094,17792.831247178146,17254.198616082944,17397.833984375,3398900
2023-06-19,17236.244140625,17397.83392944336,16984.882246907553,17236.244140625,1177400
2023-06-20,17236.242163009403,17415.78635220742,17146.470068410395,17182.37890625,1397800
2023-06-21,17290.107403564452,17505.560455322266,17164.42645670573,17236.244140625,1590500
2023-06-22,17308.058565296567,17487.60274128512,17254.1953125,17254.1953125,1117500
2023-06-23,17308.061143436193,17397.83324480256,17164.42578125,17164.42578125,1705700
2023-06-26,17200.335298665366,17290.107403564452,17164.42645670573,17236.244140625,841300
2023-06-27,17272.152363989637,17326.015625,17236.243523316065,17326.015625,954200
2023-07-03,17487.60426956687,17864.647072093463,17487.60426956687,17721.01171875,2762400
2023-07-04,17738.966185171197,17990.328054191843,17738.966185171197,17828.73828125,1587300
2023-07-05,17846.691433676027,18062.144448971914,17846.691433676027,17900.5546875,2198700
2023-07-06,17918.5093460083,18511.00514602661,17900.554927825928,18385.32421875,2399800
2023-07-07,18241.690596705233,18277.599436462526,17792.83009973906,17846.693359375,3184900
2023-07-10,17882.60236830796,18421.234969763016,17882.60236830796,18277.599609375,1717900
2023-07-11,18277.599019249512,18528.960891812865,18277.599019249512,18421.234375,1222300
2023-07-12,18385.324752475248,18385.324752475248,18116.00847192141,18133.962890625,1113500
2023-07-13,18044.19133565512,18098.054593373494,17828.738304781626,17882.6015625,1610800
2023-07-14,17882.60165550595,18098.0546875,17846.692816840277,18098.0546875,1194700
2023-07-17,18169.870490720255,18385.323500491642,18133.961655758358,18259.642578125,1370500
2023-07-18,18295.552658957302,18349.415915068068,18098.05405321782,18133.962890625,967200
2023-07-20,18241.69013480392,18528.960845588233,18241.69013480392,18313.5078125,1604000
2023-07-21,18385.325863678805,19283.046853116244,18367.371443890057,19229.18359375,3412300
2023-07-24,19606.22548828125,20162.81247558594,19426.681298828124,20108.94921875,4262000
2023-07-25,20755.309505563124,20755.309505563124,19767.81640625,19767.81640625,4511100
2023-07-26,19893.495590277777,20288.49279513889,19893.495590277777,20198.720703125,2114900
2023-07-27,20288.49407267507,20324.40291174175,19965.314521074935,20126.904296875,1583800
2023-07-28,20108.949831838567,20108.949831838567,19444.636310608184,20019.177734375,1673400
2023-07-31,20019.175522748163,20073.038775275734,19534.40625,19534.40625,2968700
2023-08-01,19588.270082826966,19731.90542715567,19247.136140046296,19390.771484375,1748400
2023-08-02,19318.953675176057,19318.953675176057,19103.50066021127,19121.455078125,1254400
2023-08-03,19085.548986243677,19588.27276010522,19031.68572475851,19516.455078125,998200
2023-08-04,19749.85992739899,19767.81434551481,19534.406910009184,19552.361328125,1128700
2023-08-07,19552.361328125,19678.04225493572,19516.452491893368,19552.361328125,759400
2023-08-08,19695.997412420384,19749.86066878981,19552.36206210191,19731.90625,1059600
2023-08-09,19785.7703034157,20073.041015625,19660.08936682413,20073.041015625,1472500
2023-08-10,20108.949339207047,20557.80981552863,20108.949339207047,20378.265625,2871900
2023-08-11,20037.13272758152,20037.13272758152,19570.317807404892,19821.6796875,2156800
2023-08-14,19821.678539626002,20252.58459483526,19821.678539626002,20162.8125,1918600
2023-08-15,20288.494140625,20378.266238592365,20090.99552509679,20288.494140625,1193700
2023-08-16,20288.494777814714,20324.403618129432,20108.950576241135,20252.5859375,1196100
2023-08-18,20252.583932152407,20324.401605670675,20108.948585115864,20144.857421875,1275000
2023-08-21,20180.766967449068,20342.356738540744,20180.766967449068,20270.5390625,1253500
2023-08-22,20288.49509725765,21293.94264190051,20288.49509725765,21114.3984375,4285800
2023-08-23,21258.033203125,21509.395082216008,21240.07878318993,21258.033203125,2471700
2023-08-24,21186.215393171096,21186.215393171096,20755.309317377785,20934.853515625,2042800
2023-08-25,20827.126864655926,20827.126864655926,20539.85614928136,20611.673828125,1221100
2023-08-28,20791.216243851584,21114.395770958086,20791.216243851584,20988.71484375,1274400
2023-08-29,21168.260283320782,21258.03237951807,20827.126317771083,20863.03515625,974800
2023-08-30,20863.036491805913,21078.48953647172,20863.036491805913,20952.80859375,789900
2023-08-31,20898.94264531115,20934.851481471476,20773.26171875,20773.26171875,951300
2023-09-01,20827.12830425942,21024.626934730844,20827.12830425942,20970.763671875,479900
2023-09-04,21635.07513777492,22514.841678647095,21635.07513777492,22245.525390625,4750100
2023-09-05,22263.48044664511,22568.70558180073,22155.75392835489,22209.6171875,2757000
2023-09-06,22425.068968549036,22460.97780596865,22245.524781450964,22335.296875,2071000
2023-09-07,22299.390548780488,22299.390548780488,22048.028658536587,22083.9375,1954300
2023-09-08,22083.9375,22263.481707317074,21976.210975609756,22083.9375,2184600
2023-09-11,22083.93542631173,22245.525197723768,21545.302854938273,21814.619140625,6157600
2023-09-12,22117.654296875,22393.141094167036,22038.94378336299,22117.654296875,4173700
2023-09-13,22117.653728287158,22511.20628572999,22117.653728287158,22373.462890625,2239500
2023-09-14,22609.598281782368,23298.315374787053,22609.598281782368,23101.5390625,3756800
2023-09-15,23140.89286099138,23219.603380926725,22589.919221443964,22826.05078125,1882100
2023-09-18,22826.049408783783,22944.115181587837,22530.88497677365,22570.240234375,1121900
2023-09-19,22570.24159146013,22924.43893116918,22550.56396147629,22826.05078125,705900
2023-09-20,23101.537601023705,23101.537601023705,22826.05078125,22826.05078125,1258800
2023-09-21,22826.05180278019,22826.05180278019,22648.953125,22648.953125,939200
2023-09-22,22629.2721230266,22944.114169955665,22589.916867160464,22747.337890625,804300
2023-09-25,23101.537917159287,23101.537917159287,22786.695833109417,22885.083984375,991000
2023-09-26,22904.761163651314,22983.471683114036,22334.1098975466,22432.498046875,1566500
2023-09-27,22432.49752202643,22570.240927863437,22314.431745594713,22334.109375,1687600
2023-09-29,22373.46327316113,22904.759234792928,22373.46327316113,22806.37109375,1578700
2023-10-02,22707.98363597973,22826.049408783783,22570.240234375,22570.240234375,982100
2023-10-03,22570.24152949532,22570.24152949532,22038.945521390375,22078.30078125,1995300
2023-10-04,22038.945886948528,22038.945886948528,21389.584088493793,21409.26171875,2343400
2023-10-05,21409.261989553655,21409.261989553655,20622.156769349476,20720.544921875,2866400
2023-10-06,20681.19017677812,21035.387534705813,20622.15728379017,20818.93359375,1841300
2023-10-09,21133.773962436284,21507.648920803407,21114.09633304854,21232.162109375,2086600
2023-10-10,21527.32532300299,21645.391092598988,21330.549040343,21369.904296875,1633500
2023-10-11,21566.68390297998,21940.55889764843,21487.973377786624,21625.716796875,2127100
2023-10-12,21625.714159974395,21763.457562267224,21035.38529300512,21133.7734375,2027300
2023-10-13,21251.840676700365,21487.972239774816,21232.163046444162,21409.26171875,1230100
2023-10-16,21665.072059471677,21901.203635051752,21586.36153427832,21625.716796875,1108800
2023-10-17,21724.103411151405,21724.103411151405,21586.360001841567,21704.42578125,630500
2023-10-18,21665.069726913152,21960.234164609516,21547.003951834606,21920.87890625,938900
2023-10-19,21920.877379388417,22176.68654090731,21802.81161253354,21999.587890625,1233500
2023-10-20,21960.233479962255,22176.687394191275,21606.036165769314,22157.009765625,1273000
2023-10-23,22157.008401113013,22157.008401113013,21547.001953125,21547.001953125,1183900
2023-10-24,21547.0020600479,21822.48884437728,21547.0020600479,21566.6796875,522200
2023-10-25,21547.00337765195,21743.77966420585,21448.615234375,21448.615234375,996500
2023-10-26,21448.615499883614,21448.615499883614,21094.418179702046,21133.7734375,915500
2023-10-27,21173.12922121177,21369.9055150892,21153.45159182403,21232.162109375,637800
2023-10-30,21251.83861607143,21330.549129464285,20661.509765625,20661.509765625,1446900
2023-10-31,20622.15566093308,21114.09639711946,20484.412254800896,20877.96484375,1714600
2023-11-01,20720.543349228898,20838.60912329858,19697.306640625,19697.306640625,1972200
2023-11-02,19756.340366389988,20110.537703636026,19736.66273654299,19854.728515625,639200
2023-11-03,19953.11565646488,20169.569573842706,19953.11565646488,20031.826171875,830900
2023-11-06,20031.82507157651,20208.923721521685,19933.43693271808,20189.24609375,652800
2023-11-07,20110.536261865138,20130.213890301406,19953.115234375,19953.115234375,424000
2023-11-08,19992.471783367037,20031.827042783112,19362.787632709806,19461.17578125,855900
2023-11-09,19697.307549192734,19756.340438950556,19500.53125,19500.53125,742700
2023-11-10,19539.88487173038,19716.983526156942,19500.529615191146,19559.5625,433400
2023-11-13,19559.563718971633,19598.918977963527,19402.142683004055,19421.8203125,994700
2023-11-14,19421.81973046875,19815.37230859375,19421.81973046875,19677.62890625,684000
2023-11-15,19854.727302611343,20307.312761441928,19854.727302611343,19992.470703125,854800
2023-11-16,20307.314850663715,20307.314850663715,19933.439867948007,20012.150390625,692300
2023-11-17,20012.148648337832,20287.635453723015,20012.148648337832,20051.50390625,1029300
2023-11-20,20090.859689712524,20208.925466537476,20071.1820602417,20149.892578125,759300
2023-11-21,20169.570207595825,20189.24783706665,19953.116283416748,20149.892578125,733100
2023-11-22,20110.537004162587,20228.6027791381,20051.504116674827,20090.859375,527300
2023-11-23,20149.892051030423,20149.892051030423,20012.148648337832,20051.50390625,554900
2023-11-24,20071.18121770423,20110.53647499385,19972.793074480192,19992.470703125,340300
2023-11-27,19992.471819196428,20110.53759765625,19815.373151506697,19835.05078125,667600
2023-11-28,19835.04983108108,19913.760346283783,19657.951171875,19657.951171875,883400
2023-11-29,19677.6296021002,19677.6296021002,19402.1427876708,19441.498046875,1038500
2023-11-30,19461.17504335858,19500.53030128246,19303.75401166306,19323.431640625,750900
2023-12-01,19579.24081713022,19716.9842198638,19323.431640625,19323.431640625,760600
2023-12-04,19362.787004069178,19520.208036622585,19303.754116861648,19343.109375,1006800
2023-12-05,19362.78630610647,19441.496819545926,18851.16796875,18851.16796875,1826400
2023-12-06,18870.845170826782,18969.233310403564,18772.45703125,18772.45703125,1089800
2023-12-07,18772.4584595627,18890.524236037934,18575.6821654373,18674.0703125,1173100
2023-12-08,18772.459606933593,19047.946435546877,18752.78197631836,18890.525390625,1484400
2023-12-11,18733.1015625,18851.16732865021,18693.746307116595,18733.1015625,941600
2023-12-12,18752.78197631836,19087.301696777344,18713.42671508789,18890.525390625,779400
2023-12-13,18772.4568178834,18792.134445575102,18595.358168658087,18733.1015625,1346100
2023-12-14,18733.10272261163,18969.234269535307,18654.392206970406,18949.556640625,740500
2023-12-15,18949.558198332055,19579.242375223672,18929.880567804194,19244.72265625,1604300
2023-12-18,19244.721607050622,19382.465013236055,18929.87953576963,19047.9453125,1229900
2023-12-19,19047.94473114169,19343.10916395897,18910.201329160296,19303.75390625,509900
2023-12-20,19323.432684129282,20149.893145161288,19323.432684129282,19520.208984375,1644300
2023-12-21,19559.563237543705,19697.306640625,19421.819834462414,19697.306640625,595100
2023-12-22,19756.338950012327,19992.470491247535,19598.91792252219,19953.115234375,616800
2023-12-27,19953.115234375,20051.503376556335,19638.273179394724,19953.115234375,1044700
2023-12-28,19972.79349532782,20346.66844745711,19972.79349532782,20071.181640625,1272300
2023-12-29,20110.535582663255,20326.9894881518,19894.08167717471,20189.24609375,919800
2024-01-02,20149.891943127965,20799.253695201423,20110.53668542654,20759.8984375,1695100
2024-01-03,20700.866846177185,20700.866846177185,20208.92609412925,20267.958984375,1593300
2024-01-04,20366.34488442787,21094.41711701128,20366.34488442787,20936.99609375,2019700
2024-01-05,20976.354035364147,21133.775078781513,20956.676404936978,21074.7421875,1109500
2024-01-08,21114.096852657978,21566.68233971402,21114.096852657978,21330.55078125,1179200
2024-01-09,21330.550256313716,21468.29366202792,20976.352927334337,21232.162109375,1040300
2024-01-10,21291.19499753823,21566.681808966638,21212.484479987255,21232.162109375,920000
2024-01-11,21251.838998367537,21291.194255771923,21055.062711345618,21094.41796875,470400
2024-01-12,21094.418599257886,21369.905409322822,21094.418599257886,21212.484375,680500
2024-01-15,21369.905556267076,21645.392368226323,21369.905556267076,21606.037109375,2054500
2024-01-16,21625.712569856296,21645.390197308392,21330.548158074816,21566.6796875,779000
2024-01-17,21606.034942404196,21901.199354185675,21566.6796875,21566.6796875,1150300
2024-01-18,21586.359969586025,21606.037599458024,21271.517891633994,21330.55078125,908900
2024-01-19,21369.90477058069,21448.61528538946,20956.674567834656,21094.41796875,1435600
2024-01-22,21094.417589285713,21173.12810267857,20523.766367187498,20661.509765625,1127700
2024-01-23,20641.834589542108,20759.900373657696,20307.314867881272,20386.025390625,1207800
2024-01-24,20405.700535357057,20661.509703109845,20149.89136760427,20287.634765625,1111800
2024-01-25,20287.63596032634,21015.708249882187,20287.63596032634,20877.96484375,1247900
2024-01-26,20877.965573428723,21114.097135050913,20661.511641941714,21015.708984375,864100
2024-01-29,21074.74034004781,21133.773226154386,20956.674567834656,21094.41796875,784900
2024-01-30,21035.3859849488,21133.774132680082,20759.8991713012,20897.642578125,569200
2024-01-31,21055.0656878177,21409.26305452865,21055.0656878177,21291.197265625,837800
2024-02-01,21291.193504254694,21310.871132262324,20897.640944102113,20956.673828125,1201700
2024-02-02,20956.67408320424,21074.739852687082,20622.15440300286,20641.83203125,1271200
2024-02-05,20681.189140028626,20877.965440124048,20622.15625,20622.15625,717600
2024-02-06,20779.575281425892,20996.029190607413,20661.509512781427,20976.3515625,815500
2024-02-07,21015.708984375,21153.452395321277,20976.353724104632,21015.708984375,424600
2024-02-12,21055.0656878177,21448.618317496534,21055.0656878177,21291.197265625,910100
2024-02-13,21291.195625720047,21448.61666546659,21291.195625720047,21350.228515625,604000
2024-02-15,21448.616455303556,21547.004604181093,21251.840157548475,21310.873046875,1052200
2024-02-16,21369.905726034922,21409.26098519889,21251.839948543016,21271.517578125,555300
2024-02-19,21330.54983284884,21350.22746184593,21094.418284883723,21153.451171875,587100
2024-02-20,21192.807127528224,21251.84001646284,20877.965053210253,20917.3203125,1178700
2024-02-21,21173.13105671624,21173.13105671624,20759.90080375059,20838.611328125,976800
2024-02-22,20641.83139081975,20681.186646093,20464.732742090124,20523.765625,2016900
2024-02-23,20523.76809995229,20661.511510019085,20267.958909828245,20622.15625,1340300
2024-02-26,20622.154554263565,20641.83218265504,20307.3125,20307.3125,1321700
2024-02-27,20307.311720997124,20661.509018456374,20307.311720997124,20523.765625,970200
2024-02-28,20838.608952902843,20877.964210604267,20681.187922097157,20759.8984375,812400
2024-02-29,20779.577290076337,20936.998330152674,20563.123359971374,20622.15625,1201700
2024-03-01,20641.832137276786,20779.575535714284,20582.799252232144,20661.509765625,574800
2024-03-04,20681.187922097157,20976.35235485782,20661.510293246447,20759.8984375,1795200
2024-03-05,20818.93080870515,21409.259659613614,20818.93080870515,21389.58203125,2812200
2024-03-06,21389.583775561638,21507.649555371543,21251.84036578341,21350.228515625,1752800
2024-03-07,21330.5494133574,21901.20064305054,21251.838898916965,21802.8125,2561500
2024-03-08,21842.167544925407,21901.20043018196,21724.101774412295,21763.45703125,1098100
2024-03-13,21763.458210358796,21763.458210358796,21251.83984375,21251.83984375,2104000
2024-03-14,21291.19290317062,21704.423079664688,21271.51527571852,21566.6796875,1344900
2024-03-15,21566.68233971402,21960.23493715406,21330.55078125,21330.55078125,3447300
2024-03-18,21428.936188998287,21665.06771725171,21409.258561643834,21547.001953125,830100
2024-03-19,21547.003271349862,21586.35852846648,21409.25987144169,21428.9375,800200
2024-03-20,21428.93916855204,21822.49177036199,21428.93916855204,21743.78125,1673500
2024-03-21,21822.490339949323,22137.332400760137,21665.06930954392,21842.16796875,2232500
2024-03-22,21842.168179518885,22117.654985386693,21842.168179518885,21881.5234375,1236200
2024-03-25,22117.65477195946,22117.65477195946,21802.81271114865,21842.16796875,1650500
2024-03-26,21960.23384760351,21960.23384760351,21842.1680742293,21861.845703125,1067700
2024-03-27,21881.52219382146,22373.462890625,21881.52219382146,22373.462890625,2285300
2024-03-28,22432.498354108146,22648.952285595155,20996.031354239818,21015.708984375,7868300
2024-04-01,21015.7092740019,21015.7092740019,20464.735622623575,20700.8671875,2598500
2024-04-02,20700.864873769915,20996.029296875,20641.8319891489,20996.029296875,1748900
2024-04-03,21055.063444885312,21330.550256313716,21035.385815497568,21232.162109375,2480100
2024-04-04,21232.161793535084,21271.51705172514,20956.674986204693,21173.12890625,1331700
2024-04-05,21232.16158199488,21251.839210893853,21055.062921904097,21133.7734375,2061100
2024-04-16,21606.034942404196,21606.034942404196,21291.19290317062,21566.6796875,5801000
2024-04-17,21669.247684205755,21816.371577308997,21564.159189132013,21732.30078125,4189600
2024-04-18,21816.37316929846,22089.6032764284,21732.30236710463,21795.35546875,2177700
2024-04-19,21858.40770914397,21858.40770914397,21459.071414457685,21606.1953125,1532800
2024-04-22,21606.19592344819,21711.284425021382,21459.072021245724,21501.107421875,1050800
2024-04-23,21501.10766673298,21501.10766673298,21206.859858977103,21459.072265625,1003500
2024-04-24,21459.071161936023,21501.106560882028,21290.929566151997,21311.947265625,994300
2024-04-25,21290.92943138451,21290.92943138451,20954.64624194507,20996.681640625,1366500
2024-04-26,20996.683988360972,21185.84330357143,20597.34765625,20597.34765625,1283800
2024-04-29,20597.34547219439,20996.681761961423,20176.991482965932,20975.6640625,1155600
2024-04-30,21206.861328125,21269.914434155104,21038.719712044724,21206.861328125,1274700
2024-05-02,21227.87868269955,21438.05569935994,20891.595456042924,20933.630859375,814700
2024-05-03,21017.702039274925,21143.808251510574,20807.525018882174,20870.578125,607100
2024-05-06,21122.790198501276,21122.790198501276,20555.3122528699,20597.34765625,892000
2024-05-07,20597.34619140625,20912.611694335938,20597.34619140625,20849.55859375,390400
2024-05-08,20891.593276164942,21311.947265625,20849.557877218936,21311.947265625,1023900
2024-05-13,20681.415773960445,20912.61046249049,20198.008697943078,20723.451171875,2061100
2024-05-14,20681.418463010206,20849.56007653061,20597.34765625,20597.34765625,621700
2024-05-15,20639.38308399248,20681.4184874222,20261.064453125,20261.064453125,1212000
2024-05-16,20303.097414127067,20429.20360924587,20261.062015754134,20345.1328125,705700
2024-05-17,20345.133420950155,20387.168820580217,20219.02722205997,20240.044921875,1081800
2024-05-20,20240.045529469327,20576.32873660485,20240.045529469327,20471.240234375,792300
2024-05-21,20534.293828527705,20807.523940882733,20261.06371617268,20387.169921875,864500
2024-05-22,20597.34459307554,20597.34459307554,20345.13221030319,20450.220703125,559900
2024-05-27,20450.223024726158,20513.27612757732,20387.169921875,20387.169921875,651700
2024-05-28,20387.167727623455,20513.273919753086,20387.167727623455,20429.203125,592900
2024-05-29,20450.222411858973,20597.346314102564,20429.20471153846,20492.2578125,745800
2024-05-30,20492.256974887274,21017.699461422846,20282.079980273047,20975.6640625,1044000
2024-05-31,20996.681640625,21185.840934684686,20786.50464722535,20996.681640625,1656200
2024-06-03,21017.70201003469,21206.861328125,20849.560393954413,21206.861328125,1208500
2024-06-04,21206.858527236098,21522.12401574803,21164.82312876784,21353.982421875,1173200
2024-06-05,21206.859249245474,21227.87694919517,20849.558350100604,20891.59375,1071300
2024-06-06,20891.593007653708,20891.593007653708,20660.398316422128,20681.416015625,720300
2024-06-07,20681.417234848486,20807.5234375,20660.399534406566,20807.5234375,414700
2024-06-10,20807.52504877815,20807.52504877815,20387.17100738869,20534.294921875,880300
2024-06-11,20576.3299788479,20576.3299788479,20261.064453125,20261.064453125,1090100
2024-06-12,20261.061535493827,20450.220823688273,20240.043836805555,20429.203125,822100
2024-06-13,20429.20360924587,20471.239007618802,20345.1328125,20345.1328125,405700
2024-06-14,20387.168943282224,20408.186643223755,20176.991943866946,20219.02734375,693400
2024-06-19,20219.02623527487,20282.07933164267,19819.689958278796,20071.90234375,829300
2024-06-20,20092.919921875,20176.990716527198,20050.884524548903,20092.919921875,390100
2024-06-21,20092.922108569586,20513.27612757732,20092.922108569586,20387.169921875,749400
2024-06-24,20387.16770315769,20387.16770315769,20071.902223211953,20092.919921875,923700
2024-06-25,20134.956787109375,20176.9921875,19840.708984375,19840.708984375,1221400
2024-06-26,19882.74341435793,20050.885007714023,19840.708016018907,20008.849609375,595100
2024-06-27,20008.849851973682,20029.867551398023,19861.725956003287,19966.814453125,397500
2024-06-28,19966.813729896705,20155.973017864148,19945.796031233658,20092.919921875,819300
2024-07-01,20155.973161125774,20513.27404093718,20155.973161125774,20408.185546875,603300
2024-07-02,20408.18594140625,21122.78771484375,20408.18594140625,21017.69921875,1712400
2024-07-03,21017.699249031008,21753.31872274709,21017.699249031008,21690.265625,2145800
2024-07-04,21690.265878943595,22089.602169350503,21690.265878943595,21984.513671875,1974000
2024-07-05,22005.531371370103,22362.832262786807,21711.283578438695,21984.513671875,1414100
2024-07-08,21963.496704101562,22110.62060546875,21711.284301757812,21858.408203125,918200
2024-07-09,21837.39087559684,21942.479378366796,21459.072265625,21459.072265625,2057800
2024-07-10,21459.071656463206,21774.337155823585,21459.071656463206,21564.16015625,572800
2024-07-11,21690.267095588235,21753.320197610294,21438.0546875,21438.0546875,740300
2024-07-12,21480.08984375,21648.23144722358,21290.93053984222,21480.08984375,664200
2024-07-15,21480.09008884804,21585.178592218137,21332.966184129902,21438.0546875,544100
2024-07-16,21543.1429412783,22005.53235074964,21543.1429412783,21816.373046875,1359300
2024-07-17,21858.407218992248,21921.46031673934,21648.23022650194,21690.265625,822400
2024-07-18,21690.265759312322,22026.54894937918,21501.106464899713,22005.53125,1600200
2024-07-19,22068.58460105443,22404.86779497526,22047.56690143438,22299.779296875,2390000
2024-07-22,22362.83229547532,22993.36328125,22320.796896423675,22993.36328125,3903100
2024-07-23,22993.364765331848,23476.77188562676,22404.869140625,22404.869140625,3158000
2024-07-24,22404.86865512334,22551.992558111953,22152.65625,22152.65625,1127700
2024-07-25,22152.65575890715,22467.921258322338,21732.3017596869,21900.443359375,1374300
2024-07-26,21900.443603515625,22194.69140625,21879.425903320312,22194.69140625,447800
2024-07-29,22194.69054441261,22425.885237583574,22005.53125,22005.53125,1074900
2024-07-30,22026.55004743833,22383.850954696394,22026.55004743833,22152.65625,842800
2024-07-31,22257.744998366208,22278.762699025665,21900.444087155418,22110.62109375,1271500
2024-08-01,22152.654918573946,22488.93810519366,22152.654918573946,22383.849609375,1142300
2024-08-02,22278.76136758573,22678.09765625,22194.690569972197,22678.09765625,1614900
2024-08-05,22615.045282012194,22615.045282012194,21353.983277439023,21543.142578125,2754700
2024-08-06,21648.23157061092,21879.426276704824,21227.877559531094,21459.072265625,2320900
2024-08-07,21522.124031007752,21900.44261749031,21522.124031007752,21690.265625,1622400
2024-08-08,21732.300902256775,21984.51329183809,21522.12391093901,21711.283203125,815600
2024-08-09,21816.371577308997,21984.513169426984,21648.229985191007,21732.30078125,1016300
2024-08-12,21795.354743935906,22362.83263987252,21795.354743935906,22257.744140625,1560000
2024-08-13,22341.81518668453,22636.062987826186,22341.81518668453,22551.9921875,1205800
2024-08-14,22005.531007954003,22194.690300285987,21879.424813066013,22047.56640625,2048100
2024-08-15,22047.566527388477,22110.61962517891,21921.46033180761,22026.548828125,916500
2024-08-16,22110.620483975876,22446.903685253077,22110.620483975876,22215.708984375,1122000
2024-08-19,22236.726440775496,22299.77954032401,22026.54944228045,22257.744140625,792200
2024-08-20,22257.744506835938,22320.797607421875,22173.673706054688,22194.69140625,800000
2024-08-21,22236.727411843956,22530.97522258669,22194.692010309278,22425.88671875,859100
2024-08-22,22341.815671772685,22551.992677151546,22110.620965855942,22467.921875,1942500
2024-08-23,22467.92212028468,22762.169931027413,22383.851317215325,22425.88671875,1979500
2024-08-26,22425.885143590855,22762.168332248264,22425.885143590855,22699.115234375,1913400
2024-08-27,22825.221430121528,22867.256828703703,22530.973640046297,22699.115234375,964900
2024-08-28,22699.11608987603,22888.275390625,22699.11608987603,22888.275390625,1236800
2024-08-29,22888.275634990227,23329.647341450094,22783.187133452164,22846.240234375,2526100
2024-08-30,22846.23999045856,22993.363891041092,22762.16919012569,22888.275390625,1453400
2024-09-02,23203.540650406503,23644.912347560978,23182.522950542007,23266.59375,4146500
2024-09-03,23392.699339942108,23686.94713038163,23287.610843356564,23371.681640625,2851500
2024-09-04,23287.612308238637,23476.771613991477,23098.453002485796,23119.470703125,2729700
2024-09-05,23119.469845611824,23245.576044769707,22804.204347717117,22930.310546875,2444900
2024-09-06,22951.328490874657,23119.470091540403,22867.25769054178,22888.275390625,1709600
2024-09-09,22909.29309070822,23035.39929120753,22783.186890208908,22888.275390625,3133800
2024-09-10,22978.95703125,23089.009507453302,22890.915050287356,22978.95703125,2918600
2024-09-11,22912.92651179387,22978.95800030048,22868.90551945613,22890.916015625,1520000
2024-09-12,22890.916765402842,23375.147696978675,22890.916765402842,23221.07421875,2487100
2024-09-13,23221.073473282442,23221.073473282442,23000.96851145038,23067.0,850600
2024-09-17,23066.998488878144,23089.00898361944,22714.830573017407,22758.8515625,2332800
2024-09-18,22868.905758422734,23022.979233214803,22802.874269226133,22824.884765625,886200
2024-09-19,22824.88452711839,23000.96849646935,22802.87403094952,22890.916015625,1246700
2024-09-20,22890.91698841699,22956.94847972973,22758.854005791505,22802.875,1742900
2024-09-23,22890.914816141354,23089.00927128104,22890.914816141354,23044.98828125,2831400
2024-09-24,23111.020090322952,23705.303464074117,23111.020090322952,23683.29296875,3048500
2024-09-25,23683.294165292176,23837.367640345194,23331.126222313855,23353.13671875,2864200
2024-09-26,23419.166981132075,23507.20896226415,23155.04103773585,23331.125,1414900
2024-09-27,23331.125,23375.145990566038,22758.85212264151,23331.125,2047400
2024-09-30,23331.125730347027,23485.199202151205,22934.936802850567,23309.115234375,1689000
2024-10-01,23287.1044829222,23287.1044829222,22912.926055502845,23199.0625,1321400
2024-10-02,23199.062222322285,23199.062222322285,22890.9152857829,22912.92578125,1625400
2024-10-03,22956.946536009338,23044.988516971982,22846.894059806033,22978.95703125,827100
2024-10-04,22978.95873435996,23022.979728103946,22846.895753128007,22868.90625,704700
2024-10-07,23243.084223646725,23463.189187885804,23022.979259407646,23177.052734375,1790500
2024-10-08,23243.084452975047,23375.147432821497,22934.9375,22934.9375,1439500
2024-10-09,22934.9375,22934.9375,22802.87452015355,22934.9375,1072300
2024-10-10,22934.936276717097,23000.967763118395,22758.852312980307,22912.92578125,857400
2024-10-11,23000.968736815936,23000.968736815936,22824.884765625,22824.884765625,665000
2024-10-14,22868.905026944845,22890.91552263969,22758.85254847062,22846.89453125,573800
2024-10-15,22846.894549922323,23155.041489902007,22780.863062783817,23022.978515625,1248300
2024-10-16,23177.050962584624,23177.050962584624,22758.8515625,22758.8515625,2334900
2024-10-17,22802.87353986031,23000.96800111392,22802.87353986031,22846.89453125,838300
2024-10-18,22846.895262023867,22934.937247619335,22824.884765625,22824.884765625,508600
2024-10-21,22890.915760869564,22890.915760869564,22780.86328125,22780.86328125,671700
2024-10-22,22802.874269226133,22824.884765625,22758.8532764284,22824.884765625,871200
2024-10-23,22824.884255948757,22824.884255948757,22582.768800967624,22604.779296875,1536100
2024-10-24,22626.789792782376,22714.83177641188,22604.779296875,22604.779296875,517400
2024-10-25,22626.790271486287,22626.790271486287,22450.70630050196,22472.716796875,1081200
2024-10-28,22450.70630050196,22494.72729324804,22186.580344025464,22472.716796875,1217000
2024-10-29,22472.715077818026,22472.715077818026,22252.610130924608,22406.68359375,532400
2024-10-30,22406.686517613074,22406.686517613074,22010.497561505967,22142.560546875,1243800
2024-10-31,22142.558831318544,22428.695277448904,22076.52734375,22076.52734375,2220200
2024-11-01,22076.528580729166,22450.70703125,22076.528580729166,22450.70703125,1298000
2024-11-04,22450.706273320895,22450.706273320895,22098.538331778607,22120.548828125,622400
2024-11-05,22142.55788947044,22384.6733335899,22142.55788947044,22340.65234375,770500
2024-11-06,22450.706528465347,22450.706528465347,22120.54907951733,22230.6015625,1119800
2024-11-07,22230.600360281464,22384.673828125,22032.50590162549,22384.673828125,916900
2024-11-08,22384.67503867574,22428.69603186881,22208.591065903467,22230.6015625,830500
2024-11-11,22186.581541998014,22362.66552249006,22120.550049313493,22142.560546875,773600
2024-11-12,22142.558168166343,22758.852033681906,22120.54767296936,22626.7890625,1657700
2024-11-13,23331.125954198473,23397.157442748092,22868.905534351146,23067.0,2726900
2024-11-14,23177.053465868583,23243.084957224335,23067.000980275665,23155.04296875,2185100
2024-11-15,23155.04103773585,23375.145990566038,23155.04103773585,23331.125,2175500
2024-11-18,23331.126483938548,23749.325920914805,23331.126483938548,23639.2734375,3255700
2024-11-19,23639.27294557486,23683.29393802472,23353.13649465077,23595.251953125,1827600
2024-11-20,23507.2109375,23573.242428897473,23419.168948970037,23507.2109375,1193000
2024-11-21,23507.20881849315,24563.71258561644,23507.20881849315,24101.4921875,5154500
2024-11-22,24145.513961873883,24651.7553667263,24145.513961873883,24607.734375,4856600
2024-11-25,24607.73483851336,24607.73483851336,24057.47243156986,24299.587890625,2875200
2024-11-26,24321.599604033727,24519.694080446672,24123.50512762078,24145.515625,1507600
2024-11-28,24167.523909684067,24211.54490041209,23947.41895604396,24035.4609375,929700
2024-11-29,24035.462366615855,24035.462366615855,23441.178956452277,23463.189453125,2146000
2024-12-02,23463.18801550883,24079.481884584107,23463.18801550883,23683.29296875,1315000
2024-12-03,23683.2949290821,23969.431391979935,23683.2949290821,23859.37890625,1664700
2024-12-04,23947.42090909091,24365.620355113635,23947.42090909091,24211.546875,1310900
2024-12-05,24211.546384050547,24299.58837090164,23881.38893335895,24167.525390625,882600
2024-12-06,24167.523952222473,24497.681383263764,24101.492466014217,24387.62890625,1861800
2024-12-09,24387.630378983395,24563.71435283887,24211.546405127916,24519.693359375,1043800
2024-12-10,24519.692628923764,24563.713621076233,24387.629652466367,24541.703125,1045200
2024-12-11,24541.703391650044,25224.02877742686,24541.703391650044,24827.83984375,4022500
2024-12-12,24827.83909455843,24981.91256411686,24475.67116413916,24673.765625,1132700
2024-12-13,24673.76683649854,24827.840313622084,24409.640875715326,24519.693359375,687700
2024-12-16,24475.671382319822,24497.68187816723,24079.482457066442,24431.650390625,908800
2024-12-17,24431.651340309632,24431.651340309632,23815.357432626148,23991.44140625,1186600
2024-12-18,23991.44042069521,24189.534882884436,23683.29347951197,23903.3984375,667200
2024-12-19,23837.367627092237,23837.367627092237,23177.052734375,23177.052734375,1383000
2024-12-20,23177.052680812318,23419.168140915768,22450.70630050196,22472.716796875,1888500
2024-12-23,22560.75903463085,22692.822014345762,22274.62257858187,22582.76953125,1456000
2024-12-24,22538.747035573124,22538.747035573124,22274.62109375,22274.62109375,981100
2024-12-27,22362.662657156674,22846.893541465182,22362.662657156674,22758.8515625,571200
2024-12-30,22758.85403499532,23507.2109375,22538.74906367041,23507.2109375,1317600
2025-01-02,23353.135211467288,23529.219171591452,23044.98828125,23044.98828125,894700
2025-01-03,23044.990483157082,23331.12694569867,22934.937997564164,23155.04296875,453800
2025-01-06,23155.04195433624,23199.062946644863,22714.83203125,22714.83203125,981400
2025-01-07,22714.83203125,22846.89500817587,22516.737565861193,22714.83203125,526200
2025-01-08,22714.83075738916,22736.841252309114,22340.65234375,22340.65234375,836400
2025-01-09,22384.673569509636,22450.705054965416,22252.610598598076,22274.62109375,594700
2025-01-10,22274.621823998517,22406.684799239614,22120.548352883903,22252.611328125,798900
2025-01-13,22340.654780800916,22428.69677008486,21988.48682366514,22208.591796875,1550600
2025-01-14,22626.790015994095,22736.842496616635,22274.62207800197,22362.6640625,735000
2025-01-15,22362.663607402912,22670.810546875,22362.663607402912,22670.810546875,532800
2025-01-16,22780.86353478065,23044.989488807092,22670.811053936297,22890.916015625,676500
2025-01-17,22890.915050287356,23022.97802173132,22824.88356456537,22978.95703125,538900
2025-01-20,23022.97997104247,23221.074444980695,22714.83301158301,22802.875,611500
2025-01-21,22912.92676435407,23155.042224880384,22846.89527511962,23000.96875,689600
2025-01-22,23022.978299432358,23397.156723036896,23000.967803926207,23265.09375,1068000
2025-01-23,23265.094480572327,23441.178450150925,23177.052495783028,23243.083984375,826200
2025-01-24,23243.084223646725,23331.126209342354,23155.042237951093,23177.052734375,426400
2025-01-30,23155.042953667955,23155.042953667955,22714.83301158301,22802.875,683300
2025-01-31,22802.87377717391,22802.87377717391,22494.72683423913,22780.86328125,683500
2025-02-03,22780.863298103428,22956.947265625,22604.779330581856,22956.947265625,709200
2025-02-04,22956.947248641303,23022.978736413042,22736.84228940217,22780.86328125,376800
2025-02-05,23331.12643953935,23331.12643953935,22758.8535268714,22934.9375,583900
2025-02-06,22934.935466294206,22934.935466294206,22274.62062561395,22406.68359375,925900
2025-02-07,22428.69532961599,22868.90524776351,22076.52739509798,22604.779296875,691800
2025-02-10,22736.842480856278,22736.842480856278,22186.580078125,22186.580078125,417400
2025-02-11,22186.57982303091,22296.632302311813,22054.516847893818,22076.52734375,660800
2025-02-12,22626.78951707347,22626.78951707347,22032.506134815703,22318.642578125,619300
2025-02-13,22318.642341906343,22384.673828125,22098.53738784415,22384.673828125,344100
2025-02-14,22340.653581619263,22538.748046875,22340.653581619263,22538.748046875,453200
2025-02-17,22538.748299319726,22648.80078125,22340.653831845237,22648.80078125,533100
2025-02-18,22648.799322563045,22868.90427224782,22604.77833262609,22692.8203125,352400
2025-02-19,22692.820548090953,22868.90450966683,22516.73658651508,22626.7890625,728200
2025-02-20,22626.791245973738,22648.801743294724,22186.581299554015,22208.591796875,644900
2025-02-21,22230.600832251483,22362.66380749258,22098.537857010386,22252.611328125,468400
2025-02-24,22252.611566452753,22296.632558671256,22098.538093687996,22186.580078125,379700
2025-02-25,22164.57079045506,22230.60228238293,21746.37134157855,21856.423828125,990000
2025-02-26,21812.401358282674,22010.495820668693,21482.243920972644,21724.359375,691600
2025-02-27,21746.37134157855,22428.69675816654,21702.35034695997,21856.423828125,973900
2025-02-28,21856.42353762856,21856.42353762856,20777.909183808017,20865.951171875,2066100
2025-03-03,20887.961923208248,21350.182366187564,20887.961923208248,21152.087890625,727100
2025-03-04,21130.075839653306,21218.117822318527,20249.656013001084,20315.6875,1785400
2025-03-05,20359.709964091093,20623.835931192814,20315.68896957414,20447.751953125,1186700
2025-03-06,20579.812759724067,20865.94919381649,20535.791769863696,20689.865234375,1027300
2025-03-07,20711.87769275778,20931.98266292524,20557.80421364056,20865.951171875,913500
2025-03-10,20953.992678852203,20998.013671875,20491.772252112816,20998.013671875,1178200
2025-03-11,20821.928253301518,21042.033203125,20337.697363689855,21042.033203125,1112100
2025-03-12,20887.960406736707,20887.960406736707,20425.739997314715,20491.771484375,1057100
2025-03-13,20513.782234909188,20601.82421875,20271.666779346957,20601.82421875,1342600
2025-03-14,20469.761465371623,20535.792953969594,20293.67749577703,20359.708984375,473200
2025-03-17,20359.70896946565,20403.72996183206,20161.614503816796,20183.625,1119500
2025-03-18,20183.625713975696,20337.699192708333,19677.384283854168,19809.447265625,1516000
2025-03-19,19809.446787044704,20073.5727442053,19721.404801324505,19941.509765625,822100
2025-03-20,20029.552252490448,20425.741198144104,20007.54175550969,20161.615234375,586600
2025-03-21,20249.657953281425,20337.699944382646,19787.4375,19787.4375,1740200
2025-03-24,19787.435486607144,19853.466973214287,18840.98417857143,19259.18359375,1593900
2025-03-25,19281.194860105792,19787.436277665645,19281.194860105792,19765.42578125,966900
2025-03-26,19809.44584865196,20293.676747174566,19765.42485787718,20205.634765625,1743400
2025-03-27,20205.634765625,20315.687242561955,20029.55080252587,20205.634765625,1181800
2025-04-08,19369.23754295533,19611.35301224227,18840.985609965635,19215.1640625,3073300
2025-04-09,19281.193237170693,20117.59203056394,19237.17224804473,20051.560546875,3290600
2025-04-10,20513.78198006176,20777.9079283029,20315.687518880906,20491.771484375,3388300
2025-04-11,20491.771738948984,20689.866202590812,20381.71925914797,20601.82421875,1245500
2025-04-14,20865.950281943045,21878.433101530998,20843.939785865045,21834.412109375,4473900
2025-04-15,21922.453101277835,22164.56854717548,21680.337655380186,21746.369140625,4223600
2025-04-16,21768.380605309958,22010.496061991867,21504.254652566055,21658.328125,3318400
2025-04-17,21702.349132907006,21834.412109375,21570.28615643901,21834.412109375,5325400
2025-04-21,21877.974827367532,21926.377426543124,21466.552734375,21466.552734375,6782300
2025-04-22,21345.545479598262,21635.961064354702,21321.34418086856,21611.759765625,2911500
2025-04-23,21732.7663869815,21877.974180213005,21563.357294878082,21587.55859375,3329300
2025-04-24,21611.761178429704,21732.76767998866,21345.546875,21345.546875,2916400
2025-04-25,21514.95571885605,21514.95571885605,21248.741418622736,21393.94921875,2714200
2025-04-28,21466.553247540345,21587.559748372027,21297.14414637599,21369.748046875,1644000
2025-04-29,21393.949475623584,21442.352076247163,21297.144274376416,21345.546875,1698900
2025-04-30,21393.947771661933,21393.947771661933,21248.739981356535,21297.142578125,1870400
2025-05-02,21297.14283171982,21297.14283171982,21176.136338357774,21248.740234375,1423800
2025-05-05,21272.942974064626,21345.546875,21200.33907312925,21345.546875,1268000
2025-05-06,21345.54573074495,21587.55872088945,21345.54573074495,21563.357421875,2018600
2025-05-07,21611.759638912194,21732.766131851233,21587.558340324387,21635.9609375,2375000
2025-05-08,21684.364689265538,21781.169888771186,21345.546490995763,21418.150390625,1592200
2025-05-09,21418.15051877121,21442.35181879242,21345.54661870758,21393.94921875,638400
2025-05-14,21539.157049499445,21781.170050055618,21539.157049499445,21756.96875,2269500
2025-05-15,21781.170178521716,21902.176679513504,21587.559776934857,21732.767578125,1764100
2025-05-16,21902.175908721656,22023.182405454925,21684.36421460177,21877.974609375,2323600
2025-05-19,21877.97359854715,22265.19437020285,21877.97359854715,22071.583984375,2527500
2025-05-20,22119.987038948766,22168.389636408174,21587.558466895294,21611.759765625,2735800
2025-05-21,21611.760568961334,21902.176164512886,21611.760568961334,21829.572265625,1890000
2025-05-22,21829.571756863963,21926.376953125,21708.565261537668,21926.376953125,1369400
2025-05-23,21853.77382161458,21853.77382161458,21781.169921875,21781.169921875,615400
2025-05-26,21781.168474469865,21926.376264299666,21539.155491420202,21684.36328125,1469500
2025-05-27,21684.364594894563,21829.572393521088,21684.364594894563,21805.37109375,876900
2025-05-28,21805.370838524363,21877.97473698782,21781.169539036546,21853.7734375,2043900
2025-06-02,21853.773268331694,21877.974567632173,21321.344683721178,21514.955078125,2012500
2025-06-03,21635.96170291385,21660.163002357825,21393.948708474098,21490.75390625,1445200
2025-06-04,21490.75339826233,21635.961191493832,21466.552099390414,21587.55859375,970400
2025-06-05,21587.5591040259,21684.3643018018,21466.552606806024,21490.75390625,1457000
2025-06-10,21490.754576141426,21732.767578125,21442.35197574471,21732.767578125,1808000
2025-06-11,21732.76681329508,21926.37720806831,21708.565513948426,21877.974609375,1067200
2025-06-12,21877.974228224917,22119.987217475194,21877.974228224917,21950.578125,1083600
2025-06-13,21974.779973447712,22216.79296875,21950.578673917484,22216.79296875,1663400
2025-06-16,22240.99483994306,23281.650746490996,22240.99483994306,22846.02734375,4774000
2025-06-17,22846.026280683032,23015.435373866065,22507.20809431697,22676.6171875,2106500
2025-06-18,22676.616429447244,22967.032008052756,22676.616429447244,22821.82421875,1233000
2025-06-19,22821.824360249728,22821.824360249728,21877.973723929746,22047.3828125,3290300
2025-06-20,22047.382884514664,22071.584182960894,21660.162109375,21660.162109375,6660000
2025-06-23,21660.162363084404,21877.974051651734,21418.149375787372,21611.759765625,2240200
2025-06-24,21635.96170291385,21781.169499577703,21490.75390625,21490.75390625,2644700
2025-06-25,21732.767419046944,21732.767419046944,21393.94921875,21393.94921875,1607900
2025-06-26,21393.947644721906,21418.148942962544,21297.142451759362,21321.34375,1949200
2025-06-30,21418.149070046165,21466.55166681463,21297.142578125,21297.142578125,1986500
2025-07-01,21418.150647207673,21466.553247540345,21297.14414637599,21369.748046875,1262900
2025-07-02,21369.7470297594,21635.96131891835,21369.7470297594,21563.357421875,1375700
2025-07-03,21587.559748372027,21611.761048538363,21369.748046875,21369.748046875,1454600
2025-07-04,21393.94921875,21490.75441883484,21345.54661870758,21393.94921875,998800
2025-07-07,21393.94921875,21418.15051877121,21321.345318686366,21393.94921875,543200
2025-07-08,21393.947644721906,21393.947644721906,21321.34375,21321.34375,1107200
2025-07-09,21345.546875,21442.352076247163,21321.345574688206,21345.546875,897700
2025-07-10,21393.94832877385,21611.7600199039,21393.94832877385,21563.357421875,1024900
2025-07-11,21611.760822482636,21950.57902126736,21611.760822482636,21781.169921875,1142000
2025-07-14,21805.371478720073,21926.37797971186,21732.767578125,21732.767578125,1112400
2025-07-15,21732.765877859933,21805.369772774833,21635.960684640067,21684.36328125,846100
2025-07-16,21708.566149888764,21829.572650166854,21708.566149888764,21756.96875,694900
2025-07-17,21756.968878323358,21805.371478720073,21684.364977728284,21732.767578125,614100
2025-07-18,21732.767194436736,21829.572393521088,21684.364594894563,21805.37109375,1068900
2025-07-21,21805.370965995702,22168.390460435145,21805.370965995702,21829.572265625,1393600
2025-07-22,21877.97359854715,22119.986580831963,21853.77230031867,22071.583984375,2102800
2025-07-23,22240.99439621388,22337.799594891632,21998.981399519493,22192.591796875,1586300
2025-07-24,22216.79220779221,22458.805194805194,22192.590909090908,22362.0,1649700
2025-07-25,22386.202065461603,22555.611162173205,22216.79296875,22216.79296875,1610900
2025-07-28,22265.19598454301,22555.611584341397,22240.99468455981,22507.208984375,1455200
2025-07-29,22555.611712863294,22628.215613226588,22362.00131189451,22483.0078125,1126400
2025-07-30,22555.61056603145,22918.630049390325,22507.207968250266,22700.818359375,2376600
2025-07-31,22700.818699048916,22725.019998301632,21974.779721467392,22265.1953125,2701500
2025-08-01,22192.591796875,22604.013891255454,22023.182699188932,22192.591796875,1632900
2025-08-04,22337.7987012987,22434.603896103898,22119.987012987014,22362.0,1102700
2025-08-05,22362.00038171824,22386.201680832655,22216.79258703176,22289.396484375,1064100
2025-08-06,22289.39623044759,22410.402724641117,22240.99363277018,22337.798828125,1150600
2025-08-07,22361.99987331081,22434.603769003377,22313.59727618243,22386.201171875,885300
2025-08-08,22458.805875267666,22676.617570178667,22386.201976964,22604.013671875,1786400
2025-08-11,22604.013836695674,23015.43593008307,22604.013836695674,22942.83203125,2788200
2025-08-12,22289.396958581623,22289.396958581623,21684.364467849224,21829.572265625,7191100
2025-08-13,21829.572650166854,21877.975250278087,21684.36484983315,21756.96875,2367200
2025-08-14,21756.9671761649,21781.168474469865,21684.36328125,21684.36328125,1698600
2025-08-15,21684.36404494382,21756.96794241573,21539.15625,21539.15625,2124100
2025-08-19,21563.35857780612,21563.35857780612,21345.546875,21345.546875,3385300
2025-08-20,21563.357421875,21635.96131891835,21393.94832877385,21563.357421875,1804800
2025-08-21,21635.96131891835,21660.1626179328,21393.94832877385,21563.357421875,1485900
2025-08-22,21635.961191493832,21635.961191493832,21514.95469713425,21587.55859375,1067500
2025-08-25,21611.7593863351,21805.369772774833,21611.7593863351,21684.36328125,1821700
2025-08-26,21684.363407821227,21805.369900052374,21660.162109375,21660.162109375,1590500
2025-08-27,21684.36328125,21781.168474469865,21611.7593863351,21684.36328125,1218300
2025-08-28,21684.36315496098,21756.96704945304,21684.36315496098,21708.564453125,667000
2025-08-29,21684.364689265538,21684.364689265538,21418.150390625,21418.150390625,2852800
2025-09-01,21297.1435106982,21563.357804581923,21200.338312922297,21490.75390625,2715700
2025-09-02,21490.753145973154,21756.96743043904,21490.753145973154,21635.9609375,995100
2025-09-03,21635.96131891835,21756.9678139906,21563.357421875,21563.357421875,1490800
2025-09-04,21563.357041736577,21660.16223608781,21563.357041736577,21635.9609375,1016800
2025-09-08,21635.96131891835,21732.76651497615,21539.15612286055,21563.357421875,1626400
2025-09-09,21514.954950842697,21587.558848314606,21369.747155898876,21539.15625,1474200
2025-09-10,21611.760403469874,21660.163002357825,21466.552606806024,21490.75390625,943900
2025-09-11,21611.759765625,21732.766259273514,21611.759765625,21611.759765625,1168400
2025-09-12,21539.15586943589,21684.36366181411,21539.15586943589,21611.759765625,704500
2025-09-15,21611.761077133215,21756.968878323358,21611.761077133215,21732.767578125,746900
2025-09-16,21732.766131851233,21829.571326202462,21635.9609375,21635.9609375,780100
2025-09-17,21660.163041597454,21853.7734375,21660.163041597454,21853.7734375,1065700
2025-09-18,21853.772929299892,22313.597608875414,21708.565135749726,21950.578125,1829600
2025-09-19,22023.18181818182,22458.805194805194,22023.18181818182,22362.0,2706500
2025-09-22,22362.0,22458.805194805194,22119.987012987014,22362.0,1827400
2025-09-23,22362.000637581612,22362.000637581612,21974.779847320457,22240.994140625,1347400
2025-09-24,22240.99491075096,22265.196210980284,22095.787109375,22095.787109375,1174200
2025-09-25,22095.785918550166,22216.792413175302,21926.376826074975,21950.578125,1643000
2025-09-26,21950.577745106457,22071.584237637362,21950.577745106457,22023.181640625,659900
2025-09-29,22023.18320868702,22168.39101006298,21950.579307999044,22095.787109375,1026300
2025-09-30,22095.78685322746,22168.39075307377,22071.585553278688,22144.189453125,1041000
2025-10-01,22168.390590316314,22168.390590316314,21781.169793978912,21805.37109375,1151000
2025-10-02,21805.37071133504,21902.175908721656,21805.37071133504,21877.974609375,733300
2025-10-03,21853.772802949476,21974.779296875,21805.370205379266,21974.779296875,957000
2025-10-06,21974.780321180555,21974.780321180555,21756.968621961805,21781.169921875,1053700
2025-10-07,21781.16834761706,21829.570943945095,21587.557962304905,21708.564453125,1495400
2025-10-08,21708.565859551352,21708.565859551352,21418.150262768057,21442.3515625,1512100
2025-10-09,21635.96237733157,21853.77407911679,21611.761077133215,21732.767578125,1177100
2025-10-10,21781.168530461033,22047.3828125,21732.765933726674,22047.3828125,990600
2025-10-13,21805.37071133504,21926.37720806831,21756.96811264173,21877.974609375,835100
2025-10-14,21902.175479084923,21902.175479084923,21466.552099390414,21587.55859375,1398000
2025-10-15,21587.558158735796,21660.162053888496,21297.142578125,21297.142578125,2147300
2025-10-16,21539.155617143853,21708.564706267458,21418.14912491271,21660.162109375,950000
2025-10-17,21635.961574627392,21635.961574627392,21393.94858162261,21514.955078125,1146100
2025-10-20,21514.955876339784,21732.767578125,21490.754576141426,21732.767578125,525700
2025-10-21,21732.767067107816,21926.377464142184,21732.767067107816,21829.572265625,1169100
2025-10-22,21877.974864883592,21926.377464142184,21781.169666366408,21829.572265625,485200
2025-10-23,21877.974228224917,21974.77942392503,21829.571630374863,21950.578125,544300
2025-10-24,21974.779296875,22168.389687155835,21974.779296875,21974.779296875,1350400
2025-10-27,21974.77917010451,22144.188260622937,21853.772676877063,21998.98046875,974600
2025-10-28,22071.583984375,22265.19437020285,22047.38268614652,22071.583984375,849900
2025-10-29,22071.585044885745,22240.994140625,22023.182446103103,22240.994140625,749300
2025-10-30,22240.99343209774,22846.025897606385,22192.59083485705,22749.220703125,3069600
2025-10-31,22749.220703125,22967.03239070811,22749.220703125,22749.220703125,1861800
2025-11-03,22652.415971091203,22652.415971091203,22265.195185260585,22289.396484375,2336300
2025-11-04,22289.397538809942,22628.21574244006,22289.397538809942,22458.806640625,1140500
2025-11-05,22458.80654131356,22894.429944054555,22458.80654131356,22846.02734375,2653100
2025-11-06,22846.026408920938,22918.630306406918,22604.013417301016,22652.416015625,1837100
2025-11-07,22652.416015625,22676.617314786992,22555.610818977028,22652.416015625,1131000
2025-11-10,22652.416270744114,22676.617570178667,22579.812372440447,22604.013671875,1717800
2025-11-11,22604.014442180764,22604.014442180764,22289.397538809942,22458.806640625,2277900
2025-11-12,22458.805194805194,22507.20779220779,22362.0,22362.0,2294900
2025-11-13,22700.0,22725.0,22525.0,22650.0,1830600
2025-11-14,22600.0,22600.0,22425.0,22425.0,1536000
2025-11-17,22425.0,22425.0,22275.0,22400.0,1226000
2025-11-18,22350.0,22375.0,22100.0,22100.0,1814200
2025-11-19,22250.0,22250.0,22125.0,22150.0,813500
2025-11-20,22200.0,22200.0,22100.0,22100.0,1125900
2025-11-21,22100.0,22175.0,22050.0,22125.0,1232000
2025-11-24,22375.0,22375.0,22125.0,22250.0,1224000
2025-11-25,22250.0,22275.0,22100.0,22100.0,788400
2025-11-26,22150.0,22150.0,22050.0,22050.0,1313400
2025-11-27,22150.0,22150.0,22000.0,22000.0,1687100
2025-11-28,22000.0,22050.0,21900.0,22050.0,1670100
2025-12-01,22025.0,22025.0,21900.0,21900.0,1358600
2025-12-02,21900.0,22000.0,21900.0,22000.0,946200
2025-12-03,22000.0,22100.0,21925.0,21975.0,842300
2025-12-04,22025.0,22025.0,21925.0,21950.0,635100
2025-12-05,21950.0,22100.0,21950.0,22000.0,777400
2025-12-08,22100.0,22100.0,21975.0,22000.0,635500
2025-12-09,22000.0,22000.0,21900.0,21925.0,1115400
2025-12-10,21925.0,21950.0,21875.0,21900.0,1498600
2025-12-11,21900.0,21925.0,21750.0,21750.0,1457600
2025-12-12,21750.0,21850.0,21675.0,21725.0,993400
2025-12-15,21750.0,21750.0,21550.0,21550.0,1307900
2025-12-16,21550.0,21575.0,21150.0,21150.0,3723300
2025-12-17,21150.0,21500.0,21125.0,21400.0,1254600
2025-12-18,21500.0,21500.0,21250.0,21325.0,1272100
2025-12-19,21325.0,21575.0,21250.0,21575.0,722000
2025-12-22,21575.0,21575.0,21375.0,21550.0,877100
2025-12-23,21500.0,21900.0,21500.0,21875.0,1149700
2025-12-24,21875.0,22000.0,21850.0,22000.0,826300
2025-12-29,21975.0,22000.0,21650.0,21975.0,944000
2025-12-30,21975.0,21975.0,21800.0,21875.0,943700
2026-01-02,21875.0,22075.0,21875.0,22025.0,797600
2026-01-05,22025.0,22075.0,21900.0,21925.0,1043500
2026-01-06,22000.0,22025.0,21825.0,21975.0,1571900
2026-01-07,21975.0,22025.0,21875.0,22025.0,1680800
2026-01-08,22025.0,22075.0,21925.0,22000.0,1190400
2026-01-09,22000.0,22025.0,21825.0,21925.0,1625600
2026-01-12,21925.0,21925.0,21800.0,21850.0,1332200
2026-01-13,21850.0,22050.0,21725.0,22000.0,1602000
2026-01-14,22100.0,22400.0,22075.0,22150.0,2009000
2026-01-15,22150.0,22350.0,22150.0,22275.0,803300
2026-01-19,22300.0,22350.0,22125.0,22325.0,1009000
2026-01-20,22300.0,22425.0,22225.0,22400.0,941900
2026-01-21,22375.0,22400.0,22150.0,22300.0,1294000
2026-01-22,22300.0,22775.0,22300.0,22725.0,2256000
2026-01-23,22750.0,22750.0,22375.0,22500.0,1206900
2026-01-26,22525.0,22750.0,22500.0,22650.0,1094400
2026-01-27,22675.0,22675.0,22200.0,22200.0,1591800
2026-01-28,22150.0,22500.0,21600.0,21925.0,3444700
2026-01-29,21950.0,22275.0,20900.0,22200.0,4205400
2026-01-30,22300.0,22325.0,21825.0,21950.0,1885300
2026-02-02,21975.0,22200.0,21725.0,21900.0,2255200
2026-02-03,22050.0,22075.0,21825.0,22000.0,570700
