Date,Open,High,Low,Close,Volume
2021-02-04,360.8056257444647,360.8056257444647,345.11842462514016,349.8245849609375,47737500
2021-02-05,349.82458188240986,360.80562256930165,349.82458188240986,357.6681823730469,40633500
2021-02-08,362.37434266742906,363.9430627655565,356.09946227491946,357.6681823730469,31598000
2021-02-09,357.6682417127821,360.8056824295609,337.27487705371993,338.8435974121094,17911000
2021-02-10,338.843576107385,345.11845714641066,330.99997480860293,332.5686950683594,52169000
2021-02-11,332.5686950683594,334.13741532811576,320.01893299030803,332.5686950683594,40299500
2021-02-15,334.13739013671875,343.5497109856404,324.7250692877971,334.13739013671875,18674000
2021-02-16,334.13738792530006,334.13738792530006,320.01890674535775,324.7250671386719,34756000
2021-02-17,324.7250704623685,329.4312309038521,310.6065891379177,316.8814697265625,45266500
2021-02-18,316.88145619815157,318.45017627834045,303.5473355165462,304.3316955566406,43671000
2021-02-19,304.3317042300576,305.11606429250617,285.5070627312911,298.05682373046875,115189000
2021-02-22,301.9786149932117,327.8624962783441,298.05681479849466,321.5876159667969,88168000
2021-02-23,323.1563134644162,324.72503343269005,312.9596336706361,315.3127136230469,44864000
2021-02-24,316.8814647313579,316.8814647313579,302.7629836294657,306.6847839355469,41088500
2021-02-25,306.68478666033064,315.3127474103655,306.68478666033064,307.4691467285156,20650500
2021-02-26,306.6847974218503,313.74403828322284,305.1160772304342,310.6065979003906,80467500
2021-03-01,315.3127474103655,316.8814675467355,304.33170645577565,307.4691467285156,26419000
2021-03-02,310.6065903908295,312.9596706210631,298.0568291629172,299.62554931640625,31498000
2021-03-03,300.40990666266816,302.7629868715141,294.9193861753609,298.8411865234375,20925500
2021-03-04,294.91935857479785,301.1942385444744,290.21319859754044,290.99755859375,29794500
2021-03-05,288.6444812045533,290.99756121437304,282.36960117836736,283.1539611816406,56769000
2021-03-08,284.7227319028197,287.07581233176865,277.66349061597293,280.0165710449219,16773000
2021-03-09,280.8009177121249,281.585277817466,269.03551613200796,276.0947570800781,80975000
2021-03-10,276.8790921141199,284.7226924572961,276.8790921141199,277.6634521484375,36617500
2021-03-12,282.36962960579336,283.93834977027,272.1729485366953,273.7416687011719,41226500
2021-03-15,276.09472098214286,279.2321609933036,272.95728097098214,274.5260009765625,31389000
2021-03-16,276.094760326629,294.9194030761719,276.094760326629,294.9194030761719,65868500
2021-03-17,294.91942573935995,297.2725062638761,287.0758239909727,292.56634521484375,54167500
2021-03-18,292.56632381073416,295.70376428055437,280.80092204890843,286.29144287109375,35263000
2021-03-19,285.507041015625,289.4288410295759,274.5260009765625,274.5260009765625,46695500
2021-03-22,274.52599296356715,284.7226727022139,274.52599296356715,280.8008728027344,49842500
2021-03-23,280.80093118790484,281.5852913308878,276.094770330007,280.0165710449219,17547000
2021-03-24,281.5852496052346,281.5852496052346,265.89804907012405,268.2511291503906,35886500
2021-03-25,262.76060624556106,273.7416465065696,254.13264604048297,258.83880615234375,57999500
2021-03-26,265.8980872112772,271.3886081861413,258.83884595788044,270.604248046875,44232000
2021-03-29,272.95733744303385,286.29146024915906,270.60425694783527,282.3696594238281,53933000
2021-03-30,282.36965837149785,283.93837869578397,266.6824551286369,272.95733642578125,21886000
2021-03-31,272.9573148839614,274.52603508444395,261.1919133803424,266.68243408203125,56762500
2021-04-01,266.68243408203125,270.6042345832376,255.7013926786535,266.68243408203125,51913000
2021-04-05,268.25116762907606,270.604248046875,264.32936693274456,270.604248046875,34882000
2021-04-06,270.60424538545834,272.9573257801145,260.4075636752816,269.81988525390625,35765000
2021-04-07,269.8198330841917,280.8008728027344,266.6823931646081,280.8008728027344,59123000
2021-04-08,282.36965147387076,283.1540116168538,274.526050044041,280.0165710449219,40124500
2021-04-09,280.8008723629998,280.8008723629998,268.25111270431825,272.17291259765625,45166000
2021-04-12,272.9572716346154,274.52599158653845,254.13263221153846,254.9169921875,79584000
2021-04-13,254.9170046676824,256.4857246964066,247.0734045240614,254.1326446533203,65598000
2021-04-14,254.9170168573985,262.7606173760877,252.56393670179173,261.97625732421875,34453000
2021-04-15,262.76064665421194,277.66348930027175,254.1326851222826,270.604248046875,122926500
2021-04-16,271.3885835920061,272.95730372837613,259.6231825692313,263.54498291015625,66088500
2021-04-19,263.54498906966745,265.89806932921806,255.70138820449878,256.4857482910156,83894000
2021-04-20,256.48569774627686,256.48569774627686,247.85773849487305,250.99517822265625,88941000
2021-04-21,248.6421399588783,251.77958021072536,244.7203396440695,245.50469970703125,64388500
2021-04-22,247.07342599567613,247.8577860782021,236.87674492283872,238.44546508789062,79287000
2021-04-23,239.22982788085938,245.5047086121606,238.44546778944672,239.22982788085938,65133500
2021-04-26,243.15162387094836,243.93598394795143,238.44546340893,242.3672637939453,59971500
2021-04-27,242.3672587935989,243.93597891524033,230.60185788128828,232.1705780029297,80735500
2021-04-28,232.1705780029297,232.9549380637504,224.3269773947226,232.1705780029297,181252500
2021-04-29,234.52366564350743,244.72034675844253,233.7393055577432,243.15162658691406,156691000
2021-04-30,243.15162489149307,250.21086561414933,238.44546440972223,247.07342529296875,78046500
2021-05-03,247.85781335526968,249.42653369296127,244.72037267988654,246.28909301757812,22794000
2021-05-04,247.07342879498592,247.07342879498592,236.87674760662142,239.22982788085938,28122500
2021-05-05,239.22984840815542,242.36728904301646,236.8767679320096,240.79856872558594,22631500
2021-05-06,240.01417976025715,241.58289988940913,234.52365930822512,236.87673950195312,47254000
2021-05-07,236.87673836785393,240.7985386719575,229.03313775964685,232.1705780029297,65548500
2021-05-10,232.9549297554094,232.9549297554094,226.68004949263744,229.81748962402344,84659500
2021-05-11,229.03314654032388,229.8175066312154,225.11134608586627,225.8957061767578,71586500
2021-05-17,225.89569113831226,227.46441121566167,217.26773071289062,217.26773071289062,93591000
2021-05-18,217.2677425690229,225.11134338378906,217.2677425690229,225.11134338378906,98971000
2021-05-19,225.11131995249602,233.7392799506753,221.9738799531581,231.38619995117188,69171500
2021-05-20,231.38623845657247,235.30803910837878,223.54263715295986,233.73931884765625,63965500
2021-05-21,234.5236441490986,236.09236417685176,227.46440402420933,228.24876403808594,33637000
2021-05-24,228.24877656081625,229.81749667463632,221.97389610553608,227.46441650390625,31772500
2021-05-25,227.46442362821892,229.03314379117217,223.54262322083582,225.11134338378906,33787000
2021-05-27,225.11134608586627,240.7985479036967,225.11134608586627,225.8957061767578,217590500
2021-05-28,229.03314344618056,247.07342529296875,229.03314344618056,247.07342529296875,164778000
2021-05-31,247.85781271733586,266.68245672118417,247.85781271733586,264.3293762207031,266155000
2021-06-02,270.6042756229998,270.6042756229998,259.62323255424036,260.4075927734375,146918000
2021-06-03,261.97623800243855,270.60419793665056,260.40751801439995,265.1136779785156,77335500
2021-06-04,265.11371480367825,269.0355153185256,257.27011377398367,258.0544738769531,70170000
2021-06-07,258.054494886087,269.0355372216652,254.917054218779,264.3293762207031,52813500
2021-06-08,265.8980749066477,268.25115521555614,257.27011377398367,258.0544738769531,52008000
2021-06-09,261.19188478257917,263.5449648256655,252.5639246245961,254.1326446533203,75024000
2021-06-10,255.70136881018695,262.76060905341296,255.70136881018695,259.6231689453125,58621500
2021-06-11,259.623164753855,262.7606048113034,251.779564610234,254.1326446533203,51408000
2021-06-14,254.13261795043945,258.83877754211426,248.64209842681885,250.99517822265625,76699000
2021-06-15,250.99520459587188,254.13264465332028,247.8577645384235,254.1326446533203,50146000
2021-06-16,254.91697788238525,257.27005767822266,250.21081829071045,250.99517822265625,44267500
2021-06-17,250.2108917236328,254.9170526964911,247.85781123720366,250.2108917236328,45689000
2021-06-18,252.56394657335784,254.13266673840974,235.3080247577868,238.44546508789062,165355500
2021-06-21,236.87675027286303,245.504711375517,221.97390836827893,240.01419067382812,70709500
2021-06-22,240.01419067382812,243.1516310747932,232.17058967141543,240.01419067382812,46832500
2021-06-23,236.87674222134126,243.93598288356668,236.09238214776067,237.66110229492188,45542500
2021-06-24,238.4454443660783,259.623164753855,238.4454443660783,254.1326446533203,104897500
2021-06-25,255.7013687223022,274.52600936443486,254.91700869554666,268.2511291503906,193721500
2021-06-28,269.81986345563615,274.5260238647461,261.9762627737863,263.54498291015625,172655500
2021-06-29,262.7606335808249,283.15399618709785,260.40755328010107,266.68243408203125,288963500
2021-06-30,269.03551268182406,287.0757948733166,262.76063191956575,283.9383544921875,280912000
2021-07-01,285.5070827536387,292.56632381073416,279.2322018139983,286.29144287109375,170070000
2021-07-02,287.0758002983345,290.9976008488582,281.5852795276013,285.507080078125,66657500
2021-07-05,287.07576682350856,287.860126842152,282.36960671164775,284.7226867675781,60829500
2021-07-06,287.075769184911,349.8245711925418,287.075769184911,337.2748107910156,503704500
2021-07-07,337.2748053656684,370.21792588975694,324.7250451660156,352.9620056152344,320142500
2021-07-08,363.94307383661686,376.49283500339675,352.96203281568444,360.8056335449219,310622000
2021-07-09,360.8056257444647,365.5117860802621,348.25586484900504,349.8245849609375,137880500
2021-07-12,349.8246101173195,352.9620505668022,335.7061280946474,348.2558898925781,107499500
2021-07-13,348.25587492722735,352.96203539921686,324.72507256727954,326.2937927246094,129656000
2021-07-14,326.29379812724284,337.2748394103712,318.4501972107226,327.8625183105469,103962500
2021-07-15,329.4312507875504,343.5497329641597,327.86253054570494,340.41229248046875,95966000
2021-07-16,343.5497477879034,346.687188406971,332.56870562116677,335.7061462402344,64616500
2021-07-19,334.1373708388385,337.2748109406116,320.0188903808594,320.0188903808594,37220500
2021-07-21,320.01891739402663,330.999958677155,309.03787611089825,327.8625183105469,89389000
2021-07-22,327.8625183105469,338.84355959367525,324.7250779439388,327.8625183105469,103247000
2021-07-23,327.8625128819392,337.27483382591834,324.72507256727954,326.2937927246094,45989500
2021-07-26,329.4312025096319,343.5496826171875,323.15632246182935,343.5496826171875,117694000
2021-07-27,345.11845714641066,356.09949896470556,330.99997480860293,332.5686950683594,80921500
2021-07-28,337.27483135720956,360.8056335449219,324.7250701904297,360.8056335449219,154153500
2021-07-29,360.8056313650949,365.51179177420477,351.393310546875,351.393310546875,91980500
2021-07-30,351.393312669837,360.8056335449219,337.27483135720956,360.8056335449219,182209500
2021-08-02,360.8056057400173,367.08048583984373,348.2558455403646,352.9620056152344,101175000
2021-08-03,352.96204510857075,359.23692591050093,340.41228350471044,346.6871643066406,104453000
2021-08-04,349.824588180682,354.5307485597943,340.4122674224574,341.9809875488281,66192000
2021-08-05,340.4122797769793,349.82460087680363,318.4501972107226,327.8625183105469,140155500
2021-08-06,330.99995319659894,332.5686733539288,318.45019193796014,326.2937927246094,77789000
2021-08-09,326.2937906095297,332.5686711981745,312.17530928507887,316.8814697265625,90238500
2021-08-10,318.4501788330078,323.1563391113281,300.40989776611326,313.7440185546875,67454000
2021-08-12,312.959641819678,318.45016185160216,303.5473217649508,309.037841796875,33403500
2021-08-13,307.46913012568814,315.3127303839965,301.19424991904145,302.7629699707031,33842500
2021-08-16,302.76301375679344,302.76301375679344,285.50709069293475,288.64453125,42131000
2021-08-18,288.6445102636999,290.21323042817653,269.035508207742,273.7416687011719,128020000
2021-08-19,272.957294646787,280.80089506767166,258.83881388919457,278.44781494140625,86746500
2021-08-20,280.8008994078025,305.9004211425781,274.5260189741086,305.9004211425781,147564500
2021-08-23,307.46913012568814,310.6065702290115,290.99756958324053,302.7629699707031,91908000
2021-08-24,302.7629841051604,305.11606429250617,297.2724636680202,298.05682373046875,36174000
2021-08-25,301.97862087151947,318.45018200996594,298.05682060046075,305.9004211425781,79185000
2021-08-26,305.900438184862,313.744039163961,299.6255574015828,301.9786376953125,19003000
2021-08-27,301.97860160010913,308.25348163335815,299.6255215876407,300.4098815917969,39406500
2021-08-30,304.331714485265,315.3127557295787,301.9786342186264,309.8222351074219,54558000
2021-08-31,309.82223435575736,330.9999567041256,309.0378742687808,318.4501953125,150550000
2021-09-01,323.1563503152073,324.7250704623685,313.7440294322401,316.8814697265625,84459000
2021-09-02,316.8814416790756,321.58760170401234,297.27244157517237,300.4098815917969,63853000
2021-09-03,300.40990076309595,312.95966163048377,297.272460546249,305.9004211425781,50366000
2021-09-06,305.90041518792873,324.7250561225705,305.90041518792873,321.5876159667969,39387500
2021-09-07,323.15634700756715,324.7250671386719,315.3127463520437,324.7250671386719,36584000
2021-09-08,324.72505920410157,326.293779296875,312.9596585083008,313.7440185546875,73974000
2021-09-09,313.7440300473123,320.0189106482586,301.19426884541986,308.2535095214844,40108000
2021-09-10,308.2534953047589,323.1563360446837,308.2534953047589,321.5876159667969,52841500
2021-09-13,321.58763757733067,330.999958677155,312.1753164775064,327.8625183105469,42748000
2021-09-14,329.431275261773,340.41231777049876,323.1563938282154,338.8435974121094,39858000
2021-09-15,338.8435425989836,341.9809828082335,321.5876214481095,323.1563415527344,37503500
2021-09-16,324.7250760083128,329.4312365301724,316.8814751385468,318.4501953125,25321000
2021-09-17,320.01889023891715,337.2748107910156,320.01889023891715,337.2748107910156,76418000
2021-09-20,337.2748394103712,338.84355959367525,326.29379812724284,327.8625183105469,24004500
2021-09-21,329.4312105400618,337.2748107910156,323.1563303392987,337.2748107910156,35569500
2021-09-22,345.11843112712734,349.8245915515882,334.13739013671875,334.13739013671875,42848500
2021-09-23,334.1373706906341,348.255851142351,330.9999305902525,337.2748107910156,36964500
2021-09-24,337.27483382591834,341.9809942979079,313.7440314659706,326.2937927246094,52792500
2021-09-27,330.9999567041256,332.5686768780788,318.4501953125,318.4501953125,42499000
2021-09-28,318.45018485379035,323.15634522108775,305.9004238743306,306.6847839355469,40701000
2021-09-29,306.6847893712478,316.88147034778547,303.5473490707747,308.2535095214844,24987000
2021-09-30,309.0378337499514,321.58759349614235,301.978593892719,315.3127136230469,80998000
2021-10-01,315.3127389628354,315.3127389628354,301.97861816092444,305.1160583496094,20839000
2021-10-04,307.46913818359377,318.4501788330078,304.3316979980469,313.7440185546875,24712500
2021-10-05,316.8814647313579,318.45018485379035,305.1160638131144,306.6847839355469,23931000
2021-10-06,306.684794007851,326.293796182266,306.684794007851,318.4501953125,100435500
2021-10-07,326.29377620045733,330.9999364341177,316.8814557331364,321.5876159667969,48080000
2021-10-08,323.15634700756715,329.43122753198594,320.01890674535775,324.7250671386719,27164500
2021-10-11,326.29378836495533,329.4312286376953,306.68478666033064,307.4691467285156,32916000
2021-10-12,307.4691329285772,312.1752931264636,303.5473327636719,303.5473327636719,41093500
2021-10-13,304.33173403532606,307.4691745923913,287.0758109714674,288.64453125,143043000
2021-10-14,288.6444949850796,296.48809539228284,281.58525461859665,295.7037353515625,89775000
2021-10-15,298.0568098157181,321.5876105906432,297.2724497898873,302.7629699707031,147775000
2021-10-18,303.5473551750183,306.68479553858435,294.91939417521155,301.19427490234375,71489000
2021-10-19,298.0568098157181,302.7629699707031,296.48808976405644,302.7629699707031,44842000
2021-10-21,303.54733795166015,330.9999395751953,303.54733795166015,313.7440185546875,286702000
2021-10-22,316.88150252582875,341.98102747836964,312.9597017519942,335.7061462402344,172913000
2021-10-25,337.27483041969265,348.25587141010124,327.862509570771,334.13739013671875,107987000
2021-10-26,337.27486766468394,351.3933504971591,332.56870672052554,345.11846923828125,109988000
2021-10-27,345.1184788456669,349.8246399208351,330.9999956201624,338.8435974121094,95892000
2021-10-28,338.8435685441301,367.0805325894743,338.8435685441301,348.2558898925781,260832000
2021-10-29,352.9620470319476,352.9620470319476,326.29380347842266,329.4312438964844,156103100
2021-11-01,332.56864253353314,352.9620026888913,329.4312025096319,343.5496826171875,146996700
2021-11-02,356.0994874500093,356.0994874500093,320.0189226422991,329.4312438964844,403311000
2021-11-03,327.8625342890901,337.2748558476286,318.45021273055164,332.5686950683594,153317900
2021-11-04,332.56867886045904,335.7061192270671,320.01891739402663,327.8625183105469,136246700
2021-11-05,329.43121635623095,329.43121635623095,321.5876159667969,321.5876159667969,60049100
2021-11-08,324.7250760083128,324.7250760083128,312.1753146166872,318.4501953125,76056500
2021-11-09,318.45017581102326,324.7250561225705,313.7440155773628,321.5876159667969,85099500
2021-11-10,321.5876301680461,321.5876301680461,313.7440294322401,316.8814697265625,92994900
2021-11-11,316.8814502790862,321.58761043174593,313.7440101773131,320.0188903808594,55224700
2021-11-12,320.01888186072335,321.58760186984455,307.4691217877538,309.037841796875,76492300
2021-11-15,309.03785827636716,316.8814587402344,307.46913818359377,313.7440185546875,67535000
2021-11-16,315.31273864746095,323.1563391113281,312.17529846191405,313.7440185546875,149569600
2021-11-17,313.7440272739955,318.45018768310547,304.33170645577565,307.4691467285156,115301400
2021-11-18,307.4691556294759,309.0378758112589,298.05683453877765,301.19427490234375,129788800
2021-11-19,301.19424175126903,310.6065618059962,301.19424175126903,309.037841796875,112653200
2021-11-22,309.0378668648856,312.17530713762557,304.33170645577565,307.4691467285156,50336200
2021-11-23,307.4691556294759,309.0378758112589,299.6255547205607,301.19427490234375,67385400
2021-11-24,301.19427490234375,304.3317152659098,298.05683453877765,301.19427490234375,43551200
2021-11-25,304.33173403532606,304.33173403532606,285.50709069293475,288.64453125,87450900
2021-11-26,288.64452987842344,298.05685150489376,274.52604743871797,279.2322082519531,113266200
2021-11-29,279.23217221707273,290.2132126975194,274.526012011167,277.6634521484375,137028200
2021-11-30,279.232169524968,293.35065000656755,268.2511291503906,268.2511291503906,139688100
2021-12-01,271.3885609654018,277.6634409877232,263.5449609375,274.5260009765625,117386400
2021-12-02,276.09475528492646,277.663475485409,266.68243408203125,266.68243408203125,56551100
2021-12-03,268.2511291503906,274.52600936443486,266.6824090968796,268.2511291503906,29095000
2021-12-06,269.81988525390625,272.9573257801145,260.4075636752816,269.81988525390625,84250700
2021-12-07,271.3885609654018,276.09472098214286,269.8198409598214,274.5260009765625,56962500
2021-12-08,277.663449471457,282.36960963199016,268.2511291503906,268.2511291503906,86233500
2021-12-09,269.8198695028982,291.7819519042969,268.2511493313697,291.7819519042969,191417700
2021-12-10,291.7819718070652,294.91941236413044,283.9383704144022,288.64453125,72814000
2021-12-13,288.64447260169345,291.7819125212771,277.6634328831508,280.8008728027344,91842100
2021-12-14,280.8008895784791,282.36960963199016,268.2511291503906,268.2511291503906,90073500
2021-12-15,269.8198518052613,279.23217221707273,266.68241166799083,277.6634521484375,55115500
2021-12-16,277.6634521484375,282.3696123543432,269.8198518052613,277.6634521484375,58128800
2021-12-17,269.81985423603993,288.6444952292521,269.81985423603993,287.0757751464844,95007700
2021-12-20,287.07577256024894,287.07577256024894,277.6634521484375,277.6634521484375,26025700
2021-12-21,277.6634521484375,280.80089228570796,269.8198518052613,277.6634521484375,38197300
2021-12-22,279.2321975014426,282.36963792280716,272.9573166587136,276.0947570800781,46233300
2021-12-23,276.0947663063227,277.66348656942677,266.68244472769805,269.81988525390625,60505800
2021-12-24,269.81985784290794,272.9572980503836,260.40753722048095,261.97625732421875,50289900
2021-12-27,265.1137540886201,265.1137540886201,255.7014314582549,260.4075927734375,78785400
2021-12-28,260.4075247682171,265.1136848543897,252.5639246245961,254.1326446533203,80805000
2021-12-29,254.13262186171133,255.70134174974658,247.8577423095703,247.8577423095703,75257700
2021-12-30,250.9952250287577,258.83882581090637,246.28906455946847,255.70138549804688,77590500
2022-01-03,255.7013908944479,258.8388312735209,252.56395051537493,257.2701110839844,35517200
2022-01-04,255.7013908944479,263.54499184213034,254.13267070491142,257.2701110839844,45138800
2022-01-05,257.27006163778185,260.40750141385234,246.28902242153504,247.8577423095703,74405100
2022-01-06,247.85773849487305,250.99517822265625,238.44541931152344,250.99517822265625,95103100
2022-01-07,252.56394657335784,254.13266673840974,235.3080247577868,238.44546508789062,96972100
2022-01-10,238.44546508789062,252.56394657335784,238.44546508789062,238.44546508789062,132785800
2022-01-11,238.44547047334558,246.28907147575825,238.44547047334558,240.01419067382812,73765000
2022-01-12,241.58288163405197,249.4264816871056,241.58288163405197,244.72032165527344,79852300
2022-01-13,244.72034360284675,247.85778390544735,229.03314208984375,229.03314208984375,137445100
2022-01-14,229.03314927045037,241.58291087431064,222.7582684685202,240.01419067382812,123290500
2022-01-17,240.01418314894585,241.58290330024616,225.89570178724315,229.03314208984375,100100200
2022-01-18,229.03313775964685,235.30801824621253,225.895697516364,232.1705780029297,72900700
2022-01-19,235.30803910837878,235.30803910837878,227.46443780476616,233.73931884765625,54983000
2022-01-20,233.7393045927349,241.58290541799445,232.17058442768297,238.44546508789062,58358000
2022-01-21,238.44546607232863,246.289066929971,233.7393055577432,243.15162658691406,55106000
2022-01-24,243.1516176421067,244.72033775592672,227.46441650390625,227.46441650390625,152098100
2022-01-25,224.32698959240813,227.46443000628796,218.05210876464844,218.05210876464844,69060200
2022-01-26,218.05209582098598,229.03313661772629,218.05209582098598,227.46441650390625,63608900
2022-01-27,227.46440968614942,229.03312975295046,219.62080935214428,221.1895294189453,43223300
2022-01-28,224.32698599497476,227.46442635854083,221.1895456314087,225.8957061767578,40425400
2022-01-31,225.89570178724315,235.30802269504497,225.89570178724315,229.03314208984375,43026500
2022-02-02,229.03314748751063,241.5829089936756,227.46442729924001,230.60186767578125,114652100
2022-02-03,232.17058131077906,233.7393014547708,224.3269805908203,224.3269805908203,47267000
2022-02-04,225.8957061767578,229.03314654032388,222.7582658131917,225.8957061767578,25336100
2022-02-07,225.8956963900862,233.73929695918642,225.8956963900862,227.46441650390625,57994400
2022-02-08,229.03313775964685,233.73929812457112,227.46441763800544,232.1705780029297,67147900
2022-02-09,232.17058690388996,238.44546763102213,222.7582658131917,225.8957061767578,172822700
2022-02-10,225.8957061767578,230.60186672210693,224.32698599497476,225.8957061767578,58657000
2022-02-11,225.89569849167427,227.46441862008865,211.7772173359446,214.91465759277344,212485600
2022-02-14,200.79617011278197,216.48337090284306,200.79617011278197,208.6397705078125,143114000
2022-02-15,194.52128733236958,211.77720798282172,194.52128733236958,199.22744750976562,193230800
2022-02-16,186.67769517355816,207.07105683117376,186.67769517355816,192.95257568359375,220995500
2022-02-17,192.9525829608624,210.20850501427284,191.3838627741887,203.93362426757812,316238600
2022-02-18,205.50232774629367,207.07104780542568,199.22744750976562,199.22744750976562,213320600
2022-02-21,200.79617745535714,208.63977813720703,194.52129690987724,197.6587371826172,256182100
2022-02-22,196.0900170462472,203.9336177280971,194.52129690987724,197.6587371826172,137301600
2022-02-23,197.6587340376759,205.50233459472656,197.6587340376759,205.50233459472656,119063600
2022-02-24,205.50233084256533,207.071050925333,191.38385009765625,191.38385009765625,175705800
2022-02-25,194.52129795754604,214.914659840192,191.3838576679082,202.36489868164062,459269700
2022-03-01,205.5023444542518,213.3459453876202,202.36490408090447,203.93362426757812,225479300
2022-03-02,207.07106924057007,208.63978946208954,197.65874791145325,200.7961883544922,145758900
2022-03-04,200.7961875,202.36490771484375,192.95258642578125,196.09002685546875,112783100
2022-03-07,196.09002985505978,197.65875009390024,183.54026794433594,183.54026794433594,200036500
2022-03-08,183.54026629473714,188.24642696896115,174.12794494628906,174.12794494628906,227983100
2022-03-09,177.26538427734374,197.6587470703125,175.6966640625,196.09002685546875,278303100
2022-03-10,196.09002768993378,200.7961883544922,188.24642658233643,200.7961883544922,213934900
2022-03-11,202.36490771484375,202.36490771484375,194.521306640625,196.09002685546875,153245800
2022-03-14,199.2274637075571,207.0710646409255,197.65874352088343,203.93362426757812,182697800
2022-03-15,199.2274561936293,205.5023367036649,189.81513542857596,192.95257568359375,187193100
2022-03-16,202.36488762802963,210.20848792368972,194.52128733236958,199.22744750976562,484885300
2022-03-17,200.79617745535714,203.9336177280971,196.0900170462472,197.6587371826172,134153000
2022-03-18,197.6587371826172,200.79617745535714,196.0900170462472,197.6587371826172,103467900
2022-03-21,199.22744848373088,221.1895294189453,197.65872841692985,221.1895294189453,472363100
2022-03-22,222.7582550048828,227.46441532188737,213.34593437087366,222.7582550048828,333039000
2022-03-23,222.7582693854682,224.32698959240813,216.48338855770854,218.05210876464844,153403100
2022-03-24,218.0521141052246,230.60187606811522,214.91467361450194,219.62083435058594,360999700
2022-03-25,225.8956972947761,227.46441741487874,210.20849609375,210.20849609375,240912900
2022-03-28,210.20850772994885,221.18954917852827,210.20850772994885,218.05210876464844,137889900
2022-03-29,218.05208928534324,222.75824948574635,211.77720901813913,221.1895294189453,199906400
2022-03-30,222.75826673442816,230.60186767578125,219.6208263578869,230.60186767578125,318950400
2022-03-31,238.44546299764556,238.44546299764556,224.32698163594287,229.03314208984375,227310500
2022-04-01,227.46443557739258,229.03315582275388,219.62083435058594,219.62083435058594,177370900
2022-04-04,219.62083435058594,229.03315582275388,219.62083435058594,219.62083435058594,169224200
2022-04-05,221.18953715143977,232.1705780029297,219.62081702979836,232.1705780029297,196055600
2022-04-06,233.7393014547708,233.7393014547708,224.3269805908203,224.3269805908203,203756400
2022-04-07,224.3269805908203,227.46442087880382,221.1895403028368,224.3269805908203,86677900
2022-04-08,225.8957061767578,233.739307085673,224.32698599497476,225.8957061767578,208359400
2022-04-11,227.46441280140596,230.60185297797707,213.34593200683594,213.34593200683594,212119700
2022-04-12,213.3459418402778,214.91466200086808,205.5023410373264,211.7772216796875,163394700
2022-04-13,213.34593515177718,219.62081559741767,203.93361448331643,205.50233459472656,238718300
2022-04-14,207.07105042880642,213.34593074483084,205.5023303498003,208.6397705078125,166657800
2022-04-18,211.77722063931552,211.77722063931552,205.50234002778024,207.07106018066406,101350900
2022-04-19,210.20849940573524,211.77721955055415,199.2274583920028,202.36489868164062,177672700
2022-04-20,203.93361448331643,208.6397748175468,202.3648943719063,205.50233459472656,130174500
2022-04-21,203.9336198748964,211.77722063931552,203.9336198748964,207.07106018066406,138074900
2022-04-22,208.63977813720703,208.63977813720703,196.0900170462472,197.6587371826172,162366400
2022-04-25,197.6587416125882,197.6587416125882,189.81514075494582,194.52130126953125,158392200
2022-04-26,194.52129581110265,197.6587360661204,189.81513542857596,192.95257568359375,95764800
2022-04-27,192.95258109800275,196.09002144105972,188.24642058341732,194.52130126953125,157450500
2022-04-28,194.52128733236958,202.36488762802963,191.38384721410554,199.22744750976562,135316000
2022-05-09,199.22744917669218,200.79616924894958,186.6776885986328,186.6776885986328,175429700
2022-05-10,185.1089739481608,191.38385442097982,174.12793312072753,188.2464141845703,137206300
2022-05-11,188.24642058341732,200.79618195564515,186.67770041188885,194.52130126953125,130410900
2022-05-12,196.09002985505978,196.09002985505978,183.54026794433594,183.54026794433594,83445000
2022-05-13,183.5402549185404,196.09001593861151,180.4028146635226,192.95257568359375,97081300
2022-05-17,192.95257018042392,196.09001034595926,189.81513001488858,191.38385009765625,65822200
2022-05-18,191.38385442097982,194.52129465738932,186.67769406636555,188.2464141845703,69776800
2022-05-19,186.67769735585088,188.24641750169837,178.83409662661344,180.40281677246094,101526300
2022-05-20,180.40282122856746,185.10898178235618,177.265380859375,177.265380859375,170611000
2022-05-23,180.40281128465082,180.40281128465082,175.69665099026864,178.83409118652344,107151900
2022-05-24,180.40281128465082,185.10897157903304,175.69665099026864,178.83409118652344,126479600
2022-05-25,178.83411528685383,180.40283559638763,167.8530731201172,167.8530731201172,323420300
2022-05-27,169.4217939897017,172.55923461914062,163.14691273082386,172.55923461914062,184209500
2022-05-30,175.69667524857954,175.69667524857954,167.85307367498223,172.55923461914062,190633100
2022-05-31,172.55921500069755,178.83409554617745,170.99049486432756,175.6966552734375,144760300
2022-06-02,175.6966541535264,178.83409440626792,170.99049377441406,170.99049377441406,139358400
2022-06-03,170.99051430442117,177.265395563299,169.4217939897017,172.55923461914062,139132800
2022-06-06,174.12794883296175,174.12794883296175,164.71562727442327,166.2843475341797,150196000
2022-06-07,166.28434215727307,167.85306236630396,163.14690173921133,164.7156219482422,126206200
2022-06-08,164.7156376308865,174.12795978122287,164.7156376308865,169.4217987060547,182429100
2022-06-09,174.12795435825242,174.12795435825242,166.28435281058339,167.8530731201172,107145600
2022-06-10,169.4217880536925,175.69666909271814,164.71562727442327,166.2843475341797,200215500
2022-06-13,164.715620098692,166.2843402901081,155.3032989501953,155.3032989501953,281063700
2022-06-14,154.5189278986036,155.30328793869805,148.24404757784814,152.1658477783203,110826500
2022-06-15,152.16585526099573,169.4217769916241,152.16585526099573,163.1468963623047,533069300
2022-06-16,166.2843404309503,185.10898274388808,164.7156202382055,181.97154235839844,609344500
2022-06-17,181.9715358189174,181.9715358189174,174.1279351370675,175.6966552734375,204881400
2022-06-20,177.2653744085048,197.6587360661204,172.55921402597815,192.95257568359375,538974500
2022-06-21,194.52128316588323,196.09000319141452,181.9715229616327,185.1089630126953,254473500
2022-06-22,183.54025706415592,192.95257793924083,178.83409662661344,180.40281677246094,186360400
2022-06-23,180.40281128465082,188.2464117752878,177.26537108839602,178.83409118652344,159778700
2022-06-24,181.97154235839844,186.6777029366329,178.83410197290883,181.97154235839844,149157700
2022-06-27,185.10898274388808,186.6777029366329,180.40282216565365,181.97154235839844,114339200
2022-06-28,181.97154770549548,186.6777084220169,178.8341072278145,183.54026794433594,83362600
2022-06-29,185.1089772100034,185.1089772100034,180.40281677246094,180.40281677246094,56716800
2022-06-30,180.4028361927379,181.97155650745736,172.55923461914062,172.55923461914062,128578000
2022-07-01,172.55921150874167,172.55921150874167,161.5781707763672,161.5781707763672,229298200
2022-07-04,160.00944946289061,163.1468896484375,152.95020904541016,156.87200927734375,181800300
2022-07-05,158.44073056711733,166.28433109024195,158.44073056711733,161.5781707763672,130644800
2022-07-06,158.4407251395431,163.14688529220282,154.5189250123267,160.0094451904297,115514900
2022-07-07,158.44073056711733,164.71561098561705,156.87201046249243,161.5781707763672,83286500
2022-07-08,163.56315044328278,169.9151174507889,160.38716693952972,161.97515869140625,85278600
2022-07-11,161.97515869140625,165.1511421951593,160.38716693952972,161.97515869140625,45775800
2022-07-12,161.9751643208624,166.73913974206425,158.79918070672784,163.5631561279297,104426700
2022-07-13,163.5631602070119,168.32713574702197,160.38717651367188,160.38717651367188,105506400
2022-07-14,163.5631544494629,163.5631544494629,158.0051831817627,158.79917907714844,103287500
2022-07-15,158.7992067690249,176.26711951361762,158.00521073517976,171.50314331054688,357241300
2022-07-18,173.0911102294922,182.61906125129912,171.50311839252439,173.0911102294922,177886800
2022-07-19,176.26710510253906,181.0310809161212,173.09112122681765,176.26710510253906,170742200
2022-07-20,176.26710220863077,188.97103750294653,176.26710220863077,184.20706176757812,303427600
2022-07-21,184.207056194803,187.3830399222996,181.0310724673064,182.6190643310547,94295000
2022-07-22,184.20706724509216,192.14702704013922,182.61907528608273,185.79505920410156,338498100
2022-07-25,187.38304559115704,187.38304559115704,179.44308603220972,184.20706176757812,125232500
2022-07-26,185.79503997033385,192.1470071488068,184.2070481757156,188.9710235595703,203636500
2022-07-27,188.97103750294653,188.97103750294653,182.61906985578864,184.20706176757812,128209200
2022-07-28,184.20706176757812,190.559029414736,182.61906985578864,184.20706176757812,158490000
2022-07-29,184.2070750843395,187.38305913751776,174.6791229248047,174.6791229248047,131363300
2022-08-01,179.44307507966695,182.61905870939557,176.26709144993833,181.03106689453125,143485200
2022-08-02,181.03108332707333,188.9710431221204,181.03108332707333,185.79505920410156,154624000
2022-08-03,185.79503997033385,190.55901535418857,184.2070481757156,188.9710235595703,156106600
2022-08-04,190.55902390252976,206.43894256107393,190.55902390252976,200.08697509765625,544925100
2022-08-05,200.0869736089939,206.43894102515242,193.73500619283536,195.322998046875,233456300
2022-08-08,198.49898175495426,200.0869736089939,192.1470143387957,195.322998046875,94115700
2022-08-09,195.32299241863313,198.49897603519628,193.73500061035156,193.73500061035156,94194700
2022-08-10,203.26295731707316,212.79090844131096,190.5590224847561,195.322998046875,135224600
2022-08-11,200.08697928151778,203.2629630796371,195.32300358433878,196.91099548339844,205939900
2022-08-12,214.378894118012,214.378894118012,190.55901699378842,193.73500061035156,142332500
2022-08-15,193.73501032049006,195.32300220836294,190.5590265447443,192.1470184326172,88145400
2022-08-16,192.14700959858143,195.32299322831005,181.03106689453125,181.03106689453125,290272900
2022-08-18,181.03106689453125,185.7950423391242,179.44307507966695,181.03106689453125,113287400
2022-08-19,188.97103750294653,188.97103750294653,181.03107794399918,184.20706176757812,66211400
2022-08-22,185.7950480585513,188.97103178604792,179.4430806035581,182.6190643310547,143675800
2022-08-23,181.03107794399918,185.79505367936758,179.44308603220972,184.20706176757812,56536300
2022-08-24,184.20705052425987,185.7950423391242,179.44307507966695,181.03106689453125,72563800
2022-08-25,182.61906985578864,184.20706176757812,177.85509412042026,184.20706176757812,60697300
2022-08-26,185.7950423391242,185.7950423391242,181.03106689453125,181.03106689453125,48131800
2022-08-29,177.85509281664824,181.0310766169455,176.26710091649957,179.44308471679688,56606800
2022-08-30,179.44307507966695,182.61905870939557,177.85508326480263,181.03106689453125,42895100
2022-08-31,181.0310766169455,182.61906851709415,177.85509281664824,179.44308471679688,36536200
2022-09-01,181.0310709817069,181.0310709817069,176.26709542955672,177.85508728027344,43640400
2022-09-02,179.44307913099018,181.0310709817069,176.26709542955672,177.85508728027344,48517400
2022-09-05,177.85509704039978,179.4430889782605,174.67911316467837,176.26710510253906,89561900
2022-09-06,177.85510697798296,177.85510697798296,171.50313887162642,174.6791229248047,113128400
2022-09-07,174.67912744592738,176.26711951361762,168.32715917516637,171.50314331054688,103259400
2022-09-08,171.50312928895693,179.4430889782605,171.50312928895693,176.26710510253906,142444900
2022-09-09,177.85508728027344,181.0310709817069,176.26709542955672,177.85508728027344,76107800
2022-09-12,181.0310709817069,181.0310709817069,176.26709542955672,177.85508728027344,24285500
2022-09-13,177.85509704039978,179.4430889782605,174.67911316467837,176.26710510253906,66319600
2022-09-14,173.09113089821557,174.6791229248047,171.50313887162642,174.6791229248047,68862800
2022-09-15,174.67910357884,179.44307913099018,173.09111172812328,177.85508728027344,90134100
2022-09-16,177.85509704039978,179.4430889782605,173.09112122681765,176.26710510253906,72562500
2022-09-19,176.26710510253906,177.85509704039978,174.67911316467837,176.26710510253906,24791000
2022-09-20,176.26710510253906,177.85509704039978,174.67911316467837,176.26710510253906,30824600
2022-09-21,177.85510697798296,177.85510697798296,173.09113089821557,174.6791229248047,37119600
2022-09-22,174.67912744592738,176.26711951361762,166.73916710747613,171.50314331054688,128646700
2022-09-23,171.50314331054688,173.0911353782371,169.9151512428566,171.50314331054688,43456600
2022-09-26,173.09112433667454,173.09112433667454,166.7391564711085,168.3271484375,42523800
2022-09-27,168.3271315491315,168.3271315491315,161.9751643208624,163.5631561279297,102699900
2022-09-28,163.5631561279297,166.73913974206425,161.9751643208624,163.5631561279297,50847200
2022-09-29,163.56316170325644,166.73914542564978,161.97516984205978,165.15115356445312,33043300
2022-09-30,163.5631561279297,165.15114793499697,160.38717251379512,163.5631561279297,82422000
2022-10-03,163.5631544494629,163.5631544494629,157.21118728637697,158.79917907714844,125790600
2022-10-04,158.79918466700184,161.97516836034188,157.21119282033183,160.38717651367188,99346700
2022-10-05,161.97516737071746,173.0911102294922,158.79918369678182,173.0911102294922,223052600
2022-10-06,173.09110782020971,185.7950423391242,173.09110782020971,181.03106689453125,364918800
2022-10-07,182.61907285398192,182.61907285398192,174.67911316467837,176.26710510253906,78379000
2022-10-10,176.26711951361762,179.44310364899812,171.50314331054688,171.50314331054688,101704800
2022-10-11,174.67910206646002,177.85508574039565,171.50311839252439,173.0911102294922,82474600
2022-10-12,174.67911057245163,176.26710248674667,163.56316717238653,166.73915100097656,109193500
2022-10-13,165.15116982148072,171.50313789153768,161.97518578645224,169.91514587402344,87531500
2022-10-14,169.91512914804312,173.09111287043643,165.15115356445312,165.15115356445312,51453100
2022-10-17,165.15115356445312,171.50312100923978,161.97516984205978,165.15115356445312,72477400
2022-10-18,165.15116450471697,169.9151404038915,165.15116450471697,168.3271484375,52754000
2022-10-19,168.32713471858875,176.26709390342782,166.73914288162092,173.0911102294922,95169800
2022-10-20,173.0911102294922,174.67910206646002,169.91512655555655,173.0911102294922,44374600
2022-10-21,174.6791229248047,179.4430990045721,171.50313887162642,174.6791229248047,96657800
2022-10-24,174.67910901635094,184.20706041724281,174.67910901635094,179.44308471679688,138438300
2022-10-25,179.44307507966695,184.20705052425987,174.679099635074,181.03106689453125,150530900
2022-10-26,181.03106994628905,193.73500467936196,179.44307810465494,190.55902099609375,622449100
2022-10-27,192.1470071488068,193.73499894342504,184.2070481757156,188.9710235595703,235679900
2022-10-28,187.38302612304688,190.55900961665785,184.20704262943593,187.38302612304688,73141500
2022-10-31,187.383051163111,190.55903508112982,184.20706724509216,185.79505920410156,97852100
2022-11-01,185.79505088112572,196.9109940962358,185.79505088112572,192.1470184326172,283803400
2022-11-02,192.14701283772786,195.3229965209961,187.3830373128255,190.55902099609375,126010800
2022-11-03,190.55901535418857,196.9109825326615,187.38303176495208,188.9710235595703,229827100
2022-11-04,188.97102915445964,195.3229965209961,187.3830373128255,190.55902099609375,143010200
2022-11-07,190.5590265447443,193.73501032049006,188.97103465687147,192.1470184326172,93361000
2022-11-08,192.14702514648437,203.26296875,190.559033203125,198.49899291992188,350722300
2022-11-09,198.4989736962506,203.26294906496062,196.9109819066806,201.67495727539062,166823200
2022-11-10,196.91099136594744,200.08697509765625,195.322999500093,200.08697509765625,140481500
2022-11-11,203.26295622614504,211.20291545372882,201.67496438062827,208.0269317626953,274533800
2022-11-14,208.02692443367064,209.61491622324064,200.0869654858206,201.67495727539062,159626700
2022-11-15,200.08697787198153,209.61492919921875,190.5590265447443,209.61492919921875,370982800
2022-11-16,211.20291545372882,214.37889914476233,204.8509480716618,208.0269317626953,173223400
2022-11-17,208.02692443367064,208.02692443367064,201.67495727539062,201.67495727539062,89953200
2022-11-18,200.08698190542367,211.20292534461387,198.49898998553937,206.43894958496094,149066600
2022-11-21,209.6149250998426,220.7308680975615,208.0269332430256,212.79090881347656,546976700
2022-11-22,214.37891364097595,214.37891364097595,201.674978017807,203.26296997070312,218788400
2022-11-23,203.2629588293651,206.43894256107393,195.322999500093,200.08697509765625,188210500
2022-11-24,192.1470157683842,201.67496696351068,192.1470157683842,200.08697509765625,143039100
2022-11-25,200.08698486328126,201.67497680664061,196.9110009765625,198.49899291992188,51398300
2022-11-28,198.49898598410869,198.49898598410869,190.5590265447443,192.1470184326172,132759100
2022-11-29,198.49898175495426,198.49898175495426,182.6190632145579,195.322998046875,188126300
2022-11-30,195.32300903320314,198.49899291992188,190.559033203125,198.49899291992188,155933600
2022-12-01,198.49898598410869,200.08697787198153,192.1470184326172,192.1470184326172,71458300
2022-12-02,192.1470184326172,195.32300220836294,185.79505088112572,192.1470184326172,108706200
2022-12-05,193.73501181813467,193.73501181813467,179.44308471679688,179.44308471679688,148307500
2022-12-06,176.2671139440804,177.85510596159463,168.3271538565092,169.91514587402344,319467500
2022-12-07,169.9151468450373,177.85510697798296,168.32715481844818,174.6791229248047,169118800
2022-12-08,174.67910357884,179.44307913099018,168.3271361759731,177.85508728027344,105900900
2022-12-09,177.85510596159463,177.85510596159463,169.91514587402344,169.91514587402344,79580900
2022-12-12,177.85509440104167,177.85509440104167,166.73915100097656,166.73915100097656,47192900
2022-12-13,166.73916710747613,173.0911353782371,165.15117503978587,171.50314331054688,96207800
2022-12-14,173.09113089821557,174.6791229248047,169.9151468450373,174.6791229248047,82849100
2022-12-15,174.67910206646002,174.67910206646002,171.50311839252439,173.0911102294922,48007400
2022-12-16,173.0911353782371,174.67912744592738,168.32715917516637,171.50314331054688,284082300
2022-12-19,171.50312100923978,171.50312100923978,163.56316170325644,165.15115356445312,110664400
2022-12-20,165.15116982148072,171.50313789153768,158.79920175142377,169.91514587402344,185305600
2022-12-21,169.91512914804312,171.50312100923978,163.56316170325644,165.15115356445312,67432100
2022-12-22,166.73914542564978,168.32713728684644,161.97516984205978,165.15115356445312,70968400
2022-12-23,165.1511421951593,165.1511421951593,161.97515869140625,161.97515869140625,56297100
2022-12-26,161.97515869140625,163.56315044328278,160.38716693952972,161.97515869140625,19707100
2022-12-27,161.97516984205978,165.15115356445312,161.97516984205978,165.15115356445312,32667700
2022-12-28,165.15114793499697,166.73913974206425,161.9751643208624,163.5631561279297,44873900
2022-12-29,163.5631561279297,165.15114793499697,161.9751643208624,163.5631561279297,59706600
2022-12-30,163.5631561279297,166.73913974206425,163.5631561279297,163.5631561279297,29382200
2023-01-02,163.56316170325644,166.73914542564978,163.56316170325644,165.15115356445312,17469700
2023-01-03,165.15115356445312,166.73914542564978,161.97516984205978,165.15115356445312,55364300
2023-01-04,165.15116982148072,173.09112990905192,163.56317780396648,169.91514587402344,84707200
2023-01-05,169.9151233561988,171.50311516326607,163.5631561279297,163.5631561279297,93452700
2023-01-06,163.5631561279297,166.73913974206425,161.9751643208624,163.5631561279297,43363300
2023-01-09,163.56318297209563,173.0911353782371,163.56318297209563,171.50314331054688,127924200
2023-01-10,173.09112433667454,173.09112433667454,166.7391564711085,168.3271484375,40767400
2023-01-11,168.3271454132355,179.4430889782605,166.7391534753748,176.26710510253906,197667600
2023-01-12,177.85508574039565,179.44307757736348,173.0911102294922,173.0911102294922,67632800
2023-01-13,174.67912192656615,177.85510596159463,168.3271538565092,169.91514587402344,77156000
2023-01-16,169.9151512428566,173.0911353782371,169.9151512428566,171.50314331054688,15207100
2023-01-17,173.09112433667454,173.09112433667454,168.3271484375,168.3271484375,37976500
2023-01-18,169.9151404038915,171.50313237028303,166.7391564711085,168.3271484375,30042000
2023-01-19,169.9151512428566,173.0911353782371,168.32715917516637,171.50314331054688,17347300
2023-01-20,171.50313237028303,173.09112433667454,168.3271484375,168.3271484375,40120900
2023-01-24,168.3271538565092,173.09112990905192,168.3271538565092,169.91514587402344,47046600
2023-01-25,171.50313887162642,177.85510697798296,169.9151468450373,174.6791229248047,110268600
2023-01-26,176.26710220863077,190.559029414736,176.26710220863077,184.20706176757812,367630100
2023-01-27,184.207056194803,188.97103178604792,181.0310724673064,182.6190643310547,104926500
2023-01-30,185.7950480585513,187.3830399222996,179.4430806035581,182.6190643310547,46755400
2023-01-31,182.61906851709415,187.3830442175401,177.85509281664824,179.44308471679688,183616400
2023-02-01,181.03108332707333,187.383051163111,179.4430913680639,185.79505920410156,156998200
2023-02-02,187.383051163111,188.9710431221204,182.61907528608273,185.79505920410156,53034300
2023-02-03,185.79505920410156,192.14702704013922,184.20706724509216,185.79505920410156,95260100
2023-02-06,185.79505920410156,188.9710431221204,182.61907528608273,185.79505920410156,120261100
2023-02-07,185.79505920410156,188.9710431221204,184.20706724509216,185.79505920410156,87335300
2023-02-08,185.7950423391242,188.9710259688528,179.44307507966695,181.03106689453125,99154400
2023-02-09,181.03109571668836,182.61908778437862,169.9151512428566,171.50314331054688,155154400
2023-02-10,169.91514587402344,173.09112990905192,166.73916183899496,169.91514587402344,121616300
2023-02-13,169.91512655555655,176.26709390342782,168.32713471858875,173.0911102294922,121953600
2023-02-14,174.67910206646002,177.85508574039565,169.91512655555655,173.0911102294922,68915100
2023-02-15,173.09113089821557,176.26711495139384,169.9151468450373,174.6791229248047,63020900
2023-02-16,176.26711495139384,176.26711495139384,173.09113089821557,174.6791229248047,25600100
2023-02-17,174.67911316467837,177.85509704039978,171.50312928895693,176.26710510253906,28362900
2023-02-20,176.26709390342782,177.85508574039565,171.50311839252439,173.0911102294922,32242300
2023-02-21,173.09112433667454,174.67911630306602,168.3271484375,168.3271484375,46125900
2023-02-22,168.3271484375,171.50313237028303,166.7391564711085,168.3271484375,69969800
2023-02-23,168.32715917516637,171.50314331054688,166.73916710747613,171.50314331054688,25731300
2023-02-24,171.50312928895693,176.26710510253906,169.91513735109623,176.26710510253906,53548100
2023-02-27,176.26711495139384,176.26711495139384,171.50313887162642,174.6791229248047,24832800
2023-02-28,174.67912744592738,174.67912744592738,169.9151512428566,171.50314331054688,37944900
2023-03-01,171.50313789153768,173.09112990905192,168.3271538565092,169.91514587402344,29650500
2023-03-02,168.3271538565092,173.09112990905192,168.3271538565092,169.91514587402344,38383400
2023-03-03,169.91514587402344,171.50313789153768,168.3271538565092,169.91514587402344,41234000
2023-03-06,171.50311839252439,173.0911102294922,169.91512655555655,173.0911102294922,29030700
2023-03-07,174.67912744592738,174.67912744592738,171.50314331054688,171.50314331054688,23364000
2023-03-08,171.50313789153768,171.50313789153768,166.73916183899496,169.91514587402344,50720900
2023-03-09,169.9151512428566,174.67912744592738,168.32715917516637,171.50314331054688,46200300
2023-03-10,169.91514587402344,171.50313789153768,168.3271538565092,169.91514587402344,27676300
2023-03-13,169.9151233561988,169.9151233561988,160.38717251379512,163.5631561279297,125272400
2023-03-14,161.97517108917236,163.56316296259564,152.4472198486328,152.4472198486328,181604200
2023-03-15,151.65323249153468,155.62321239969003,142.12528071196184,146.0952606201172,281015800
2023-03-16,146.09525508671018,147.68324698982659,141.33127937736091,144.50726318359375,123203800
2023-03-17,146.09526502821183,148.47725304497612,142.91928100585938,142.91928100585938,108864000
2023-03-20,141.33127313818636,143.71326088770635,138.94928538866637,140.5372772216797,58554800
2023-03-21,141.3312746475303,146.09525019744706,138.94928687257195,145.30125427246094,88100800
2023-03-24,145.3012610630215,153.24122068395164,145.3012610630215,151.65322875976562,83946200
2023-03-27,151.65323249153468,152.44722847316575,146.0952606201172,146.0952606201172,49493400
2023-03-28,147.68323955634713,154.03520684909327,146.8892436447539,153.2412109375,63036600
2023-03-29,154.82921260813768,154.82921260813768,150.06523683557958,151.65322875976562,52026300
2023-03-30,151.65322811045544,152.44722406914894,147.68324831698803,149.271240234375,32665300
2023-03-31,149.271240234375,150.85923215176197,146.88925235829456,149.271240234375,30431000
2023-04-03,146.88925717603715,150.0652411149785,145.30126520656648,148.4772491455078,59037200
2023-04-04,149.27124513024316,150.85923709971382,146.88925717603715,148.4772491455078,69816900
2023-04-05,148.47723797240545,150.0652298223777,145.30125427246094,145.30125427246094,33745900
2023-04-06,143.71327149466183,145.30126344487908,139.74329161911868,141.33128356933594,66958800
2023-04-10,142.12527954444457,145.30126344487908,139.74329161911868,141.33128356933594,43599400
2023-04-11,141.33128899468318,146.88926103379993,140.53729298909505,142.91928100585938,74091100
2023-04-12,142.12528500027128,144.5072730170356,141.33128899468318,142.91928100585938,40060600
2023-04-13,142.91926497119968,143.71326088770635,140.5372772216797,140.5372772216797,50411400
2023-04-14,141.3312656018861,142.9192573502219,133.3913068602071,134.185302734375,148722200
2023-04-17,134.1853124195944,134.9793083510713,131.00932869368685,132.59732055664062,63262800
2023-04-18,131.80332462516373,134.1853124195944,131.00932869368685,132.59732055664062,44967900
2023-04-26,132.5973109860392,134.185302734375,130.2153233635355,134.185302734375,73810000
2023-04-27,133.39131721047795,138.15529282513788,132.59732127470127,134.97930908203125,74913300
2023-04-28,134.9793026086056,136.56729440400096,131.0093231201172,131.0093231201172,67797600
2023-05-02,131.00931937650122,131.80331525151033,123.86335650141935,127.83333587646484,170797300
2023-05-03,124.65734210014342,128.6273211479187,123.06935048103333,127.0393295288086,38078700
2023-05-04,125.45137519593452,128.62735937811007,124.65737915039062,124.65737915039062,39921500
2023-05-05,124.65738025343562,131.8033447265625,124.65738025343562,131.8033447265625,94214100
2023-05-08,133.3913116455078,137.36129115876696,132.59731574285598,133.3913116455078,136583600
2023-05-09,134.97930978764,140.53728136713107,131.00933008800354,137.36129760742188,129164300
2023-05-10,137.36129198576276,138.1552878931949,134.9793042634663,135.77330017089844,63495600
2023-05-11,134.9793026086056,137.36129030169863,131.0093231201172,131.0093231201172,44379200
2023-05-12,131.00932869368685,134.9793083510713,131.00932869368685,132.59732055664062,24153800
2023-05-15,132.59730019569398,133.39129600524902,126.24533371925354,127.0393295288086,83210600
2023-05-16,126.24536470758835,128.6273527209391,118.30540466308594,118.30540466308594,214923700
2023-05-17,118.30540010740431,118.30540010740431,110.36544036865234,110.36544036865234,283259100
2023-05-19,105.6014553097123,112.74741845097103,104.807459405128,111.95342254638672,191396400
2023-05-22,111.95343231640274,113.54142426415314,109.57144439477715,110.36544036865234,80462800
2023-05-23,110.36542592366536,119.89337636311849,110.36542592366536,119.09938049316406,219326100
2023-05-24,119.09938943797144,119.09938943797144,114.33541386045258,115.12940979003906,94722400
2023-05-25,115.92341062757704,118.30539851718478,112.74742677476671,114.33541870117188,47221700
2023-05-26,114.3354131134463,117.51139681104203,112.74742126464844,112.74742126464844,109353900
2023-05-29,112.7474226011847,114.33541446880702,107.98344699831775,108.7774429321289,82785100
2023-05-30,110.36543349145164,115.92340496224416,109.5714375670527,112.74742126464844,149814800
2023-05-31,113.54142142033231,115.129413328309,109.57144165039062,109.57144165039062,71854800
2023-06-05,109.57144439477715,113.54142426415314,108.77744842090195,110.36544036865234,89420900
2023-06-06,110.36543888515897,117.51140255398221,110.36543888515897,114.33541870117188,136342000
2023-06-07,115.92340496224416,116.71740088664309,111.9534253402495,112.74742126464844,125028800
2023-06-08,111.9534253402495,115.92340496224416,111.9534253402495,112.74742126464844,124195300
2023-06-09,114.33541870117188,116.71740659077962,112.74742677476671,114.33541870117188,109651300
2023-06-12,115.92339872702574,123.86335754394531,113.54141108194987,123.86335754394531,242599000
2023-06-13,124.65735429487887,129.42132961825004,124.65735429487887,126.24534606933594,306741100
2023-06-14,127.0393530722776,130.21533689908455,123.86336924547066,129.4213409423828,116283900
2023-06-15,127.8333633325662,128.62735937811007,124.65737915039062,124.65737915039062,90393300
2023-06-16,124.65734210014342,129.42131695747375,122.27535467147827,127.0393295288086,129494300
2023-06-19,127.03934832317073,132.59731981230945,127.03934832317073,130.21533203125,201525900
2023-06-20,130.21532637984666,132.59731405752677,127.0393428096065,128.62733459472656,76620800
2023-06-21,129.42135656885355,133.3913368317018,128.6273605162839,131.8033447265625,110158000
2023-06-22,132.59731981230945,132.59731981230945,128.62734017721036,130.21533203125,103837300
2023-06-23,132.2822265625,134.76251831054688,130.62869873046876,132.2822265625,83437300
2023-06-26,132.28223884630503,134.76253082467326,131.45547485351562,131.45547485351562,31368300
2023-06-27,131.45548361319084,133.93577575683594,128.14842742166402,133.93577575683594,102467800
2023-07-03,135.58930385259936,136.41606790048104,133.10901170895423,133.93577575683594,43994900
2023-07-04,134.76253576445998,143.03017599540846,133.93577174136513,141.37664794921875,187244500
2023-07-05,142.2034119723136,145.510468064693,141.37664794921875,141.37664794921875,115694500
2023-07-06,141.37665663094356,144.68371292640424,140.5498925570784,143.85694885253906,51271900
2023-07-07,143.8569400185033,144.68370404159813,139.72311990302907,141.37664794921875,75045600
2023-07-10,141.37664199016504,143.85693395490478,138.0695860371787,139.72311401367188,86918500
2023-07-11,139.72313778899436,143.85695843363916,138.06960953113645,142.20343017578125,104172900
2023-07-12,143.03019430471022,143.85695843363916,140.54990191792334,142.20343017578125,41620000
2023-07-13,142.2034119723136,146.33723208778784,140.5498839261239,141.37664794921875,117043000
2023-07-14,142.20343017578125,144.68372256256814,140.54990191792334,142.20343017578125,53273700
2023-07-17,143.03019430471022,146.33725082042605,142.20343017578125,142.20343017578125,91596600
2023-07-18,142.20340899299174,143.85693700453814,139.7231169756721,140.5498809814453,60989700
2023-07-20,140.5498839261239,142.2034119723136,140.5498839261239,141.37664794921875,43190100
2023-07-21,142.2034059784116,142.2034059784116,138.8963500254253,139.72311401367188,58848600
2023-07-24,139.72314122679887,140.54990537606986,129.80197143554688,129.80197143554688,292648900
2023-07-25,129.80197143554688,132.28226388335986,128.97520728627586,129.80197143554688,86165700
2023-07-26,131.45547485351562,133.93576683188385,130.62871086072622,131.45547485351562,110784700
2023-07-27,132.28223583366298,132.28223583366298,129.8019439117818,130.6287078857422,31577800
2023-07-28,131.45548130915716,131.45548130915716,127.32166114220253,128.97518920898438,70552100
2023-07-31,129.8019532423753,131.45548130915716,128.14842517559345,128.97518920898438,48365900
2023-08-01,126.4948971088116,127.32166114220253,114.09343660794772,118.22725677490234,275266900
2023-08-02,118.22725503855737,122.36107514480065,116.57372699606007,119.88078308105469,96959500
2023-08-03,120.70754710230334,123.1878391660493,117.40049101730872,119.88078308105469,134090600
2023-08-04,119.88077880642938,121.53430678996634,116.57372283935547,116.57372283935547,80432800
2023-08-07,117.40049563513863,120.70755185021295,116.57373158137004,119.05402374267578,82931300
2023-08-08,119.0540148146609,119.88077880642938,115.74695884758698,116.57372283935547,76325000
2023-08-09,116.57372984167648,120.70755004882812,116.57372984167648,120.70755004882812,99836800
2023-08-10,121.53431911094515,127.32166764003779,120.7075550353605,126.49490356445312,191335700
2023-08-11,127.32166114220253,130.62871727576623,125.66813307542068,128.97518920898438,108870100
2023-08-14,128.9751957912071,130.62872394237644,124.01461133769914,126.49490356445312,90340500
2023-08-15,126.49489650210819,126.49489650210819,121.53431232555492,122.36107635498047,84663700
2023-08-16,122.36106709798177,125.6681229654948,120.70753916422527,124.01459503173828,50595500
2023-08-18,124.01460559162872,125.66813366618376,123.1878415543512,124.84136962890625,121685300
2023-08-21,125.66813247268264,125.66813247268264,122.36107635498047,122.36107635498047,29601600
2023-08-22,122.36107635498047,124.01460441383156,120.70754829612939,122.36107635498047,24896100
2023-08-23,122.36109442998898,123.18785858154297,120.70756612688103,123.18785858154297,23289900
2023-08-24,123.18785287247223,123.18785287247223,120.70756053275802,121.5343246459961,19559700
2023-08-25,121.53433027843501,123.18785858154297,120.70756612688103,123.18785858154297,23318700
2023-08-28,123.18783106486003,124.0145950317383,122.36106709798177,124.01459503173828,23725800
2023-08-29,124.01460672353768,127.32166290283202,122.36107863389051,127.32166290283203,51335700
2023-08-30,128.14843171562245,128.9751957912071,124.01461133769914,126.49490356445312,57664300
2023-08-31,127.32166053153374,127.32166053153374,121.53431232555492,122.36107635498047,59392000
2023-09-01,122.36108318652981,126.49490356445312,122.36108318652981,126.49490356445312,54334200
2023-09-04,127.32166174073882,127.32166174073882,122.36107751707367,124.84136962890625,80406900
2023-09-05,124.84136962890625,125.66813366618376,124.01460559162872,124.84136962890625,34804200
2023-09-06,125.66813366618376,126.49489770346129,124.01460559162872,124.84136962890625,23335600
2023-09-07,124.84137254012258,127.3216647097939,124.01460848356548,125.66813659667969,56131500
2023-09-08,127.32166764003779,127.32166764003779,125.66813948886846,126.49490356445312,41987100
2023-09-11,126.49487915039063,133.10899047851564,125.66811523437501,132.2822265625,162808400
2023-09-12,133.10901459301905,138.06959898778996,129.80195832983847,134.76254272460938,219380800
2023-09-13,134.76253980471765,136.41606790048104,133.10901170895423,133.93577575683594,48192900
2023-09-14,134.76253980471765,136.41606790048104,133.10901170895423,133.93577575683594,64502900
2023-09-15,134.76253435688633,135.58929837134576,128.14842224121094,128.14842224121094,136035400
2023-09-18,128.14842224121094,131.45547829904862,125.66813019783265,128.14842224121094,59225000
2023-09-19,127.32167898773388,129.80197143554688,127.32167898773388,129.80197143554688,50537000
2023-09-20,129.80195551742742,134.76253980471765,128.9751914695457,133.93577575683594,75467300
2023-09-21,133.93575439453124,135.58928222656252,132.2822265625,132.2822265625,63053700
2023-09-22,132.28224475931677,133.93577281880823,130.6287166998253,133.1090087890625,47479100
2023-09-25,133.93577575683594,135.58930385259936,132.28224766107252,133.93577575683594,51565700
2023-09-26,134.76252775554414,135.58929172950454,128.9751799378214,130.6287078857422,64587400
2023-09-27,130.62869873046876,133.10899047851564,129.80193481445312,132.2822265625,38478000
2023-09-29,133.10899980762338,133.10899980762338,129.8019439117818,130.6287078857422,41522900
2023-10-02,130.62871727576623,132.2822453425481,128.14842517559345,128.97518920898438,51097000
2023-10-03,128.148428766351,128.9751928229081,124.01460848356548,125.66813659667969,110279800
2023-10-04,125.66813948886846,127.32166764003779,120.7075550353605,126.49490356445312,75618000
2023-10-05,127.32166114220253,128.14842517559345,118.22725677490234,118.22725677490234,162102200
2023-10-06,119.05402136796357,127.32166174073882,119.05402136796357,124.84136962890625,82921700
2023-10-09,125.66812690398979,132.28223884630503,124.84136291120038,131.45547485351562,95698700
2023-10-10,131.45547485351562,134.76253082467326,128.97518287514742,131.45547485351562,86036600
2023-10-11,132.2822265625,133.10899047851564,129.80193481445312,132.2822265625,36114300
2023-10-12,132.2822265625,133.10899047851564,131.4554626464844,132.2822265625,88787800
2023-10-13,132.2822265625,133.10899047851564,129.80193481445312,132.2822265625,21324900
2023-10-16,132.28223583366298,133.10899980762338,127.32165198990062,130.6287078857422,31330600
2023-10-17,130.6287166998253,133.1090087890625,130.6287166998253,133.1090087890625,34940400
2023-10-18,133.93577511724598,138.06959533691406,133.10901107331236,138.06959533691406,129785200
2023-10-19,138.06959898778996,138.8963630535851,133.93577865881423,134.76254272460938,52670400
2023-10-20,134.76252775554414,135.58929172950454,126.49488801594022,130.6287078857422,84929700
2023-10-23,130.62871428458922,133.10900632796748,127.32165822675151,128.14842224121094,30276700
2023-10-24,128.14842224121094,129.8019502701298,126.49489421229208,128.14842224121094,19647200
2023-10-25,128.97520764242083,129.80197179397481,123.18785858154297,123.18785858154297,58162100
2023-10-26,123.18785858154297,126.49491518775889,121.53433027843501,123.18785858154297,43449200
2023-10-27,123.18784038440602,124.8413684432571,120.70754829612939,122.36107635498047,37510400
2023-10-30,122.36107635498047,123.18784038440602,119.88078426670384,122.36107635498047,32738300
2023-10-31,123.1878415543512,124.84136962890625,120.70754944251861,124.84136962890625,26844200
2023-11-01,124.84138688465093,128.97520764242083,122.36109442998898,123.18785858154297,61018800
2023-11-02,123.18785858154297,125.6681510362049,120.70756612688103,123.18785858154297,52894200
2023-11-03,123.18785858154297,126.49491518775889,123.18785858154297,123.18785858154297,49256900
2023-11-06,124.01460559162872,129.8019538525714,121.53431347979614,124.84136962890625,74904000
2023-11-07,125.66813247268264,125.66813247268264,120.70754829612939,122.36107635498047,88763400
2023-11-08,122.36109442998898,124.01462273309694,120.70756612688103,123.18785858154297,45508200
2023-11-09,123.18783106486003,125.6681229654948,122.36106709798177,124.01459503173828,24619200
2023-11-10,124.0145950317383,124.84135899861654,121.53430313110353,124.01459503173828,58208300
2023-11-13,124.84136962890625,127.32166174073882,122.36107751707367,124.84136962890625,57386100
2023-11-14,124.84137254012258,126.49490065323678,124.01460848356548,125.66813659667969,23501800
2023-11-15,126.49490065323678,128.9751928229081,125.66813659667969,125.66813659667969,62304000
2023-11-16,125.66813366618376,126.49489770346129,124.01460559162872,124.84136962890625,34041800
2023-11-17,124.01462273309694,124.84138688465093,122.36109442998898,123.18785858154297,54190200
2023-11-20,124.0145950317383,125.6681229654948,123.18783106486003,124.01459503173828,13088300
2023-11-21,123.18783106486003,124.84135899861654,123.18783106486003,124.01459503173828,21305100
2023-11-22,124.01460559162872,124.84136962890625,122.36107751707367,124.84136962890625,34950000
2023-11-23,124.01460672353768,129.80195503730278,123.1878426787141,127.32166290283203,124307400
2023-11-24,127.3216647097939,128.9751928229081,124.84137254012258,125.66813659667969,55229000
2023-11-27,125.66813252135093,134.76253684855396,125.66813252135093,133.1090087890625,239656000
2023-11-28,133.10900283909444,133.93576683188385,128.97518287514742,131.45547485351562,75869200
2023-11-29,132.2822265625,133.93575439453124,129.80193481445312,132.2822265625,83809300
2023-11-30,133.10902803263087,133.10902803263087,128.97520728627586,129.80197143554688,89760300
2023-12-01,129.80195986679178,132.28225209354574,126.49490356445312,126.49490356445312,79665200
2023-12-04,127.32166290283202,129.80195503730278,126.49489885800844,127.32166290283203,42790800
2023-12-05,127.32165822675151,128.97518625567037,125.66813019783265,128.14842224121094,44500400
2023-12-06,128.14842224121094,128.97518625567037,127.32165822675151,128.14842224121094,24699200
2023-12-07,128.14843171562245,128.9751957912071,124.01461133769914,126.49490356445312,64737300
2023-12-08,126.49488693237305,126.49488693237305,123.18783106486003,124.01459503173828,154636400
2023-12-11,124.01460441383156,124.8413684432571,122.36107635498047,122.36107635498047,45447300
2023-12-12,122.36106709798177,124.84135899861654,121.53430313110353,124.01459503173828,71399000
2023-12-13,124.01460441383156,124.8413684432571,122.36107635498047,122.36107635498047,20620600
2023-12-14,124.0145950317383,124.84135899861654,123.18783106486003,124.01459503173828,28950200
2023-12-15,124.84138688465093,126.49491518775889,123.18785858154297,123.18785858154297,47036400
2023-12-18,123.18784038440602,124.8413684432571,121.53431232555492,122.36107635498047,43577000
2023-12-19,123.18785858154297,123.18785858154297,121.53433027843501,123.18785858154297,18590600
2023-12-20,123.18785858154297,124.01462273309694,122.36109442998898,123.18785858154297,29295500
2023-12-21,123.18784038440602,124.01460441383156,121.53431232555492,122.36107635498047,38713600
2023-12-22,122.36106709798177,124.84135899861654,121.53430313110353,124.01459503173828,36553400
2023-12-27,124.8413684432571,124.8413684432571,122.36107635498047,122.36107635498047,51393600
2023-12-28,123.18783106486003,126.49488693237305,122.36106709798177,124.01459503173828,87891300
2023-12-29,124.01460086598117,140.5498809814453,123.18783686020795,140.5498809814453,404425700
2024-01-02,135.5893083958844,135.5893083958844,125.66813948886846,126.49490356445312,174519700
2024-01-03,127.32166290283202,128.97519099247918,125.66813481318485,127.32166290283203,60448200
2024-01-04,126.49489421229208,129.8019502701298,126.49489421229208,128.14842224121094,42440200
2024-01-05,128.1484269476556,129.80195503730278,126.49489885800844,127.32166290283203,73120100
2024-01-08,126.49489421229208,128.97518625567037,125.66813019783265,128.14842224121094,70987300
2024-01-09,128.9751708984375,132.2822265625,128.9751708984375,132.2822265625,58595500
2024-01-10,133.10901170895423,135.58930385259936,130.62871956530913,133.93577575683594,53098800
2024-01-11,134.76254272460938,136.41607085619967,133.10901459301905,134.76254272460938,36258200
2024-01-12,134.76254560889268,136.41607377587295,133.10901744191239,135.5893096923828,38549800
2024-01-15,135.5893008782997,137.24282893779116,131.45548072957104,133.1090087890625,23819800
2024-01-16,133.10899980762338,133.93576378158377,129.8019439117818,130.6287078857422,37712700
2024-01-17,130.62871727576623,131.45548130915716,126.4948971088116,128.97518920898438,83851900
2024-01-18,128.97518920898438,129.8019532423753,126.4948971088116,128.97518920898438,44284200
2024-01-19,128.97518287514742,132.28223884630503,127.3216548895686,131.45547485351562,49283300
2024-01-22,131.45548361319084,137.24283194836275,131.45548361319084,133.93577575683594,83049100
2024-01-23,134.76252775554414,134.76252775554414,128.9751799378214,130.6287078857422,42445900
2024-01-24,130.62871086072622,131.45547485351562,128.14841888235802,131.45547485351562,20556300
2024-01-25,131.45547485351562,133.10900283909444,129.8019468679368,131.45547485351562,47772200
2024-01-26,131.45548312694996,131.45548312694996,127.32166290283202,127.32166290283203,81420800
2024-01-29,127.32165822675151,129.8019502701298,126.49489421229208,128.14842224121094,45466600
2024-01-30,128.14842517559345,131.45548130915716,124.01460500863882,128.97518920898438,44967300
2024-01-31,129.80195503730278,129.80195503730278,127.32166290283202,127.32166290283203,36571700
2024-02-01,127.32166114220253,131.45548130915716,127.32166114220253,128.97518920898438,36022100
2024-02-02,128.97520728627586,131.45549973408887,128.14844313700488,129.80197143554688,40077600
2024-02-05,129.8019532423753,133.93577340932993,128.14842517559345,128.97518920898438,66978400
2024-02-06,128.14842517559345,131.45548130915716,127.32166114220253,128.97518920898438,138395000
2024-02-07,129.8019568794652,130.6287209360223,125.66813659667969,125.66813659667969,153467700
2024-02-12,125.6681229654948,127.32165089925131,124.0145950317383,124.01459503173828,30910600
2024-02-13,124.01462273309694,124.84138688465093,119.88080197532705,123.18785858154297,82821300
2024-02-15,123.18784038440602,124.8413684432571,120.70754829612939,122.36107635498047,53272300
2024-02-16,122.36107514480065,124.01460318729795,119.88078308105469,119.88078308105469,81786000
2024-02-19,119.8807860073978,123.18784217311912,117.40049388310682,120.70755004882812,82123300
2024-02-20,124.8413684432571,126.49489650210819,119.88078426670384,122.36107635498047,97558700
2024-02-21,122.36106709798177,126.49488693237305,122.36106709798177,124.01459503173828,41779800
2024-02-22,124.01460848356548,128.148428766351,123.18784442700837,125.66813659667969,41796700
2024-02-23,125.66813366618376,127.32166174073882,124.01460559162872,124.84136962890625,11084800
2024-02-26,125.6681510362049,127.32167933931287,123.18785858154297,123.18785858154297,13135000
2024-02-27,124.01460848356548,126.49490065323678,123.18784442700837,125.66813659667969,23329400
2024-02-28,125.66813366618376,126.49489770346129,124.84136962890625,124.84136962890625,17998600
2024-02-29,125.6681510362049,126.49491518775889,123.18785858154297,123.18785858154297,24969000
2024-03-01,124.01460848356548,128.9751928229081,123.18784442700837,125.66813659667969,64759500
2024-03-04,126.49490065323678,131.45548499257941,125.66813659667969,125.66813659667969,68205300
2024-03-05,127.3216548895686,131.45547485351562,125.66812690398979,131.45547485351562,92676600
2024-03-06,131.4554626464844,132.2822265625,128.9751708984375,132.2822265625,47906700
2024-03-07,132.28226388335986,133.93579218190186,129.80197143554688,129.80197143554688,27460400
2024-03-08,130.62871086072622,132.28223884630503,128.97518287514742,131.45547485351562,34458200
2024-03-13,131.45548130915716,135.58930147611179,128.97518920898438,128.97518920898438,41995000
2024-03-14,129.80195986679178,130.62872394237644,124.8413754132838,126.49490356445312,30625100
2024-03-15,126.4949093254245,127.32167343866257,121.5343246459961,121.5343246459961,144960600
2024-03-18,122.36108037045126,127.3216647097939,120.70755225733706,125.66813659667969,103803600
2024-03-19,126.49489650210819,126.49489650210819,122.36107635498047,122.36107635498047,37625100
2024-03-20,124.01461698571029,124.01461698571029,121.5343246459961,121.5343246459961,45066700
2024-03-21,121.53433027843501,124.01462273309694,121.53433027843501,123.18785858154297,31500200
2024-03-22,123.18784038440602,124.8413684432571,121.53431232555492,122.36107635498047,43086500
2024-03-25,124.84138688465093,124.84138688465093,121.53433027843501,123.18785858154297,65836400
2024-03-26,124.01461698571029,124.01461698571029,121.5343246459961,121.5343246459961,28373200
2024-03-27,122.36107995775012,122.36107995775012,119.05402374267578,119.05402374267578,57606400
2024-03-28,119.0540148146609,120.70754279819786,116.57372283935547,116.57372283935547,43060500
2024-04-01,116.57372629207417,117.40049030833002,112.43990621079494,113.26667022705078,82071800
2024-04-02,113.26667022705078,114.92019825956248,110.78637817828326,113.26667022705078,62698300
2024-04-03,107.47933112250435,114.09344380696615,107.47933112250435,111.61315155029297,28287100
2024-04-04,112.43990621079494,115.74696227581832,111.6131421945391,113.26667022705078,38271100
2024-04-05,114.09343424330663,114.09343424330663,111.6131421945391,113.26667022705078,18237700
2024-04-16,113.26667972140842,113.26667972140842,109.1328592936198,111.61315155029297,50035900
2024-04-17,111.61315243060773,111.61315243060773,106.65256787813627,107.47933197021484,87470900
2024-04-18,100.86521375179291,109.95961827039719,100.86521375179291,105.82579803466797,44929000
2024-04-19,107.47932495117188,107.47932495117188,101.6919766845703,103.34550476074219,43176600
2024-04-22,103.34550476074219,105.825796875,100.86521264648437,103.34550476074219,22154700
2024-04-23,103.34550949835008,106.65256580229729,101.69198134637648,102.51874542236328,51735900
2024-04-24,102.51873954397733,103.3455035725578,100.03844745823595,100.8652114868164,33301600
2024-04-25,100.8652114868164,102.51873954397733,97.55815537249457,100.8652114868164,47750500
2024-04-26,100.03845593053052,101.69198412772937,96.73139953613281,96.73139953613281,20585400
2024-04-29,98.38492053222656,103.34550476074219,96.73139245605468,103.34550476074219,62328700
2024-04-30,103.34550872329594,107.47932907222777,101.69198058372321,106.6525650024414,58768900
2024-05-02,106.65255476788776,111.61313871058022,101.69197082519531,101.69197082519531,69578900
2024-05-03,103.34550301859697,105.8257950910433,101.69197497029943,104.99903106689453,63054800
2024-05-06,104.99903398752213,109.95961827039719,104.99903398752213,105.82579803466797,49060900
2024-05-07,107.47933208078578,117.40050119593523,105.82580389492753,114.09344482421875,171119700
2024-05-08,115.74696280739524,116.57372682744806,108.30608662691984,109.13285064697266,148598900
2024-05-13,108.30609617371489,115.74697301007699,108.30609617371489,114.09344482421875,57121200
2024-05-14,114.92019825956248,115.74696227581832,110.78637817828326,113.26667022705078,45109000
2024-05-15,113.26667493932388,114.09343898997588,111.61314683801987,112.43991088867188,22783600
2024-05-16,112.43990573077134,119.05401783258142,112.43990573077134,117.4004898071289,101233800
2024-05-17,118.22725677490234,121.53431290846605,117.40049274151143,118.22725677490234,58254500
2024-05-20,119.88078184530768,119.88078184530768,115.74696178167639,117.4004898071289,28511200
2024-05-21,118.22726336887904,118.22726336887904,114.92020705086844,115.7469711303711,24488900
2024-05-22,116.57372283935547,119.0540148146609,115.74695884758698,116.57372283935547,11912000
2024-05-27,116.57373158137004,119.88078779644437,116.57373158137004,119.05402374267578,32437900
2024-05-28,119.88078779644437,119.88078779644437,116.57373158137004,119.05402374267578,20088800
2024-05-29,119.05402744838169,119.88079152788434,114.92020705086844,115.7469711303711,35804500
2024-05-30,117.40050014919706,117.40050014919706,111.61315155029297,111.61315155029297,25371300
2024-05-31,111.61313552856446,124.0145950317383,111.61313552856446,124.01459503173828,86846300
2024-06-03,119.880775197347,125.6681229654948,117.40048329671225,124.01459503173828,129129900
2024-06-04,118.22726819304381,124.84138109894836,118.22726819304381,121.5343246459961,34666200
2024-06-05,121.53432166058084,122.36108575350995,114.09344482421875,114.09344482421875,35243000
2024-06-06,114.09344297136579,117.40049928937638,113.26667889186314,115.7469711303711,11871300
2024-06-07,117.40049030833002,117.40049030833002,113.26667022705078,113.26667022705078,15899800
2024-06-10,113.26667074723677,114.0934347672896,108.30608662691984,109.13285064697266,28714800
2024-06-11,109.132860154372,110.78638833852915,107.47933197021484,107.47933197021484,13555100
2024-06-12,107.47932612895966,109.13285422325134,103.34550589323044,105.82579803466797,18660200
2024-06-13,105.8258029513889,112.4399156358507,104.99903886583117,111.61315155029297,20523400
2024-06-14,112.43991349094598,112.43991349094598,104.99903686286868,106.6525650024414,19206800
2024-06-19,107.47932907222777,110.78638535137324,104.17227279308231,106.6525650024414,37533900
2024-06-20,107.47932658475989,114.09343898997588,106.65256253410789,112.43991088867188,30837100
2024-06-21,112.43990688981681,119.88078308105469,112.43990688981681,119.88078308105469,49155600
2024-06-24,119.88079641951995,123.18785287247223,118.22726819304381,121.5343246459961,47893700
2024-06-25,122.39018615516456,126.66956329345703,122.39018615516456,126.66956329345703,22153900
2024-06-26,125.81368718640559,126.66956260944235,124.10193634033203,124.10193634033203,9196400
2024-06-27,124.10195122302419,124.95782674870021,119.82257359464404,121.5343246459961,18738800
2024-06-28,122.39020017167213,123.24607569734816,118.11082254329199,121.5343246459961,57444300
2024-07-01,121.5343140738351,122.39018952505928,119.82256317138672,119.82256317138672,17482300
2024-07-02,120.6784439086914,122.39019488611966,119.82256841997729,120.6784439086914,19450500
2024-07-03,119.82256841997729,121.53431939740553,118.96669293126315,120.6784439086914,17660400
2024-07-04,120.67843691507976,125.813689549764,118.96668603685168,123.24606323242188,53778100
2024-07-05,123.24607037483378,124.1019458635479,119.82256841997729,120.6784439086914,29998700
2024-07-08,120.67843464818495,125.81368718640559,119.82255922514817,124.10193634033203,51603300
2024-07-09,124.95781411064996,124.95781411064996,121.5343123541938,123.24606323242188,25309700
2024-07-10,123.2460638552296,128.38131651586417,123.2460638552296,125.81369018554688,78937000
2024-07-11,126.66956856746802,128.38131949405542,125.8136931041743,127.52544403076172,34033200
2024-07-12,129.23719437481606,129.23719437481606,122.39019069932912,124.95781707763672,25106500
2024-07-15,125.81369253707258,127.52544345594433,121.53431523989325,124.95781707763672,19965200
2024-07-16,124.95781176336881,124.95781176336881,121.53431007122173,124.10193634033203,16713300
2024-07-17,124.10193867153592,127.52544042799208,122.39018779330785,123.24606323242188,30614000
2024-07-18,124.10194103534404,124.95781649076021,122.39019012451172,122.39019012451172,10491300
2024-07-19,123.24606497628348,123.24606497628348,118.11081226893833,119.82256317138672,33736800
2024-07-22,119.82256553155914,121.53431646772425,118.96669006347656,118.96669006347656,21544900
2024-07-23,118.96669293126315,124.95782135226202,118.96669293126315,120.6784439086914,62686600
2024-07-24,121.5343140738351,121.5343140738351,118.96668772016253,119.82256317138672,42280100
2024-07-25,119.82257359464404,121.5343246459961,118.96669806896801,121.5343246459961,30552300
2024-07-26,121.53431646772425,121.53431646772425,118.96669006347656,118.96669006347656,30737400
2024-07-29,119.82257359464404,122.39020017167213,118.96669806896801,121.5343246459961,27580200
2024-07-30,122.39019488611966,122.39019488611966,118.96669293126315,120.6784439086914,14801900
2024-07-31,121.5343140738351,121.5343140738351,118.96668772016253,119.82256317138672,27020900
2024-08-01,118.96669006347656,120.6784409996417,118.110814595394,118.96669006347656,45590000
2024-08-02,118.96668475607166,119.82256018597145,118.11080932617188,118.11080932617188,31431900
2024-08-05,116.39906193659856,117.25493739201472,106.98443192702072,111.26380920410156,126765500
2024-08-06,111.26381156980528,112.97556251703305,109.55206062257751,110.4079360961914,35025700
2024-08-07,110.4079360961914,113.83143799064695,110.4079360961914,110.4079360961914,35535900
2024-08-08,111.26381102062408,112.11968649001349,107.8403091430664,107.8403091430664,51162900
2024-08-09,108.69618225097656,110.40793315256676,107.84030680018148,108.69618225097656,41126300
2024-08-12,107.84030680018148,110.40793315256676,106.98443134938638,108.69618225097656,57920900
2024-08-13,108.69618225097656,109.55205770177166,106.98443134938638,108.69618225097656,61260200
2024-08-14,109.55206298828125,111.26381397247314,108.6961874961853,109.55206298828125,92808800
2024-08-15,109.55206298828125,111.26381397247314,108.6961874961853,109.55206298828125,58888000
2024-08-16,109.55206298828125,110.4079384803772,108.6961874961853,109.55206298828125,41286200
2024-08-19,109.55206298828125,111.26381397247314,108.6961874961853,109.55206298828125,71035600
2024-08-20,108.69618283785306,113.83143557035005,108.69618283785306,111.26380920410156,202791100
2024-08-21,112.11968704341918,113.83143799064695,109.55206062257751,110.4079360961914,138936800
2024-08-22,111.26380860336184,111.26380860336184,107.84030680018148,108.69618225097656,78316900
2024-08-23,108.6961874961853,110.4079384803772,107.84031200408936,109.55206298828125,37241800
2024-08-26,110.40793555123466,110.40793555123466,107.8403091430664,107.8403091430664,64747000
2024-08-27,108.69618944967947,108.69618944967947,105.2726874197683,106.1285629272461,108729900
2024-08-28,106.1285629272461,106.98443843472388,105.2726874197683,106.1285629272461,55279900
2024-08-29,106.12856005058914,107.84031101914702,104.41680908203125,104.41680908203125,57605500
2024-08-30,105.27268456631019,106.12856005058914,103.56093359775231,104.41680908203125,29522800
2024-09-02,104.41680672498254,107.84030858481803,103.56093126002366,105.2726821899414,131460600
2024-09-03,106.12855765490028,106.98443311985915,104.41680672498254,105.2726821899414,61540000
2024-09-04,104.41680378559208,105.27267922645758,102.70505290386106,103.56092834472656,70327400
2024-09-05,103.56092834472656,104.41680378559208,102.70505290386106,103.56092834472656,30576900
2024-09-06,104.41680908203125,106.98443553486808,103.56093359775231,104.41680908203125,90359000
2024-09-09,105.27267922645758,105.27267922645758,102.70505290386106,103.56092834472656,63909100
2024-09-10,104.41680378559208,104.41680378559208,102.70505290386106,103.56092834472656,28290100
2024-09-11,104.41680615743002,104.41680615743002,101.8491797765096,102.7050552368164,67162500
2024-09-12,103.56093069712321,103.56093069712321,101.8491797765096,102.7050552368164,55243700
2024-09-13,103.56092834472656,105.27267922645758,102.70505290386106,103.56092834472656,53159600
2024-09-17,104.41680908203125,105.27268456631019,102.70505811347336,104.41680908203125,56826200
2024-09-18,104.41680615743002,105.27268161773682,102.7050552368164,102.7050552368164,56055700
2024-09-19,103.56092834472656,104.41680378559208,102.70505290386106,103.56092834472656,27359000
2024-09-20,104.41680908203125,104.41680908203125,102.70505811347336,104.41680908203125,37388600
2024-09-23,104.41680378559208,105.27267922645758,102.70505290386106,103.56092834472656,96347500
2024-09-24,104.41680378559208,104.41680378559208,102.70505290386106,103.56092834472656,34469100
2024-09-25,104.41680615743002,106.98443253835042,101.8491797765096,102.7050552368164,418093900
2024-09-26,102.7050576089811,103.56093308905594,101.84918212890625,101.84918212890625,86263800
2024-09-27,102.70505811347336,105.27268456631019,100.99330714491548,104.41680908203125,151871100
2024-09-30,105.27268456631019,109.55206198770492,104.41680908203125,104.41680908203125,623593300
2024-10-01,104.41680615743002,105.27268161773682,101.8491797765096,102.7050552368164,328693600
2024-10-02,102.7050552368164,102.7050552368164,100.9933043162028,102.7050552368164,112836000
2024-10-03,102.7050552368164,103.56093069712321,100.9933043162028,102.7050552368164,95470500
2024-10-04,102.7050552368164,103.56093069712321,101.8491797765096,102.7050552368164,111283200
2024-10-07,103.56092954620603,108.69618225097656,101.84917864461583,108.69618225097656,596266100
2024-10-08,111.26381102062408,111.26381102062408,105.27268273489815,107.8403091430664,228354000
2024-10-09,107.84031246272663,114.68731642861403,107.84031246272663,112.11968994140625,388549400
2024-10-10,112.11968465951773,112.97556011493388,108.69618283785306,111.26380920410156,124357200
2024-10-11,111.26381444567032,112.97556543714218,110.4079389499344,112.11968994140625,109104400
2024-10-14,112.11968994140625,113.83144093287811,111.26381444567032,112.11968994140625,95671900
2024-10-15,112.11968704341918,112.97556251703305,109.55206062257751,110.4079360961914,75586500
2024-10-16,110.4079384803772,111.26381397247314,107.84031200408936,109.55206298828125,138555800
2024-10-17,109.55205829326923,111.26380920410156,109.55205829326923,111.26380920410156,44686000
2024-10-18,111.26381156980528,111.26381156980528,108.69618514896362,110.4079360961914,83591200
2024-10-21,111.2638058869735,121.53431104577105,110.4079304570737,118.11080932617188,503432000
2024-10-22,118.96668772016253,121.5343140738351,117.25493681771414,119.82256317138672,237873600
2024-10-23,124.10193733547044,124.10193733547044,115.54318303647248,118.11080932617188,114201900
2024-10-24,118.11081744254903,122.39019488611966,116.39906646512078,120.6784439086914,251707000
2024-10-25,120.6784409996417,121.53431646772425,117.25493912731143,118.96669006347656,91536100
2024-10-28,119.82257035526916,119.82257035526916,112.11969083243044,117.25494384765625,98226100
2024-10-29,118.11081345637041,118.11081345637041,112.97556069739778,113.83143615722656,57379800
2024-10-30,113.83143557035005,115.54318648118239,110.4079337486854,111.26380920410156,117663400
2024-10-31,111.2638058869735,118.11080932617188,111.2638058869735,118.11080932617188,81822700
2024-11-01,118.96669139284076,119.8225668704871,111.26381209402373,112.9755630493164,124725600
2024-11-04,113.83143557035005,114.68731102576622,107.84030738243689,111.26380920410156,164656900
2024-11-05,111.26380860336184,112.11968405415693,108.69618225097656,108.69618225097656,67124600
2024-11-06,109.55206008184524,111.26381102062408,106.98443367367699,107.8403091430664,112467300
2024-11-07,106.98443651199341,112.11968946456909,106.98443651199341,109.55206298828125,90941600
2024-11-08,110.4079384803772,111.26381397247314,108.6961874961853,109.55206298828125,48077500
2024-11-11,109.55205770177166,110.40793315256676,106.98443134938638,108.69618225097656,49597200
2024-11-12,108.69618461245582,109.55206008184524,106.98443367367699,107.8403091430664,46757600
2024-11-13,107.84030680018148,109.55205770177166,107.84030680018148,108.69618225097656,30026200
2024-11-14,108.69618461245582,109.55206008184524,104.41680726550875,107.8403091430664,122608200
2024-11-15,108.73155975341797,109.62280204647878,107.84031746035717,108.73155975341797,72975500
2024-11-18,107.84030838012694,108.73155059814452,106.0578239440918,106.94906616210938,51167500
2024-11-19,106.94906691874354,109.62279359171212,106.94906691874354,107.8403091430664,38909100
2024-11-20,111.40527725219727,111.40527725219727,105.16658172607421,106.94906616210938,108730100
2024-11-21,112.29652181485804,112.29652181485804,106.05782615847704,109.62279510498047,53740200
2024-11-22,109.62279510498047,110.51403734160633,107.84031063172876,109.62279510498047,50470900
2024-11-25,109.62279359171212,110.51403581603499,107.8403091430664,107.8403091430664,837216300
2024-11-26,108.73155136738926,109.62279359171212,106.05782469442067,107.8403091430664,170705400
2024-11-28,108.73155059814452,118.53521499633788,107.84030838012694,115.86148834228516,290410300
2024-11-29,116.75273056030272,117.6439727783203,114.07900390625,115.86148834228516,89125300
2024-12-02,115.86149667055552,118.53522351679912,112.29652754223075,116.75273895263672,97922400
2024-12-03,116.75273354373762,123.88267147007274,115.86149130294572,119.42646026611328,216583300
2024-12-04,120.3177061012323,123.88267517089844,118.53522156639923,123.88267517089844,161798700
2024-12-05,124.77392239040799,125.66516469319662,120.31771087646484,120.31771087646484,85594300
2024-12-06,120.3177081363302,128.3388886787522,119.42646585383886,126.55640411376953,183529500
2024-12-09,126.55639708275888,140.81627281039368,126.55639708275888,136.3600616455078,508658300
2024-12-10,138.14255097952994,166.66230343982,135.46882418637776,161.31484985351562,1395261200
2024-12-11,164.87981033325195,172.00974807739257,154.184903717041,160.42359924316406,1184104700
2024-12-12,161.31485273400133,177.35721377937162,158.64112589310628,174.68348693847656,1200578300
2024-12-13,174.68348685599662,175.57472913587415,163.0973372175887,164.87982177734375,562000900
2024-12-16,164.87982460622038,170.22727837723292,156.85864394970153,158.64112854003906,378289800
2024-12-17,159.53236672656786,166.66230490429155,155.07615536549054,163.0973358154297,449885400
2024-12-18,163.9885823110516,164.87982460622038,156.85864394970153,158.64112854003906,182059800
2024-12-19,154.18491571599787,156.858642578125,141.70752369273794,147.0549774169922,472839800
2024-12-20,148.83744328658773,153.29365416343168,143.489990234375,143.489990234375,158447100
2024-12-23,146.16373373394364,147.94621829167465,138.14255322415406,145.27249145507812,292926600
2024-12-24,145.2724970817566,147.94622402191163,139.92504320144653,142.59877014160156,252090200
2024-12-27,144.3812417423024,147.94621067421107,135.46881941253062,136.3600616455078,278169300
2024-12-30,136.3600572597481,148.8374481201172,134.57757285112393,148.8374481201172,362936100
2025-01-02,146.16372150718095,151.51117473305342,141.70751048562056,148.8374481201172,282849300
2025-01-03,149.7287042791193,150.61994656649503,145.27249284224075,147.0549774169922,187113000
2025-01-06,147.9462059158051,154.18490134598966,147.05496371149303,148.8374481201172,302869500
2025-01-07,148.8374550141484,149.7286972597421,147.05497052296099,147.9462127685547,85822100
2025-01-08,148.83744328658773,148.83744328658773,141.70750588363742,143.489990234375,129491400
2025-01-09,143.48999395125952,144.38123614971454,138.14254076052936,139.03378295898438,225160000
2025-01-10,139.03379550301955,147.94621829167465,139.03379550301955,145.27249145507812,108650400
2025-01-13,146.16372150718095,149.72869032442927,145.27247930286887,148.8374481201172,109457800
2025-01-14,150.61993626185827,165.77105411068425,145.2724829034491,162.20608520507812,474255800
2025-01-15,164.87981436593194,172.90099452427455,154.18490748814176,155.96739196777344,841198200
2025-01-16,156.85862957655326,159.53235621706267,150.61993408203125,150.61993408203125,216764800
2025-01-17,150.61993039887528,156.85862574084052,147.9462038237473,155.07614135742188,194817700
2025-01-20,155.96739343330685,165.77105816340043,155.07615118511652,157.7498779296875,271787500
2025-01-21,158.6411201778778,163.98857366701978,155.07615118511652,157.7498779296875,174132700
2025-01-22,157.74988486550072,159.53236944025213,155.96740029074928,156.858642578125,70124600
2025-01-23,157.74987493085035,161.3148438558413,152.4024215433639,154.18490600585938,176576200
2025-01-24,154.1849114810719,155.96739600686465,149.72870016659007,151.5111846923828,142249000
2025-01-30,151.5111835842026,159.53236389160156,151.5111835842026,159.53236389160156,169660600
2025-01-31,160.42360758913156,165.77106117543593,155.96739626721123,161.31484985351562,207270400
2025-02-03,161.31485542554535,162.2060977207141,154.18491706419528,158.64112854003906,114165600
2025-02-04,158.6411244543524,167.553547176507,158.6411244543524,163.0973358154297,263580500
2025-02-05,164.87980806891295,172.0097457151362,161.31483924580132,166.66229248046875,400976200
2025-02-06,169.33603736118496,172.00976426688788,163.98858354977912,170.22727966308594,280412900
2025-02-07,169.3360242656633,181.81341552734375,163.09732863482307,181.81341552734375,394503900
2025-02-10,181.81341700877957,194.2908083721272,178.2484480478231,183.5959014892578,405463800
2025-02-11,185.37838890438988,197.85578046526228,177.35720861525763,187.16087341308594,432995700
2025-02-12,188.9433516768722,203.2032272751267,188.9433516768722,197.85577392578125,534262200
2025-02-13,203.2032288142613,204.9857132775443,194.29080649784635,199.6382598876953,332436100
2025-02-14,199.6382598876953,204.9857132775443,190.72583757128035,199.6382598876953,306552500
2025-02-17,199.6382598876953,206.7681977408273,197.85577542441231,199.6382598876953,187442700
2025-02-18,199.6382598876953,203.2032288142613,196.07329096112935,199.6382598876953,104165200
2025-02-19,199.63826567551186,212.11565728023135,199.63826567551186,206.76820373535156,304449000
2025-02-20,208.55068528024773,208.55068528024773,197.8557783427991,203.20323181152344,180669500
2025-02-21,203.20323470543173,212.11565728023135,197.85578116055194,206.76820373535156,232563500
2025-02-24,204.98571922039164,210.33317276527143,201.42075019047178,206.76820373535156,154371600
2025-02-25,204.9857152549966,217.4631066183442,181.81341700877957,183.5959014892578,556060000
2025-02-26,183.59590295644907,190.7258409353403,177.35720722491925,185.37838745117188,214438900
2025-02-27,187.160864165335,188.94334858595724,173.79223101066822,176.46595764160156,194006300
2025-02-28,172.00975582725124,176.46596711811267,163.09733324552838,169.33602905273438,495182100
2025-03-03,175.5747333186688,185.3783986308787,172.9010064153388,180.03094482421875,371392700
2025-03-04,178.2484420622238,180.03092648284604,172.00974659004598,176.46595764160156,206199400
2025-03-05,180.03092803955076,183.59589691162108,177.35720138549803,178.24844360351562,233810500
2025-03-06,178.24845224056605,188.943359375,178.24845224056605,188.943359375,296813500
2025-03-07,188.9433549306925,190.72583941117074,183.5959014892578,183.5959014892578,189954700
2025-03-10,183.5959014892578,188.9433549306925,181.81341700877957,183.5959014892578,151745500
2025-03-11,178.2484505044755,178.2484505044755,172.90099698934125,177.35720825195312,107406900
2025-03-12,177.3571950594584,180.0309216181437,171.11849975585938,171.11849975585938,100460700
2025-03-13,172.00975434323576,172.90099659371884,165.77105858985414,167.5535430908203,91064800
2025-03-14,167.55353468624668,170.22726130358038,157.74987042268967,166.66229248046875,156006800
2025-03-17,169.33601995911263,177.3571998519127,165.77105111786815,176.46595764160156,155695600
2025-03-18,178.2484546150129,178.2484546150129,157.7498823342864,172.9010009765625,469390000
2025-03-19,172.90099698934125,180.03093500952028,169.33602797925172,177.35720825195312,252008600
2025-03-20,178.24846022199876,185.3783986308787,174.6834910175588,180.03094482421875,279192700
2025-03-21,180.03092803955076,180.03092803955076,172.00974807739257,178.24844360351562,162856400
2025-03-24,178.24844751602564,180.0309319911859,171.11850961538462,173.792236328125,123482800
2025-03-25,173.7922403435958,176.46596711811267,169.33602905273438,169.33602905273438,54800100
2025-03-26,171.11850813633419,175.5747192857179,171.11850813633419,172.00975036621094,99618800
2025-03-27,172.00974807739257,181.81341247558592,170.2272636413574,178.24844360351562,146068700
2025-04-08,153.29365697400326,160.42359450767782,151.5111725905846,155.07614135742188,146552600
2025-04-09,155.07616325046703,164.87982874331266,153.29367861540422,163.98858642578125,149733600
2025-04-10,169.33602514022436,173.792236328125,165.77105618990385,173.792236328125,161017000
2025-04-11,170.22726130358038,172.0097457151362,166.66229248046875,166.66229248046875,71919300
2025-04-14,168.44479370117188,171.11852058531747,167.55355140645668,168.44479370117188,67647700
2025-04-15,169.33603599588707,173.79224746946304,167.55355140645668,168.44479370117188,122615300
2025-04-16,168.44479089685387,170.22727545660896,164.87982177734375,164.87982177734375,41552600
2025-04-17,164.87980806891295,168.44477689202458,163.09732365735712,166.66229248046875,82454700
2025-04-21,166.66230084033722,168.4447853413034,164.87981633937105,167.5535430908203,54500100
2025-04-22,167.55354161416332,172.00975282730596,164.87981488627773,165.77105712890625,94877000
2025-04-23,167.55354861697634,168.44479089685387,163.98857949746622,164.87982177734375,85608500
2025-04-24,165.77106263207608,165.77106263207608,163.0973358154297,163.0973358154297,61954500
2025-04-25,163.0973322115951,177.35720825195312,163.0973322115951,177.35720825195312,226220100
2025-04-28,178.24844659543504,192.50832232306985,174.68347766352633,181.81341552734375,415123200
2025-04-29,185.37838445925243,185.37838445925243,180.0309310613894,181.81341552734375,82181300
2025-04-30,181.81341552734375,183.5958999932981,178.24844659543504,181.81341552734375,100358600
2025-05-02,183.5958999932981,188.94335339116114,181.81341552734375,181.81341552734375,164625800
2025-05-05,181.81341552734375,185.37838445925243,180.0309310613894,181.81341552734375,76159400
2025-05-06,183.5959014892578,185.37838596973603,181.81341700877957,183.5959014892578,78991400
2025-05-07,185.37838745117188,185.37838745117188,178.24844947228064,185.37838745117188,197132100
2025-05-08,188.30541817347208,191.23244539896646,186.35406668980914,187.32974243164062,210352000
2025-05-09,187.3297400841346,189.28109154334436,177.57298278808594,177.57298278808594,158919200
2025-05-14,180.5,182.45135135135135,176.5972972972973,180.5,106858300
2025-05-15,180.50000997690054,182.4513614361103,175.62163132887622,177.57298278808594,99472400
2025-05-16,178.54865975215517,179.52433548850576,168.79190238864942,169.767578125,167119800
2025-05-19,170.74325029240097,173.6702774402707,166.84054742857467,167.81622314453125,175048100
2025-05-20,167.81621955422793,170.7432466394761,163.91351677389704,165.8648681640625,351718500
2025-05-21,166.84054204274918,168.7918934116702,164.88919067382812,164.88919067382812,106453300
2025-05-22,164.88919944324712,170.74325386135058,164.88919944324712,169.767578125,231776300
2025-05-23,170.74325029240097,170.74325029240097,166.84054742857467,167.81622314453125,98622500
2025-05-26,167.81621587844123,169.76756722586495,161.96216183617003,163.91351318359375,140568900
2025-05-27,164.88919709368452,165.86487281613233,159.03514275899747,160.0108184814453,120074700
2025-05-28,160.0108149022232,163.91351770471644,154.1567606984833,158.05946350097656,463155900
2025-06-02,159.0351373897576,160.98648876877306,156.10811032123448,157.0837860107422,151456600
2025-06-03,158.05945803084464,158.05945803084464,152.20540402970224,155.13243103027344,153024000
2025-06-04,156.10811730587122,164.88919890432646,155.13244157270952,160.9864959716797,335154100
2025-06-05,160.98648876877306,160.98648876877306,157.0837860107422,157.0837860107422,145989900
2025-06-10,157.0837930390329,161.96217170484138,156.10811730587122,160.9864959716797,146717400
2025-06-11,161.96217346191406,162.93784920566054,160.01082197442113,161.96217346191406,112992900
2025-06-12,162.93783569335938,163.91351135619385,160.9864843676904,162.93783569335938,81620500
2025-06-13,162.93784743800308,162.93784743800308,160.010820238518,160.9864959716797,83818100
2025-06-16,160.9864906028465,160.9864906028465,158.05946350097656,158.05946350097656,49085700
2025-06-17,158.05945914132255,163.91351318359375,157.0837834676107,163.91351318359375,119027000
2025-06-18,164.88918701902836,166.8405383446973,160.9864843676904,162.93783569335938,150576000
2025-06-19,162.9378420040931,163.91351770471644,157.08378780035324,158.05946350097656,200786200
2025-06-20,159.0351318166226,160.98648312725598,154.15675354003906,154.15675354003906,191697800
2025-06-23,150.25405151367187,151.22972717285157,142.44864624023438,146.35134887695312,178046900
2025-06-24,147.3270245361328,150.25405151367187,146.35134887695312,146.35134887695312,79154600
2025-06-25,147.32702901628284,148.30270470513238,140.49729919433594,140.49729919433594,206820500
2025-06-26,140.49730448820154,148.3027102931016,140.49730448820154,143.42433166503906,148544400
2025-06-30,144.39999755859375,149.27837585449217,144.39999755859375,146.35134887695312,79052300
2025-07-01,147.3270263671875,150.25405338110514,147.3270263671875,147.3270263671875,37010800
2025-07-02,148.3027001953125,149.27837585449217,143.42432189941405,146.35134887695312,78993300
2025-07-03,147.32703814410525,147.32703814410525,144.4000108962091,145.3756866455078,46507800
2025-07-04,145.37568489280906,147.32703636788034,144.40000915527344,144.40000915527344,39982700
2025-07-07,144.40000915527344,148.30271210541596,144.40000915527344,144.40000915527344,97689000
2025-07-08,146.35136239480653,147.32703814410525,144.4000108962091,145.3756866455078,42633800
2025-07-09,146.35136112286028,153.18109130859375,144.40000964122214,153.18109130859375,194830100
2025-07-10,154.15675716400145,160.0108112335205,152.2054058074951,156.1081085205078,77257800
2025-07-11,156.10810485067248,157.08378050598918,153.18107788472236,154.15675354003906,49221900
2025-07-14,154.15676527756912,158.0594681959886,152.20541381835938,152.20541381835938,55377300
2025-07-15,152.20540929723668,158.05946350097656,150.25405789599006,158.05946350097656,84993100
2025-07-16,158.05946703654965,161.96216992634098,157.0837913141018,160.0108184814453,107497500
2025-07-17,161.96216712639347,168.79189706545824,159.0351400096514,166.84054565429688,187495500
2025-07-18,167.81622041670303,175.6216260174799,165.8648690165088,174.6459503173828,315577100
2025-07-21,175.6216302168997,188.30541462145354,175.6216302168997,185.37838745117188,453733000
2025-07-22,187.32973821650552,188.30541393638316,175.62162957797392,176.59730529785156,174852500
2025-07-23,179.52433601754612,183.4270389744493,176.59730879986873,178.5486602783203,75691400
2025-07-24,179.52432696738938,181.4756783474697,173.67027282714844,173.67027282714844,91697600
2025-07-25,173.6702746172857,177.57297741767414,173.6702746172857,174.6459503173828,51488800
2025-07-28,185.37838119115585,197.08648947691307,180.50000273875702,190.2567596435547,569377900
2025-07-29,190.2567678721163,190.2567678721163,183.4270377433737,186.35406494140625,176673200
2025-07-30,187.32972899125647,190.25675600674487,184.40270197576808,188.30540466308594,170184900
2025-07-31,188.30540540540542,192.20810810810812,180.5,180.5,214784900
2025-08-01,182.45135418873915,208.79459784165869,180.5000028070414,206.84324645996094,734949800
2025-08-04,206.8432524544852,228.30811827523368,199.03784670148576,218.55136108398438,849043400
2025-08-05,224.40540637000132,236.11351452843616,214.6486495713056,230.25946044921875,430124800
2025-08-06,228.3081090894796,238.06486588817532,220.50270365052302,230.25946044921875,214546700
2025-08-07,230.25946125231292,240.01621808503802,222.4540557861328,222.4540557861328,370951200
2025-08-08,222.45405501026218,232.21081180895789,216.60000093104475,230.25946044921875,217788100
2025-08-11,236.11352083759922,249.77298072076613,230.25946660195626,241.9675750732422,438900200
2025-08-12,245.87027516084558,251.7243293313419,230.25946403952204,232.2108154296875,269718200
2025-08-13,232.2108189900716,240.01622467041014,232.2108189900716,234.16217041015625,144302300
2025-08-14,234.16217394111573,245.8702826381715,234.16217394111573,236.113525390625,199869200
2025-08-15,240.01622948279748,241.96758094200723,228.30812072753906,228.30812072753906,127593100
2025-08-19,228.30810525383748,279.04323975469026,228.30810525383748,277.0918884277344,902869800
2025-08-20,279.0432360493545,280.99458735039894,263.432425640999,275.1405334472656,398140000
2025-08-21,280.99458735039894,282.9459386514434,271.23783084517675,275.1405334472656,246698400
2025-08-22,277.0918872070312,302.45945434570314,269.28648193359373,292.70269775390625,663869200
2025-08-25,298.55675615583147,347.34053984142486,296.60540480840774,327.8270263671875,1001966700
2025-08-26,329.77838134765625,335.63243545441935,312.21621902736683,329.77838134765625,232288900
2025-08-27,329.7783777146112,345.38918849400113,318.0702696300688,327.8270263671875,326533200
2025-08-28,327.8270335477941,333.6810877182904,321.9729793772978,331.729736328125,137148200
2025-08-29,323.9243213965458,327.8270240639741,288.79999738969144,310.2648620605469,425173900
2025-09-01,296.6054096103455,327.8270316745924,290.7513554732992,314.1675720214844,420089500
2025-09-02,320.0216298044464,331.72973821192613,316.1189270019531,316.1189270019531,272247400
2025-09-03,321.97299543633517,335.63245584878575,318.0702924613493,323.9243469238281,194190200
2025-09-04,327.8270316745924,327.8270316745924,312.21622064246895,314.1675720214844,151676400
2025-09-08,314.16758493276745,321.9729907696064,302.45947617750903,304.41082763671875,114301600
2025-09-09,298.55677669063493,316.1189400253782,298.55677669063493,306.3621826171875,179363800
2025-09-10,310.2648710363051,312.2162224264706,294.6540599149816,298.5567626953125,128293900
2025-09-11,298.5567626953125,306.36216825597427,292.70270852481616,298.5567626953125,203416000
2025-09-12,300.5081212197581,308.3135269657258,296.60541834677423,302.45947265625,94659200
2025-09-15,304.41081686580884,310.2648710363051,296.6054113051471,298.5567626953125,216295200
2025-09-16,300.5081067622103,302.45945810482203,292.70270139176324,294.654052734375,136515400
2025-09-17,294.6540727357607,300.5081271609744,277.09190946011927,288.8000183105469,308564300
2025-09-18,288.8000026003144,329.77838134765625,288.8000026003144,329.77838134765625,549241200
2025-09-19,331.7297528737999,333.68110436129285,320.02164394884227,323.9243469238281,262375500
2025-09-22,325.875692554981,339.5351527219563,318.0702867452809,337.58380126953125,229937400
2025-09-23,337.5837868233404,349.29189503686666,325.87567860981414,329.77838134765625,241525700
2025-09-24,335.6324462890625,339.5351491528888,323.92433769758355,335.6324462890625,146249600
2025-09-25,335.6324533045977,368.8054283405172,335.6324533045977,339.53515625,544844000
2025-09-26,339.5351401339756,357.09730255469844,337.58378875389525,347.3405456542969,269179000
2025-09-29,351.2432577443677,361.0000149039335,333.68109485714933,335.6324462890625,379018600
2025-09-30,337.5837831043062,341.4864857991536,325.8756750197638,327.8270263671875,139337500
2025-10-01,329.77839259908654,407.8324500189887,329.77839259908654,386.3675842285156,1454633600
2025-10-02,388.3189320830524,392.221634918058,362.95136365551633,384.4162292480469,518693500
2025-10-03,384.41623977661135,396.12434860229496,376.61083389282226,390.2702941894531,282851600
2025-10-06,394.17298997050585,398.07569284150094,384.4162327930181,386.3675842285156,262115000
2025-10-07,392.22162614302204,431.24865361993966,384.4162206476385,429.29730224609375,716270500
2025-10-08,446.8594701352327,460.5189299210258,407.8324421758237,448.8108215332031,802854700
2025-10-09,450.76217856642376,454.66488141115474,433.20001576513454,435.1513671875,284079600
2025-10-10,441.00542145459644,454.66488141115474,435.1513671875,435.1513671875,228463700
2025-10-13,417.58919568331737,441.00541226369035,411.7351415382241,413.6864929199219,192778900
2025-10-14,413.68648335471084,415.63783469128964,372.7081052865555,392.22161865234375,249336400
2025-10-15,403.929741389577,403.929741389577,370.756767459032,400.02703857421875,409304900
2025-10-16,400.02703686149755,407.8324424587951,382.4648742675781,382.4648742675781,189938700
2025-10-17,384.4162258382616,386.36757723845585,347.3405492345714,349.2919006347656,246611200
2025-10-20,355.145945945946,366.8540540540541,333.6810810810811,361.0,184667800
2025-10-21,364.9026990144149,366.8540503460428,355.1459423562755,359.04864501953125,95720100
2025-10-22,359.0486612955729,364.90271555582683,347.3405527750651,351.2432556152344,113976600
2025-10-23,351.24324105002665,362.9513490850275,341.48648435419256,343.4378356933594,212511200
2025-10-24,343.43785562680637,349.2919099840815,335.6324498171062,337.58380126953125,84866000
2025-10-27,337.583792415666,339.53514381691264,306.36216999572,316.1189270019531,242723800
2025-10-28,321.9729919433594,329.7783978086529,318.0702890107126,321.9729919433594,223197400
2025-10-29,323.924341102556,339.5351527219563,321.97298965013096,337.58380126953125,134087600
2025-10-30,337.58380477729884,339.53515625,327.8270474137931,339.53515625,79688900
2025-10-31,341.4864895611825,343.43784093010356,329.77838134765625,329.77838134765625,63932200
2025-11-03,333.6810777083687,359.04864501953125,331.7297263767408,359.04864501953125,159217900
2025-11-04,359.0486649149689,362.95136779447944,343.4378533969268,353.1946105957031,114309700
2025-11-05,347.34055973933295,355.1459655761719,343.43785682091345,355.1459655761719,56763800
2025-11-06,355.14596907818907,361.0000235135438,353.19461759973746,357.0973205566406,59013400
2025-11-07,361.00002109068225,386.36759014029775,355.14596669461713,372.7081298828125,324301200
2025-11-10,372.7081227781911,374.6594742063492,364.9027170655589,368.805419921875,131117500
2025-11-11,374.6594838627049,374.6594838627049,353.19461759973746,357.0973205566406,96290300
2025-11-12,360.99999635115915,370.75675300929856,355.1459423562755,359.04864501953125,119902300
2025-11-13,359.0486612955729,361.00001271565753,343.43784993489584,351.2432556152344,89505400
2025-11-14,351.2432577443677,353.1946091762809,333.68109485714933,335.6324462890625,120202700
2025-11-17,341.48650536170373,361.0000199538011,341.48650536170373,355.1459655761719,155556700
2025-11-18,359.0486486486487,370.7567567567568,355.145945945946,361.0,265539500
2025-11-19,366.0,368.0,360.0,368.0,51733800
2025-11-20,370.0,372.0,356.0,360.0,60710000
2025-11-21,364.0,386.0,362.0,380.0,290870100
2025-11-24,382.0,386.0,376.0,382.0,113226300
2025-11-25,392.0,408.0,386.0,390.0,294610800
2025-11-26,390.0,392.0,378.0,380.0,118035600
2025-11-27,382.0,392.0,380.0,388.0,128359900
2025-11-28,388.0,390.0,380.0,386.0,44397500
2025-12-01,386.0,388.0,376.0,376.0,49294300
2025-12-02,376.0,406.0,376.0,404.0,268377200
2025-12-03,406.0,416.0,396.0,406.0,199606200
2025-12-04,406.0,412.0,394.0,404.0,107862400
2025-12-05,402.0,414.0,398.0,400.0,124072600
2025-12-08,406.0,408.0,384.0,388.0,110041100
2025-12-09,388.0,390.0,378.0,380.0,131803800
2025-12-10,382.0,398.0,376.0,398.0,184144700
2025-12-11,400.0,454.0,398.0,426.0,734354900
2025-12-12,436.0,442.0,416.0,428.0,253692500
2025-12-15,428.0,448.0,410.0,428.0,209637400
2025-12-16,434.0,446.0,428.0,442.0,182313100
2025-12-17,448.0,448.0,410.0,410.0,252414000
2025-12-18,412.0,426.0,384.0,394.0,190442500
2025-12-19,398.0,398.0,350.0,352.0,364503500
2025-12-22,358.0,360.0,326.0,340.0,322209300
2025-12-23,340.0,354.0,330.0,330.0,254061700
2025-12-24,334.0,342.0,328.0,332.0,101810200
2025-12-29,332.0,340.0,330.0,338.0,67825900
2025-12-30,340.0,340.0,330.0,338.0,125791100
2026-01-02,342.0,348.0,338.0,346.0,90864300
2026-01-05,346.0,348.0,336.0,340.0,66783700
2026-01-06,340.0,354.0,334.0,354.0,193646400
2026-01-07,358.0,372.0,348.0,350.0,250674000
2026-01-08,352.0,360.0,340.0,340.0,139832300
2026-01-09,342.0,344.0,332.0,338.0,103608700
2026-01-12,338.0,342.0,320.0,326.0,126850400
2026-01-13,326.0,330.0,314.0,318.0,106460400
2026-01-14,318.0,326.0,316.0,324.0,67086800
2026-01-15,328.0,332.0,318.0,330.0,75551100
2026-01-19,332.0,332.0,320.0,322.0,52536300
2026-01-20,322.0,330.0,318.0,322.0,58994200
2026-01-21,320.0,320.0,306.0,314.0,102392300
2026-01-22,316.0,320.0,304.0,304.0,110590100
2026-01-23,306.0,308.0,296.0,302.0,91179600
2026-01-26,304.0,306.0,282.0,286.0,189436900
2026-01-27,286.0,308.0,284.0,304.0,106050700
2026-01-28,300.0,300.0,260.0,260.0,261165200
2026-01-29,256.0,262.0,222.0,242.0,463901600
2026-01-30,244.0,256.0,230.0,250.0,119936400
2026-02-02,250.0,252.0,214.0,214.0,241627500
2026-02-03,206.0,246.0,200.0,234.0,94986400
